season,team,arch,gap,early,rest,euro_jul_aug,euro_sept,is_mid,treat
1516,Arsenal,prior top-6,0.2735343158626417,0.19313861602719296,-0.08039569983544875,False,False,0.0,0.0
1516,Aston Villa,prior 13-20,0.20464565583670272,0.17629663291252587,-0.028349022924176844,False,False,0.0,0.0
1516,Bournemouth,promoted,-0.2296485132620872,-0.19405493184564315,0.03559358141644406,False,False,0.0,0.0
1516,Chelsea,prior top-6,-0.13596786690482388,-0.12754958225434543,0.008418284650478447,False,False,0.0,0.0
1516,Crystal Palace,prior 7-12,0.4161471430835333,0.3502983426296639,-0.0658488004538694,False,False,1.0,0.0
1516,Everton,prior 7-12,-0.2340538873952609,-0.19684063366310692,0.03721325373215398,False,False,1.0,0.0
1516,Leicester,prior 13-20,-0.6771464479654168,-0.5845961061855119,0.09255034177990486,False,False,0.0,0.0
1516,Liverpool,prior top-6,-0.2019188488011399,-0.19341684327361305,0.008502005527526828,False,False,0.0,0.0
1516,Man City,prior top-6,0.7055788911109976,0.5697450417864522,-0.13583384932454537,False,False,0.0,0.0
1516,Man United,prior top-6,-0.10152554846671977,-0.10114862051754477,0.0003769279491750016,True,False,0.0,1.0
1516,Newcastle,prior 13-20,-0.266724246184571,-0.2228801684436682,0.04384407774090285,False,False,0.0,0.0
1516,Norwich,promoted,0.43410297998814396,0.36709208524544623,-0.06701089474269772,False,False,0.0,0.0
1516,Southampton,prior 7-12,0.003302236121255491,-0.0077307236713316145,-0.011032959792587105,True,False,1.0,1.0
1516,Stoke,prior 7-12,0.0303635719645944,0.026198048595743467,-0.004165523368850933,False,False,1.0,0.0
1516,Sunderland,prior 13-20,-0.33955682708498625,-0.2827348119979918,0.05682201508699446,False,False,0.0,0.0
1516,Swansea,prior 7-12,0.35954559067345404,0.30509183993599664,-0.054453750737457396,False,False,1.0,0.0
1516,Tottenham,prior top-6,-0.19095002476249975,-0.18711855834031144,0.0038314664221883177,False,False,0.0,0.0
1516,Watford,promoted,-0.07837816385272084,-0.07094080995311092,0.0074373538996099255,False,False,0.0,0.0
1516,West Brom,prior 13-20,-0.37823950069283785,-0.3214188582941358,0.05682064239870202,False,False,0.0,0.0
1516,West Ham,prior 7-12,-0.40323645033440697,-0.34054709710057657,0.0626893532338304,True,False,1.0,1.0
1617,Arsenal,prior top-6,-0.13434137415590225,-0.1314226115655147,0.0029187625903875497,False,False,0.0,0.0
1617,Bournemouth,prior 13-20,-0.42152526516056943,-0.3423024258573633,0.07922283930320609,False,False,0.0,0.0
1617,Burnley,promoted,-0.47764529111253007,-0.4005593319326846,0.07708595917984544,False,False,0.0,0.0
1617,Chelsea,prior 7-12,-0.09727548432289436,-0.12243995303833266,-0.0251644687154383,False,False,1.0,0.0
1617,Crystal Palace,prior 13-20,0.0906548262257416,0.0751087650143557,-0.015546061211385898,False,False,0.0,0.0
1617,Everton,prior 7-12,0.27338114289644544,0.21939353745844056,-0.05398760543800485,False,False,1.0,0.0
1617,Hull,promoted,-0.06969855251126518,-0.04664594187344479,0.023052610637820388,False,False,0.0,0.0
1617,Leicester,prior top-6,0.18693829564212172,0.15589702812649955,-0.03104126751562217,False,False,0.0,0.0
1617,Liverpool,prior 7-12,0.4271524445775279,0.33045470154621714,-0.09669774303131073,False,False,1.0,0.0
1617,Man City,prior top-6,-0.03608461969413747,-0.084104494741575,-0.04801987504743753,True,False,0.0,1.0
1617,Man United,prior top-6,0.25843112811894814,0.18113823389825454,-0.0772928942206936,False,False,0.0,0.0
1617,Middlesbrough,promoted,-0.11053278787710649,-0.09127479997643184,0.019257987900674657,False,False,0.0,0.0
1617,Southampton,prior top-6,0.13316649497568947,0.09354201321280269,-0.03962448176288679,False,False,0.0,0.0
1617,Stoke,prior 7-12,-0.33502633183816455,-0.28528016902222314,0.049746162815941436,False,False,1.0,0.0
1617,Sunderland,prior 13-20,0.46282518729575745,0.40205472675781556,-0.060770460537941884,False,False,0.0,0.0
1617,Swansea,prior 7-12,-0.04348922917939721,-0.025808173599243034,0.017681055580154172,False,False,1.0,0.0
1617,Tottenham,prior top-6,0.05613774152826371,0.013634876472170357,-0.04250286505609335,False,False,0.0,0.0
1617,Watford,prior 13-20,0.21410306224216397,0.18036811925092922,-0.03373494299123474,False,False,0.0,0.0
1617,West Brom,prior 13-20,-0.0491998469730037,-0.0459257513043396,0.003274095668664094,False,False,0.0,0.0
1617,West Ham,prior 7-12,0.05439928460388066,0.0514682858773608,-0.0029309987265198623,True,False,1.0,1.0
1718,Arsenal,prior top-6,-0.21100758900380287,-0.1917582177234117,0.019249371280391163,False,False,0.0,0.0
1718,Bournemouth,prior 7-12,-0.3654022676280856,-0.2946126478150298,0.07078961981305573,False,False,1.0,0.0
1718,Brighton,promoted,-0.36111695301291646,-0.304331686765726,0.056785266247190484,False,False,0.0,0.0
1718,Burnley,prior 13-20,-0.18262470440524864,-0.15643085995822928,0.026193844447019374,False,False,0.0,0.0
1718,Chelsea,prior top-6,-0.4551412307771831,-0.41481964170405666,0.040321589073126454,False,False,0.0,0.0
1718,Crystal Palace,prior 13-20,-0.0612338770479749,-0.05014162010991043,0.011092256938064468,False,False,0.0,0.0
1718,Everton,prior 7-12,0.09460184961473614,0.08038890580105579,-0.014212943813680344,True,False,1.0,1.0
1718,Huddersfield,promoted,-0.03769072751316971,-0.034068649966797405,0.003622077546372303,False,False,0.0,0.0
1718,Leicester,prior 7-12,0.16032999762298913,0.12854216752730602,-0.03178783009568311,False,False,1.0,0.0
1718,Liverpool,prior top-6,0.36584781101268504,0.2634001408990562,-0.10244767011362883,True,False,0.0,1.0
1718,Man City,prior top-6,0.6005299413103744,0.43424404571229563,-0.16628589559807877,False,False,0.0,0.0
1718,Man United,prior top-6,0.7028624372841583,0.577876427916213,-0.12498600936794536,False,False,0.0,0.0
1718,Newcastle,promoted,0.368145665775347,0.3056979681788139,-0.0624476975965331,False,False,0.0,0.0
1718,Southampton,prior 7-12,-0.22623934588268005,-0.19764063933820006,0.028598706544479994,False,False,1.0,0.0
1718,Stoke,prior 13-20,-0.10294400175722872,-0.07566210164886238,0.027281900108366338,False,False,0.0,0.0
1718,Swansea,prior 13-20,0.06442381344313723,0.059519069711359014,-0.0049047437317782175,False,False,0.0,0.0
1718,Tottenham,prior top-6,-0.1059414325794355,-0.12424148531653456,-0.018300052737099066,False,False,0.0,0.0
1718,Watford,prior 13-20,0.22161531432477402,0.18461660773976316,-0.03699870658501086,False,False,0.0,0.0
1718,West Brom,prior 7-12,-0.24043211843221973,-0.20536577284168808,0.03506634559053166,False,False,1.0,0.0
1718,West Ham,prior 7-12,0.13668584650378088,0.1177921863215481,-0.018893660182232777,False,False,1.0,0.0
1819,Arsenal,prior top-6,-0.18978649858451452,-0.16530840640543149,0.02447809217908302,False,False,0.0,0.0
1819,Bournemouth,prior 7-12,0.06107992859218067,0.05631530721228667,-0.004764621379894002,False,False,1.0,0.0
1819,Brighton,prior 13-20,-0.03899498558945227,-0.033171884910243955,0.005823100679208312,False,False,0.0,0.0
1819,Burnley,prior 7-12,-0.1195484891743029,-0.09037210343860225,0.029176385735700652,True,False,1.0,1.0
1819,Cardiff,promoted,-0.06532793942127346,-0.04863689835692408,0.016691041064349377,False,False,0.0,0.0
1819,Chelsea,prior top-6,-0.3619150940877438,-0.3360152866674822,0.025899807420261572,False,False,0.0,0.0
1819,Crystal Palace,prior 7-12,-0.08244262421232655,-0.07670262654360722,0.005739997668719327,False,False,1.0,0.0
1819,Everton,prior 7-12,-0.4813938549468503,-0.41895329577318097,0.06244055917366929,False,False,1.0,0.0
1819,Fulham,promoted,0.23441608915468432,0.21194859370697305,-0.022467495447711275,False,False,0.0,0.0
1819,Huddersfield,prior 13-20,-0.07678846582403732,-0.06006892659231744,0.016719539231719885,False,False,0.0,0.0
1819,Leicester,prior 7-12,-0.13198449811939222,-0.12976208936207728,0.002222408757314956,False,False,1.0,0.0
1819,Liverpool,prior top-6,0.4711428264791696,0.34171969721083956,-0.12942312926833002,False,False,0.0,0.0
1819,Man City,prior top-6,0.6551328760268718,0.47008826579229773,-0.18504461023457403,False,False,0.0,0.0
1819,Man United,prior top-6,-0.37068006995310027,-0.3244520570055292,0.04622801294757107,False,False,0.0,0.0
1819,Newcastle,prior 7-12,-0.41311224737047875,-0.3502195897858605,0.06289265758461826,False,False,1.0,0.0
1819,Southampton,prior 13-20,0.10860299922644134,0.09369526490379836,-0.01490773432264298,False,False,0.0,0.0
1819,Tottenham,prior top-6,0.24375724754506867,0.18922285880019915,-0.05453438874486953,False,False,0.0,0.0
1819,Watford,prior 13-20,-0.22719640320625337,-0.1853129724476813,0.04188343075857206,False,False,0.0,0.0
1819,West Ham,prior 13-20,-0.14997061946633472,-0.11818892874482932,0.03178169072150541,False,False,0.0,0.0
1819,Wolves,promoted,0.3440213574408402,0.2681539724915008,-0.07586738494933942,False,False,0.0,0.0
1920,Arsenal,prior top-6,-0.03593063956155924,-0.03631322112644061,-0.00038258156488137074,False,False,0.0,0.0
1920,Aston Villa,promoted,-0.15479991780677968,-0.11705626016357489,0.03774365764320479,False,False,0.0,0.0
1920,Bournemouth,prior 13-20,0.2129731345038815,0.18298957688750997,-0.029983557616371517,False,False,0.0,0.0
1920,Brighton,prior 13-20,0.0560094604782447,0.05139364110831829,-0.004615819369926409,False,False,0.0,0.0
1920,Burnley,prior 13-20,-0.11279141518801244,-0.10213441552262399,0.010656999665388446,False,False,0.0,0.0
1920,Chelsea,prior top-6,0.23672715583632492,0.16819481253396906,-0.06853234330235587,False,False,0.0,0.0
1920,Crystal Palace,prior 7-12,-0.001516059566887833,-0.00031540406793236403,0.001200655498955469,False,False,1.0,0.0
1920,Everton,prior 7-12,-0.21017043673609148,-0.19064020138733143,0.019530235348760062,False,False,1.0,0.0
1920,Leicester,prior 7-12,-0.29968978252952805,-0.2757373639016328,0.023952418627895242,False,False,1.0,0.0
1920,Liverpool,prior top-6,-0.2292262443375337,-0.22588212505634933,0.003344119281184374,False,False,0.0,0.0
1920,Man City,prior top-6,0.5319265074001596,0.3943582477676842,-0.13756825963247543,False,False,0.0,0.0
1920,Man United,prior top-6,-0.22956968533420247,-0.22351101009298446,0.0060586752412179895,False,False,0.0,0.0
1920,Newcastle,prior 13-20,-0.3427988957472749,-0.2788832663064124,0.0639156294408625,False,False,0.0,0.0
1920,Norwich,promoted,0.44202934798465066,0.38262796327766835,-0.05940138470698229,False,False,0.0,0.0
1920,Sheffield United,promoted,0.12310839615966651,0.09650262837391249,-0.026605767785754027,False,False,0.0,0.0
1920,Southampton,prior 13-20,0.22635266295407824,0.18772844292437638,-0.03862422002970187,False,False,0.0,0.0
1920,Tottenham,prior top-6,-0.031383375908907406,-0.03493013074610122,-0.0035467548371938135,False,False,0.0,0.0
1920,Watford,prior 7-12,0.10213406424378667,0.08247851272132652,-0.019655551522460152,False,False,1.0,0.0
1920,West Ham,prior 7-12,0.12402556198224221,0.1148365580350626,-0.009189003947179607,False,False,1.0,0.0
1920,Wolves,prior 7-12,-0.003720872954065861,-0.032103598745584404,-0.028382725791518543,True,False,1.0,1.0
2021,Arsenal,prior 7-12,-0.058385813909130564,-0.06439999358982358,-0.006014179680693017,False,False,1.0,0.0
2021,Aston Villa,prior 13-20,0.12886194667428147,0.10375722889334936,-0.025104717780932095,False,False,0.0,0.0
2021,Brighton,prior 13-20,0.009152698560073017,-0.016124908058998688,-0.025277606619071705,False,False,0.0,0.0
2021,Burnley,prior 7-12,-0.2036696753421276,-0.16622963300521484,0.03744004233691274,False,False,1.0,0.0
2021,Chelsea,prior top-6,-0.6979576932491598,-0.6308276748286435,0.06713001842051625,False,False,0.0,0.0
2021,Crystal Palace,prior 13-20,0.2527894314181415,0.2196103471715041,-0.03317908424663737,False,False,0.0,0.0
2021,Everton,prior 7-12,0.6813084044699059,0.5674910634550251,-0.11381734101488084,False,False,1.0,0.0
2021,Fulham,promoted,-0.45767638857867254,-0.3848420192260451,0.07283436935262741,False,False,0.0,0.0
2021,Leeds,promoted,-0.024957233977347823,-0.013997956546530688,0.010959277430817135,False,False,0.0,0.0
2021,Leicester,prior top-6,-0.5832095024607523,-0.5024908531208627,0.08071864933988963,False,False,0.0,0.0
2021,Liverpool,prior top-6,0.4767157729892819,0.38036654074136567,-0.09634923224791622,False,False,0.0,0.0
2021,Man City,prior top-6,-0.49466187949445656,-0.4771041040251259,0.017557775469330662,False,False,0.0,0.0
2021,Man United,prior top-6,-0.7315893927434551,-0.6369379735330069,0.09465141921044834,False,False,0.0,0.0
2021,Newcastle,prior 13-20,-0.21778699806859708,-0.17836268571487154,0.03942431235372553,False,False,0.0,0.0
2021,Sheffield United,prior 7-12,-0.1307945488475014,-0.10011740553249675,0.03067714331500465,False,False,1.0,0.0
2021,Southampton,prior 7-12,-0.060877610598901975,-0.05136205852302946,0.009515552075872513,False,False,1.0,0.0
2021,Tottenham,prior top-6,0.528171482615405,0.4341095656418375,-0.09406191697356754,False,True,0.0,0.0
2021,West Brom,promoted,-0.3940949409259062,-0.31878918894783775,0.07530575197806842,False,False,0.0,0.0
2021,West Ham,prior 13-20,0.3332621671824022,0.2709972721684793,-0.06226489501392293,False,False,0.0,0.0
2021,Wolves,prior 7-12,-0.16061952892476153,-0.14121286501224303,0.019406663912518496,False,False,1.0,0.0
2122,Arsenal,prior 7-12,-0.2213381162409504,-0.20394134805041586,0.017396768190534546,False,False,1.0,0.0
2122,Aston Villa,prior 7-12,-0.37826556001026623,-0.3258462415513985,0.05241931845886773,False,False,1.0,0.0
2122,Brentford,promoted,0.4912887095691396,0.40140703992880766,-0.08988166964033194,False,False,0.0,0.0
2122,Brighton,prior 13-20,-0.33860815058127197,-0.2982959391847709,0.04031221139650111,False,False,0.0,0.0
2122,Burnley,prior 13-20,0.15480298888267646,0.13209909805844947,-0.02270389082422701,False,False,0.0,0.0
2122,Chelsea,prior top-6,0.4128958286492787,0.30544954798676627,-0.10744628066251244,False,False,0.0,0.0
2122,Crystal Palace,prior 13-20,0.1066413433774984,0.07013186283551753,-0.03650948054198086,False,False,0.0,0.0
2122,Everton,prior 7-12,0.19593079300515887,0.169716797378916,-0.026213995626242846,False,False,1.0,0.0
2122,Leeds,prior 7-12,-0.28481672178924133,-0.22313353447433074,0.0616831873149106,False,False,1.0,0.0
2122,Leicester,prior top-6,-0.1342029572742062,-0.1073708876706168,0.0268320696035894,False,False,0.0,0.0
2122,Liverpool,prior top-6,0.3093760764304755,0.2070544976239329,-0.1023215788065426,False,False,0.0,0.0
2122,Man City,prior top-6,0.15425333308201133,0.05682813099530152,-0.09742520208670982,False,False,0.0,0.0
2122,Man United,prior top-6,0.22511438399667133,0.18690136602316795,-0.03821301797350337,False,False,0.0,0.0
2122,Newcastle,prior 7-12,0.12565562452268025,0.10925688826206398,-0.016398736260616283,False,False,1.0,0.0
2122,Norwich,promoted,-0.05415993258673686,-0.03268352755678431,0.02147640502995255,False,False,0.0,0.0
2122,Southampton,prior 13-20,-0.20609857983527313,-0.1634442001330568,0.04265437970221632,False,False,0.0,0.0
2122,Tottenham,prior 7-12,-0.7112226971005955,-0.6215498748071937,0.08967282229340176,True,False,1.0,1.0
2122,Watford,promoted,-0.09306924565198417,-0.07061505572167714,0.022454189930307025,False,False,0.0,0.0
2122,West Ham,prior top-6,0.11495995314661284,0.08906578061787478,-0.02589417252873806,False,False,0.0,0.0
2122,Wolves,prior 13-20,0.5248162000799597,0.43771806852299516,-0.08709813155696447,False,False,0.0,0.0
2223,Arsenal,prior top-6,0.16187819766952227,0.10459984453013556,-0.0572783531393867,False,False,0.0,0.0
2223,Aston Villa,prior 13-20,-0.42508530694943175,-0.3684252573451429,0.05666004960428882,False,False,0.0,0.0
2223,Bournemouth,promoted,-0.722165928956999,-0.6032316889168756,0.11893424004012337,False,False,0.0,0.0
2223,Brentford,prior 13-20,0.1123738908961528,0.083759243860013,-0.028614647036139786,False,False,0.0,0.0
2223,Brighton,prior 7-12,-0.5435477006521103,-0.4842310548749477,0.05931664577716262,False,False,1.0,0.0
2223,Chelsea,prior top-6,-0.16619945372035433,-0.1457294364675766,0.02047001725277771,False,False,0.0,0.0
2223,Crystal Palace,prior 7-12,0.3153303357008302,0.2563373577914439,-0.05899297790938629,False,False,1.0,0.0
2223,Everton,prior 13-20,-0.04549736472306934,-0.03049636714964138,0.01500099757342796,False,False,0.0,0.0
2223,Fulham,promoted,-0.01316654906915499,-0.00273736948641512,0.01042917958273987,False,False,0.0,0.0
2223,Leeds,prior 13-20,0.2745705900443189,0.24009424943167448,-0.03447634061264442,False,False,0.0,0.0
2223,Leicester,prior 7-12,-0.3234915699130204,-0.2743743682789947,0.04911720163402575,False,False,1.0,0.0
2223,Liverpool,prior top-6,0.29999434912574513,0.24248667939705362,-0.057507669728691514,False,False,0.0,0.0
2223,Man City,prior top-6,0.6974443446928964,0.5350319169113055,-0.16241242778159087,False,False,0.0,0.0
2223,Man United,prior top-6,-0.3285787104823003,-0.29449454592510443,0.03408416455719587,False,False,0.0,0.0
2223,Newcastle,prior 7-12,-0.17052971055950775,-0.18121076621198398,-0.010681055652476228,False,False,1.0,0.0
2223,Nott'm Forest,promoted,-0.011144057764959612,-0.005714923580739643,0.005429134184219968,False,False,0.0,0.0
2223,Southampton,prior 13-20,0.20040421587925483,0.1715990385082117,-0.028805177371043142,False,False,0.0,0.0
2223,Tottenham,prior top-6,0.07144457586807544,0.047410652036008805,-0.02403392383206664,False,False,0.0,0.0
2223,West Ham,prior 7-12,-0.15810651323922173,-0.14140001513616884,0.016706498103052882,True,False,1.0,1.0
2223,Wolves,prior 7-12,0.18170209997604753,0.15473948298744336,-0.02696261698860416,False,False,1.0,0.0
2324,Arsenal,prior top-6,-0.6036190755772104,-0.5731611393035513,0.03045793627365906,False,False,0.0,0.0
2324,Aston Villa,prior 7-12,0.14676605719926303,0.11979069054440084,-0.026975366654862193,True,False,1.0,1.0
2324,Bournemouth,prior 13-20,-0.23457125431376202,-0.20601952297836254,0.028551731335399483,False,False,0.0,0.0
2324,Brentford,prior 7-12,0.04594942307438682,0.028294212078471603,-0.017655210995915216,False,False,1.0,0.0
2324,Brighton,prior top-6,0.5494008662859193,0.44991895166512447,-0.09948191462079489,False,False,0.0,0.0
2324,Burnley,promoted,-0.2547543392862859,-0.21033107031947465,0.04442326896681123,False,False,0.0,0.0
2324,Chelsea,prior 7-12,-0.25808639057887484,-0.22930127767078623,0.028785112908088578,False,False,1.0,0.0
2324,Crystal Palace,prior 7-12,0.053426648461569956,0.03288461850631019,-0.02054202995525976,False,False,1.0,0.0
2324,Everton,prior 13-20,0.32048576831133146,0.25388946614945784,-0.06659630216187365,False,False,0.0,0.0
2324,Fulham,prior 7-12,-0.11152553290636934,-0.10005266920784735,0.01147286369852199,False,False,1.0,0.0
2324,Liverpool,prior top-6,-0.20795869933793448,-0.21437721293104137,-0.006418513593106884,False,False,0.0,0.0
2324,Luton,promoted,0.11738685950678315,0.12297460056363131,0.005587741056848158,False,False,0.0,0.0
2324,Man City,prior top-6,-0.04209591583618115,-0.09424227383495047,-0.05214635799876932,False,False,0.0,0.0
2324,Man United,prior top-6,0.17129257471613135,0.14863717876834662,-0.022655395947784734,False,False,0.0,0.0
2324,Newcastle,prior top-6,0.2801577921272815,0.22251694704155486,-0.05764084508572663,False,False,0.0,0.0
2324,Nott'm Forest,prior 13-20,-0.3352219927641444,-0.2974938823816275,0.03772811038251688,False,False,0.0,0.0
2324,Sheffield United,promoted,-0.15969596070278405,-0.12198342371285936,0.03771253698992469,False,False,0.0,0.0
2324,Tottenham,prior 7-12,0.3231879851725791,0.2667610380582154,-0.05642694711436366,False,False,1.0,0.0
2324,West Ham,prior 13-20,0.3297926408779849,0.2827843590235245,-0.04700828185446039,False,False,0.0,0.0
2324,Wolves,prior 13-20,0.16008002703335517,0.13924924845983191,-0.02083077857352325,False,False,0.0,0.0
2425,Arsenal,prior top-6,0.44930782579159473,0.33388376400461645,-0.11542406178697828,False,False,0.0,0.0
2425,Aston Villa,prior top-6,0.5183774583686864,0.42080539825994356,-0.09757206010874289,False,False,0.0,0.0
2425,Bournemouth,prior 7-12,0.11235113789131038,0.07459761086188262,-0.037753527029427754,False,False,1.0,0.0
2425,Brentford,prior 13-20,-0.5483745385490766,-0.4665673185538,0.0818072199952766,False,False,0.0,0.0
2425,Brighton,prior 7-12,0.23002348105063175,0.17779147096940404,-0.052232010081227714,False,False,1.0,0.0
2425,Chelsea,prior top-6,0.38530198744456357,0.30175252270079583,-0.08354946474376776,True,False,0.0,1.0
2425,Crystal Palace,prior 7-12,-0.6155578784317757,-0.5275946120080245,0.08796326642375114,False,False,1.0,0.0
2425,Everton,prior 13-20,0.004535122908238385,-0.008362975337242637,-0.012898098245481021,False,False,0.0,0.0
2425,Fulham,prior 13-20,0.1147232083651682,0.0739460087783857,-0.0407771995867825,False,False,0.0,0.0
2425,Ipswich,promoted,-0.038347417417437524,-0.017361915136238155,0.020985502281199372,False,False,0.0,0.0
2425,Leicester,promoted,0.1413437847871023,0.1359339965774868,-0.0054097882096154765,False,False,0.0,0.0
2425,Liverpool,prior top-6,-0.002018357293993349,-0.048849815332628554,-0.046831458038635206,False,False,0.0,0.0
2425,Man City,prior top-6,0.25312505298480653,0.19046246468860883,-0.06266258829619768,False,False,0.0,0.0
2425,Man United,prior 7-12,0.441093201276681,0.36411955845413685,-0.07697364282254415,False,False,1.0,0.0
2425,Newcastle,prior 7-12,-0.7939611659229594,-0.6860674411568031,0.1078937247661563,False,False,1.0,0.0
2425,Nott'm Forest,prior 13-20,-0.06033957607195628,-0.06254974953169333,-0.00221017345973705,False,False,0.0,0.0
2425,Southampton,promoted,0.34933359094660116,0.3192451381648981,-0.030088452781703072,False,False,0.0,0.0
2425,Tottenham,prior top-6,1.196401433540315,1.0115282606651521,-0.1848731728751629,False,False,0.0,0.0
2425,West Ham,prior 7-12,-0.02934533838298633,-0.021753543584880075,0.007591794798106254,False,False,1.0,0.0
2425,Wolves,prior 13-20,0.15017452178699792,0.11710156338088218,-0.03307295840611575,False,False,0.0,0.0
2526,Arsenal,prior top-6,-0.27063864491839307,-0.2787389755691201,-0.008100330650727045,False,False,0.0,0.0
2526,Aston Villa,prior top-6,-0.7691746339312386,-0.6545457825768258,0.11462885135441278,False,False,0.0,0.0
2526,Bournemouth,prior 7-12,-0.3830458580408762,-0.3348154098090646,0.048230448231811586,False,False,1.0,0.0
2526,Brentford,prior 7-12,-0.44287872856628424,-0.38326545582899546,0.05961327273728877,False,False,1.0,0.0
2526,Brighton,prior 7-12,-0.08676026774085768,-0.08800854339777664,-0.0012482756569189637,False,False,1.0,0.0
2526,Burnley,promoted,-0.12695873626370613,-0.0919475452634194,0.035011191000286726,False,False,0.0,0.0
2526,Chelsea,prior top-6,-0.023978001497679594,-0.025797210337191494,-0.0018192088395119002,False,False,0.0,0.0
2526,Crystal Palace,prior 7-12,0.45090118978205057,0.3722308200802584,-0.07867036970179218,True,False,1.0,1.0
2526,Everton,prior 13-20,0.04602891034571515,0.03510036392805669,-0.01092854641765846,False,False,0.0,0.0
2526,Fulham,prior 7-12,0.0010547077231089289,-0.0015871798268693449,-0.0026418875499782737,False,False,1.0,0.0
2526,Leeds,promoted,-0.47714022517452914,-0.412939791939146,0.06420043323538317,False,False,0.0,0.0
2526,Liverpool,prior top-6,-0.10461536516664394,-0.1033387545237155,0.0012766106429284302,False,False,0.0,0.0
2526,Man City,prior top-6,0.0226868866363752,-0.010271636537468432,-0.03295852317384363,False,False,0.0,0.0
2526,Man United,prior 13-20,-0.1354672874013174,-0.13594209416777198,-0.0004748067664545885,False,False,0.0,0.0
2526,Newcastle,prior top-6,-0.497162750530939,-0.42782766621175156,0.06933508431918743,False,False,0.0,0.0
2526,Nott'm Forest,prior 7-12,-0.2611845812482003,-0.2196450087604721,0.04153957248772824,False,False,1.0,0.0
2526,Sunderland,promoted,-0.19050750682230452,-0.16229922896648216,0.02820827785582236,False,False,0.0,0.0
2526,Tottenham,prior 13-20,-0.20086161055494087,-0.17703552906438344,0.023826081490557417,False,False,0.0,0.0
2526,West Ham,prior 13-20,-0.5428163683080565,-0.45364672054921157,0.08916964775884485,False,False,0.0,0.0
2526,Wolves,prior 13-20,-0.06344222105884065,-0.04938314675619371,0.01405907430264694,False,False,0.0,0.0
