player,pos,team,cost,own,gw,mean,solio,blended,src,sd,defcon_ev,cs_ev,p5,median,p95
Mbeumo,MID,Man United,8.0,25.8,1,7.728,5.96,6.844,blend(w_ours=0.5),6.027,0.014,0.444,2.0,6.627,19.344
Haaland,FWD,Man City,15.5,73.5,1,7.685,6.68,7.182,blend(w_ours=0.5),5.893,0.001,0.0,2.0,7.353,18.06
B.Fernandes,MID,Man United,12.0,48.1,1,7.597,6.87,7.234,blend(w_ours=0.5),5.636,0.243,0.427,2.0,6.627,18.344
Gabriel,DEF,Arsenal,8.0,27.0,1,6.329,5.7,6.015,blend(w_ours=0.5),4.147,0.941,2.239,1.0,6.358,15.254
Amad,MID,Man United,6.0,1.7,1,6.179,,6.179,model,5.227,0.143,0.4,0.0,5.0,15.717
Gvardiol,DEF,Man City,5.5,13.7,1,5.528,,5.528,model,4.401,0.552,1.589,0.0,5.358,14.254
Calafiori,DEF,Arsenal,5.5,17.8,1,5.482,4.59,5.036,blend(w_ours=0.5),4.555,0.297,1.971,0.0,6.358,13.254
Mosquera,DEF,Arsenal,5.5,14.1,1,5.43,5.26,5.345,blend(w_ours=0.5),3.516,0.835,2.205,1.0,6.358,10.896
Cunha,MID,Man United,8.0,12.3,1,5.402,4.57,4.986,blend(w_ours=0.5),5.553,0.101,0.338,0.0,3.0,15.717
Semenyo,MID,Man City,8.5,27.1,1,5.393,5.29,5.342,blend(w_ours=0.5),4.563,0.082,0.36,2.0,3.0,14.717
Foden,MID,Man City,7.0,6.3,1,5.392,,5.392,model,4.713,0.08,0.334,0.0,3.0,14.717
Thiago,FWD,Brentford,8.0,16.0,1,5.361,4.61,4.985,blend(w_ours=0.5),4.373,0.024,0.0,1.0,2.0,12.707
Dalot,DEF,Man United,5.0,3.1,1,5.323,,5.323,model,4.027,0.269,1.836,0.0,5.627,13.254
Maguire,DEF,Man United,5.0,9.8,1,5.293,4.55,4.922,blend(w_ours=0.5),3.909,0.67,1.777,0.0,4.0,13.254
Palmer,MID,Chelsea,9.5,11.2,1,5.269,5.47,5.369,blend(w_ours=0.5),4.615,0.053,0.255,0.0,3.0,14.717
White,DEF,Arsenal,5.5,1.0,1,5.149,5.48,5.315,blend(w_ours=0.5),3.873,0.242,2.083,0.0,5.627,13.254
Ballard,DEF,Sunderland,5.0,4.4,1,5.138,4.47,4.804,blend(w_ours=0.5),3.471,1.26,1.543,0.0,4.0,10.896
Tzolis,MID,Arsenal,6.5,3.9,1,5.102,5.29,5.196,blend(w_ours=0.5),5.855,0.263,0.52,0.0,3.0,15.717
Schade,MID,Brentford,6.0,1.9,1,5.069,,5.069,model,4.53,0.037,0.303,0.0,3.0,14.717
Havertz,FWD,Arsenal,7.5,3.4,1,5.05,4.72,4.885,blend(w_ours=0.5),5.032,0.012,0.0,0.0,2.0,12.707
O'Reilly,DEF,Man City,6.5,22.2,1,4.994,4.4,4.697,blend(w_ours=0.5),4.799,0.186,1.374,0.0,4.0,13.268
O.Dango,MID,Brentford,6.5,1.4,1,4.977,4.46,4.719,blend(w_ours=0.5),4.481,0.105,0.295,0.0,3.0,14.717
Guéhi,DEF,Man City,6.0,22.8,1,4.912,,4.912,model,4.071,0.723,1.46,0.0,4.0,13.254
Ødegaard,MID,Arsenal,6.5,2.9,1,4.901,4.75,4.825,blend(w_ours=0.5),3.999,0.099,0.505,0.0,3.0,12.985
Collins,DEF,Brentford,5.5,2.1,1,4.895,,4.895,model,3.439,1.138,1.398,0.0,4.0,10.896
Tarkowski,DEF,Everton,6.0,9.7,1,4.86,4.41,4.635,blend(w_ours=0.5),3.231,1.211,1.47,1.0,4.0,9.985
Shaw,DEF,Man United,4.5,24.2,1,4.799,,4.799,model,3.524,0.336,1.854,1.0,4.627,11.254
Anderson,MID,Man City,6.5,11.2,1,4.797,4.39,4.593,blend(w_ours=0.5),3.105,1.185,0.355,2.0,4.0,11.254
Tielemans,MID,Man United,6.0,1.6,1,4.767,,4.767,model,3.74,0.429,0.41,0.0,3.0,11.985
Isak,FWD,Liverpool,9.0,13.6,1,4.721,5.33,5.026,blend(w_ours=0.5),4.04,0.005,0.0,0.0,2.0,12.707
Gakpo,MID,Liverpool,7.0,3.3,1,4.634,,4.634,model,4.112,0.006,0.237,0.0,2.5,12.985
Lacroix,DEF,Chelsea,6.0,11.3,1,4.599,,4.599,model,3.242,1.307,1.072,1.0,4.0,10.896
Wirtz,MID,Liverpool,7.5,14.5,1,4.523,4.5,4.511,blend(w_ours=0.5),3.971,0.059,0.259,1.0,3.0,11.985
Saka,MID,Arsenal,9.5,10.6,1,4.52,,4.52,model,4.416,0.011,0.416,0.0,3.0,12.985
Virgil,DEF,Liverpool,6.5,16.8,1,4.494,,4.494,model,3.466,1.026,1.127,0.0,4.0,10.896
Andrey Santos,MID,Man United,5.0,1.3,1,4.456,,4.456,model,4.019,0.259,0.404,0.0,3.0,12.985
E.Le Fée,MID,Sunderland,6.0,12.8,1,4.455,4.45,4.453,blend(w_ours=0.5),3.483,0.421,0.343,2.0,3.0,11.358
Szoboszlai,MID,Liverpool,7.0,43.2,1,4.455,4.69,4.572,blend(w_ours=0.5),3.664,0.327,0.246,2.0,3.0,11.358
João Pedro,FWD,Chelsea,7.5,55.9,1,4.384,5.03,4.707,blend(w_ours=0.5),3.85,0.001,0.0,1.0,2.0,12.707
Canvot,DEF,Crystal Palace,5.0,0.6,1,4.373,,4.373,model,3.227,1.17,1.233,0.0,4.0,9.896
Murillo,DEF,Nott'm Forest,5.5,0.7,1,4.345,,4.345,model,2.973,1.137,1.339,0.0,4.0,8.358
Eze,MID,Arsenal,6.5,3.0,1,4.303,,4.303,model,4.859,0.015,0.371,0.0,3.0,14.717
Gibbs-White,MID,Nott'm Forest,8.0,11.6,1,4.291,5.18,4.735,blend(w_ours=0.5),3.792,0.019,0.309,2.0,2.0,11.985
Richards,DEF,Crystal Palace,5.0,0.8,1,4.281,,4.281,model,3.123,1.063,1.21,0.0,4.0,8.896
Hincapie,DEF,Arsenal,5.5,3.9,1,4.276,,4.276,model,3.922,0.533,1.716,0.0,4.0,10.896
Raya,GK,Arsenal,6.0,31.1,1,4.273,4.38,4.326,blend(w_ours=0.5),2.592,0.0,2.39,1.0,5.51,6.51
N.Williams,DEF,Nott'm Forest,5.0,11.9,1,4.25,4.41,4.33,blend(w_ours=0.5),3.309,0.508,1.39,0.0,3.814,9.985
Sarr,MID,Crystal Palace,6.5,7.8,1,4.249,,4.249,model,3.915,0.037,0.269,0.0,2.0,11.985
Wieffer,DEF,Brighton,5.0,0.3,1,4.242,,4.242,model,3.785,1.034,1.117,0.0,4.0,10.896
Gyökeres,FWD,Arsenal,7.5,13.0,1,4.23,,4.23,model,4.743,0.0,0.0,0.0,2.0,12.707
Ngumoha,MID,Liverpool,6.0,1.4,1,4.222,,4.222,model,3.948,0.029,0.219,1.0,2.0,11.985
Milenković,DEF,Nott'm Forest,5.5,2.3,1,4.213,,4.213,model,2.981,0.849,1.351,1.0,4.0,8.896
Vuskovic,DEF,Brighton,5.0,2.6,1,4.187,,4.187,model,3.579,0.613,1.383,0.0,3.0,8.896
Ajer,DEF,Brentford,4.5,1.8,1,4.178,,4.178,model,3.185,0.869,1.293,0.0,4.0,8.896
Khusanov,DEF,Man City,5.5,2.0,1,4.15,,4.15,model,3.351,0.505,1.444,0.0,3.0,9.896
Rice,MID,Arsenal,7.5,21.7,1,4.141,,4.141,model,3.286,0.227,0.492,0.0,3.0,10.254
Branthwaite,DEF,Everton,5.5,1.9,1,4.136,,4.136,model,3.081,0.765,1.425,0.0,4.0,8.358
Hume,DEF,Sunderland,4.5,4.9,1,4.135,,4.135,model,3.247,0.285,1.556,0.0,3.0,9.896
Diomande,DEF,Nott'm Forest,5.5,0.2,1,4.118,,4.118,model,4.06,0.576,1.292,0.0,3.0,9.896
De Cuyper,DEF,Brighton,4.5,1.3,1,4.097,,4.097,model,3.731,0.103,1.251,0.0,2.0,9.985
Calvert-Lewin,FWD,Leeds,6.0,25.2,1,3.985,,3.985,model,3.494,0.001,0.0,1.0,2.0,12.707
Kayode,DEF,Brentford,4.5,3.7,1,3.983,,3.983,model,3.147,0.364,1.367,0.0,2.0,8.985
Rúben,DEF,Man City,5.5,1.6,1,3.969,,3.969,model,3.269,0.509,1.427,0.0,3.0,8.896
Ndiaye,MID,Everton,6.0,15.4,1,3.96,4.86,4.41,blend(w_ours=0.5),3.141,0.339,0.34,2.0,3.0,10.254
Sangaré,MID,Brentford,5.5,1.5,1,3.947,,3.947,model,4.466,0.248,0.291,0.0,2.0,14.022
Mykolenko,DEF,Everton,4.5,1.3,1,3.938,,3.938,model,2.846,0.459,1.518,0.0,3.0,8.358
Senesi,DEF,Tottenham,6.0,10.3,1,3.937,,3.937,model,2.99,1.359,0.782,0.0,3.0,8.896
Thiaw,DEF,Newcastle,5.0,2.0,1,3.935,,3.935,model,3.505,0.954,0.786,0.0,3.0,10.896
Mukiele,DEF,Sunderland,5.5,4.8,1,3.931,,3.931,model,3.456,0.781,1.206,0.0,4.0,9.896
Barnes,MID,Newcastle,6.0,1.2,1,3.925,,3.925,model,3.731,0.009,0.152,0.0,2.0,10.358
Jensen,MID,Brentford,5.5,0.2,1,3.912,,3.912,model,3.275,0.185,0.285,0.0,3.0,9.358
Palestra,DEF,Chelsea,5.5,2.4,1,3.906,,3.906,model,3.846,0.607,1.045,0.0,2.0,9.896
Reinildo,DEF,Sunderland,4.5,0.5,1,3.893,,3.893,model,2.833,0.617,1.498,0.0,3.0,8.358
Dorgu,MID,Man United,6.0,1.5,1,3.891,,3.891,model,4.152,0.099,0.324,0.0,2.0,11.985
Neto,MID,Chelsea,6.5,1.4,1,3.883,,3.883,model,3.316,0.007,0.24,0.0,2.0,9.358
Kovačić,MID,Man City,5.5,0.0,1,3.883,,3.883,model,3.352,0.367,0.322,0.0,3.0,10.358
Rogers,MID,Chelsea,7.5,26.4,1,3.875,,3.875,model,3.202,0.069,0.266,2.0,2.0,9.358
Heaven,DEF,Man United,4.5,0.3,1,3.872,,3.872,model,3.786,0.535,1.369,0.0,2.0,10.896
Madueke,MID,Arsenal,6.5,0.3,1,3.871,,3.871,model,4.367,0.009,0.348,0.0,2.0,12.985
Aina,DEF,Nott'm Forest,4.5,4.3,1,3.867,,3.867,model,2.899,0.581,1.305,0.0,3.0,8.358
Davis,DEF,Ipswich,4.0,4.9,1,3.85,,3.85,model,3.152,0.665,1.13,0.0,3.0,8.896
Bijol,DEF,Leeds,5.0,0.3,1,3.836,,3.836,model,3.006,1.04,1.018,0.0,3.0,8.358
O'Brien,DEF,Everton,5.0,0.5,1,3.826,,3.826,model,2.963,0.439,1.444,0.0,2.0,8.358
Aït-Nouri,DEF,Man City,5.5,1.2,1,3.791,,3.791,model,3.825,0.195,1.225,0.0,2.0,10.896
Tavernier,MID,Bournemouth,6.0,1.8,1,3.788,,3.788,model,3.291,0.193,0.141,1.0,2.0,9.358
Mitchell,DEF,Crystal Palace,4.5,6.8,1,3.784,,3.784,model,2.9,0.52,1.281,0.0,3.0,8.358
Xhaka,MID,Sunderland,5.5,5.2,1,3.765,,3.765,model,2.486,0.757,0.356,1.0,3.0,8.627
Watkins,FWD,Aston Villa,8.0,12.6,1,3.757,,3.757,model,3.299,0.0,0.0,1.0,2.0,10.98
Gomez,MID,Brighton,5.0,2.4,1,3.749,,3.749,model,3.34,0.089,0.314,0.0,2.0,9.358
Botman,DEF,Newcastle,5.0,0.4,1,3.745,,3.745,model,3.207,1.153,0.76,0.0,3.0,9.896
Lammens,GK,Man United,5.0,19.6,1,3.722,,3.722,model,2.519,0.0,1.932,1.0,2.0,6.51
Dewsbury-Hall,MID,Everton,6.5,3.7,1,3.684,,3.684,model,2.996,0.169,0.313,0.0,3.0,9.358
Van Hecke,DEF,Tottenham,5.0,8.6,1,3.677,,3.677,model,3.015,0.982,0.802,0.0,3.0,8.896
Yoro,DEF,Man United,5.0,0.8,1,3.673,,3.673,model,4.009,0.492,1.135,0.0,2.0,10.896
F.Kadıoğlu,DEF,Brighton,4.5,3.1,1,3.666,,3.666,model,3.09,0.139,1.286,0.0,2.0,8.896
Bruno G.,MID,Arsenal,7.0,10.3,1,3.64,,3.64,model,4.183,0.087,0.374,0.0,3.0,11.985
Maatsen,DEF,Aston Villa,4.5,0.8,1,3.627,,3.627,model,3.207,0.347,1.087,0.0,2.0,9.896
Caicedo,MID,Chelsea,5.5,4.1,1,3.622,,3.622,model,2.259,0.804,0.268,2.0,3.0,8.358
Ampadu,MID,Leeds,5.5,1.6,1,3.617,,3.617,model,2.378,0.841,0.238,0.0,3.0,8.627
Alderete,DEF,Sunderland,5.0,0.7,1,3.596,,3.596,model,3.463,0.841,1.171,0.0,3.0,8.358
Stach,MID,Leeds,6.0,1.1,1,3.582,,3.582,model,2.77,0.465,0.223,0.0,2.0,9.358
Justin,DEF,Leeds,4.5,0.5,1,3.581,,3.581,model,3.054,0.71,0.953,0.0,3.0,8.896
Osula,FWD,Newcastle,6.0,1.3,1,3.553,,3.553,model,3.489,0.001,0.0,0.0,2.0,12.707
Janelt,MID,Brentford,5.0,0.1,1,3.545,,3.545,model,2.622,0.541,0.297,0.0,3.0,9.254
Frimpong,DEF,Liverpool,5.5,3.0,1,3.524,,3.524,model,3.384,0.009,1.106,0.0,2.0,9.286
Barry,FWD,Everton,5.5,1.0,1,3.519,,3.519,model,3.237,0.0,0.0,1.0,2.0,10.98
Lewis-Potter,MID,Brentford,5.5,0.5,1,3.518,,3.518,model,3.021,0.008,0.29,0.0,2.0,9.358
Jacquet,DEF,Liverpool,5.0,1.2,1,3.514,,3.514,model,4.023,0.546,0.952,0.0,2.0,8.896
Hinshelwood,MID,Brighton,6.0,0.2,1,3.502,,3.502,model,3.096,0.034,0.305,0.0,2.0,9.358
Rodon,DEF,Leeds,4.5,2.0,1,3.501,,3.501,model,2.781,0.813,0.953,0.0,3.0,8.358
Sangaré,MID,Nott'm Forest,5.0,0.6,1,3.473,,3.473,model,2.4,0.654,0.32,0.0,3.0,8.358
O'Shea,DEF,Ipswich,4.0,2.6,1,3.464,,3.464,model,2.696,0.684,1.062,0.0,2.0,8.358
Fernandes,MID,Tottenham,6.0,2.9,1,3.451,,3.451,model,2.377,0.652,0.168,1.0,3.0,8.358
Wilson,MID,Leeds,6.5,7.9,1,3.449,,3.449,model,2.917,0.036,0.231,0.0,2.0,9.358
Scott,MID,Bournemouth,6.0,1.6,1,3.435,,3.435,model,2.404,0.697,0.137,1.0,3.0,8.358
Matheus N.,DEF,Man City,6.0,4.6,1,3.431,,3.431,model,3.249,0.309,1.201,0.0,2.0,8.985
Greaves,DEF,Ipswich,4.0,0.7,1,3.421,,3.421,model,2.855,0.65,1.024,0.0,2.0,8.358
Diop,DEF,Ipswich,4.0,18.5,1,3.404,,3.404,model,2.813,0.557,1.1,0.0,2.0,8.358
Cash,DEF,Aston Villa,4.5,8.2,1,3.393,,3.393,model,2.791,0.195,1.206,0.0,2.0,8.358
Wharton,MID,Crystal Palace,5.5,0.4,1,3.392,,3.392,model,2.326,0.513,0.276,0.0,3.0,8.358
Brobbey,FWD,Sunderland,6.0,16.7,1,3.383,,3.383,model,3.026,0.0,0.0,0.0,2.0,7.353
O'Nien,DEF,Sunderland,4.0,2.7,1,3.376,,3.376,model,3.195,0.393,1.26,0.0,2.0,8.358
Donnarumma,GK,Man City,5.5,11.1,1,3.373,,3.373,model,2.508,0.0,1.64,1.0,2.0,6.51
Groß,MID,Brighton,5.5,10.8,1,3.366,,3.366,model,2.625,0.005,0.317,2.0,2.0,9.254
Bassey,DEF,Fulham,4.5,0.6,1,3.345,,3.345,model,2.843,0.739,0.892,0.0,2.0,8.358
Robinson,DEF,Fulham,4.5,2.4,1,3.342,,3.342,model,2.977,0.486,0.914,0.0,2.0,8.896
Pau,DEF,Aston Villa,4.5,0.3,1,3.341,,3.341,model,2.856,0.459,1.116,0.0,2.0,8.358
James,DEF,Chelsea,5.5,8.0,1,3.312,,3.312,model,3.226,0.341,0.949,0.0,2.0,8.985
Gravenberch,MID,Liverpool,6.0,2.0,1,3.31,,3.31,model,2.419,0.317,0.24,2.0,2.0,8.358
Bogle,DEF,Leeds,4.5,0.5,1,3.306,,3.306,model,3.071,0.311,0.963,0.0,2.0,8.896
Igor Jesus,FWD,Nott'm Forest,6.0,5.3,1,3.306,,3.306,model,2.953,0.004,0.0,0.0,2.0,7.353
Dunk,DEF,Brighton,4.5,0.8,1,3.299,,3.299,model,3.084,0.568,1.14,0.0,2.0,8.358
J.Cuenca,DEF,Fulham,4.5,0.0,1,3.29,,3.29,model,2.911,0.99,0.777,0.0,3.0,8.358
Chadi Riad,DEF,Crystal Palace,4.5,0.1,1,3.278,,3.278,model,2.887,0.421,1.167,0.0,2.0,8.358
Muñoz,DEF,Crystal Palace,5.5,11.4,1,3.272,,3.272,model,3.227,0.239,1.033,0.0,2.0,8.896
Aaronson,MID,Leeds,5.5,0.9,1,3.27,,3.27,model,2.805,0.097,0.223,0.0,2.0,8.658
Roefs,GK,Sunderland,5.0,4.9,1,3.261,,3.261,model,2.419,0.0,1.568,0.0,2.0,6.51
García,FWD,Fulham,6.0,1.7,1,3.25,,3.25,model,3.753,0.021,0.0,0.0,2.0,12.707
Evanilson,FWD,Bournemouth,6.0,2.1,1,3.249,,3.249,model,2.893,0.003,0.0,0.0,2.0,7.353
Tel,MID,Tottenham,6.0,0.4,1,3.24,,3.24,model,2.787,0.105,0.161,0.0,2.0,8.358
Iwobi,MID,Fulham,5.5,1.0,1,3.237,,3.237,model,2.699,0.083,0.213,0.0,2.0,9.254
Colwill,DEF,Chelsea,5.0,1.7,1,3.216,,3.216,model,2.937,0.132,1.135,0.0,2.0,8.358
Kerkez,DEF,Liverpool,5.5,5.0,1,3.204,,3.204,model,2.922,0.206,1.053,0.0,2.0,8.358
Hackney,MID,Everton,5.5,0.3,1,3.203,,3.203,model,2.968,0.233,0.323,0.0,2.0,9.358
McGinn,MID,Aston Villa,5.5,2.9,1,3.201,,3.201,model,2.539,0.045,0.275,1.0,2.0,8.358
Tonali,MID,Tottenham,5.5,4.2,1,3.2,,3.2,model,2.456,0.317,0.172,0.0,2.0,8.358
Angulo,MID,Sunderland,5.0,0.1,1,3.179,,3.179,model,2.954,0.002,0.32,0.0,2.0,9.358
Rayan,MID,Bournemouth,6.5,3.3,1,3.167,,3.167,model,2.739,0.062,0.122,0.0,2.0,8.358
Pickford,GK,Everton,5.5,8.8,1,3.164,,3.164,model,2.375,0.0,1.497,0.0,2.0,6.51
Muharemović,DEF,Leeds,5.0,1.6,1,3.157,,3.157,model,3.259,0.562,0.841,0.0,2.0,8.358
Maeda,MID,Ipswich,5.5,0.5,1,3.156,,3.156,model,3.018,0.246,0.235,0.0,2.0,9.358
Cherki,MID,Man City,7.5,8.9,1,3.15,,3.15,model,4.387,0.026,0.145,0.0,1.0,12.881
L.Miley,MID,Newcastle,5.5,0.0,1,3.146,,3.146,model,2.87,0.308,0.162,0.0,2.0,8.358
Hill,DEF,Bournemouth,5.5,1.2,1,3.145,,3.145,model,2.564,1.153,0.555,0.0,3.0,8.358
Meunier,DEF,Sunderland,4.5,0.5,1,3.134,,3.134,model,3.592,0.437,1.091,0.0,2.0,8.358
McNeil,MID,Crystal Palace,5.5,0.2,1,3.124,,3.124,model,2.57,0.185,0.268,0.0,2.0,8.358
Kamada,MID,Crystal Palace,5.0,0.3,1,3.124,,3.124,model,2.356,0.345,0.262,0.0,2.0,8.358
Garnacho,MID,Aston Villa,6.0,0.9,1,3.121,,3.121,model,3.105,0.019,0.2,0.0,2.0,9.358
Buendía,MID,Aston Villa,6.0,1.1,1,3.116,,3.116,model,2.616,0.058,0.259,1.0,2.0,8.358
Richarlison,FWD,Tottenham,6.0,2.0,1,3.115,4.94,4.027,blend(w_ours=0.5),3.109,0.029,0.0,0.0,2.0,7.353
Hall,DEF,Newcastle,5.0,3.9,1,3.107,,3.107,model,3.014,0.368,0.753,0.0,2.0,8.896
Ayari,MID,Brighton,5.5,0.8,1,3.094,,3.094,model,2.768,0.429,0.259,0.0,2.0,8.627
Verbruggen,GK,Brighton,4.5,18.1,1,3.087,,3.087,model,2.402,0.0,1.448,0.0,2.0,6.51
Palacios,MID,Fulham,5.5,0.1,1,3.081,,3.081,model,3.523,0.224,0.188,0.0,2.0,9.358
Bobb,MID,Fulham,5.5,0.4,1,3.078,,3.078,model,2.904,0.044,0.192,0.0,2.0,8.358
Kelleher,GK,Brentford,5.0,5.7,1,3.077,,3.077,model,2.59,0.0,1.399,0.0,2.0,6.51
Kluivert,MID,Bournemouth,6.0,1.1,1,3.074,,3.074,model,2.653,0.035,0.121,0.0,2.0,8.358
Lukić,MID,Ipswich,5.0,0.1,1,3.062,,3.062,model,2.258,0.351,0.24,0.0,2.0,8.358
Röhl,MID,Everton,5.0,0.1,1,3.045,,3.045,model,2.599,0.233,0.3,0.0,2.0,8.358
Lavia,MID,Chelsea,5.0,0.1,1,3.037,,3.037,model,2.682,0.155,0.227,0.0,2.0,8.358
Truffert,DEF,Bournemouth,5.5,4.9,1,3.028,,3.028,model,2.668,0.801,0.612,0.0,2.0,8.358
Fatawu,MID,Ipswich,5.5,0.3,1,3.024,,3.024,model,2.612,0.235,0.218,0.0,2.0,8.358
Sels,GK,Nott'm Forest,5.0,1.5,1,3.011,,3.011,model,2.327,0.0,1.404,0.0,2.0,6.51
Sadiki,MID,Sunderland,5.0,0.4,1,2.991,,2.991,model,2.153,0.176,0.357,0.0,2.0,8.358
Núñez,MID,Ipswich,5.0,0.2,1,2.991,,2.991,model,2.89,0.226,0.236,0.0,2.0,8.358
Mingueza,DEF,Crystal Palace,4.5,0.1,1,2.98,,2.98,model,3.131,0.507,0.989,0.0,2.0,8.358
Castagne,DEF,Fulham,4.5,0.2,1,2.966,,2.966,model,2.833,0.415,0.827,0.0,2.0,8.358
Gallagher,MID,Tottenham,5.5,0.3,1,2.96,,2.96,model,2.466,0.288,0.17,0.0,2.0,8.358
King,MID,Fulham,5.5,0.2,1,2.957,,2.957,model,2.892,0.053,0.178,0.0,2.0,8.358
Cook,MID,Bournemouth,5.0,0.1,1,2.954,,2.954,model,2.323,0.873,0.104,0.0,3.0,7.627
Georginio,FWD,Brighton,5.5,1.0,1,2.94,,2.94,model,2.469,0.049,0.0,0.0,2.0,7.353
Boscagli,DEF,Brighton,4.5,0.2,1,2.936,,2.936,model,3.14,0.401,1.024,0.0,2.0,8.358
Kamara,MID,Aston Villa,5.0,0.2,1,2.923,,2.923,model,2.058,0.355,0.263,0.0,2.0,8.358
Emersonn,FWD,Ipswich,5.5,0.3,1,2.919,,2.919,model,3.164,0.021,0.0,0.0,2.0,7.353
Elanga,MID,Newcastle,6.0,0.7,1,2.91,,2.91,model,2.691,0.003,0.153,0.0,2.0,8.358
J.Ramsey,MID,Newcastle,5.0,0.4,1,2.887,,2.887,model,2.489,0.204,0.159,0.0,2.0,8.358
Enzo,MID,Chelsea,7.0,5.5,1,2.885,,2.885,model,4.058,0.071,0.158,0.0,2.0,10.358
Strand Larsen,FWD,Crystal Palace,6.0,0.6,1,2.883,,2.883,model,2.477,0.0,0.0,0.0,2.0,7.353
Konsa,DEF,Aston Villa,4.5,16.0,1,2.855,,2.855,model,2.711,0.231,1.059,0.0,2.0,7.896
Pedro Porro,DEF,Tottenham,5.5,23.3,1,2.855,,2.855,model,2.854,0.447,0.68,0.0,2.0,8.358
Schlager,MID,Nott'm Forest,5.0,0.1,1,2.851,,2.851,model,3.609,0.191,0.23,0.0,2.0,9.358
Araujo,DEF,Liverpool,5.5,0.5,1,2.805,,2.805,model,3.763,0.436,0.764,0.0,2.0,8.896
Belloumi,MID,Hull,5.0,0.5,1,2.764,,2.764,model,2.668,0.271,0.055,0.0,2.0,8.358
Willock,MID,Newcastle,5.0,0.1,1,2.761,,2.761,model,2.546,0.101,0.156,0.0,2.0,8.358
Robertson,DEF,Tottenham,4.5,2.1,1,2.759,,2.759,model,2.933,0.081,0.699,0.0,2.0,8.896
McBurnie,FWD,Hull,5.5,1.5,1,2.736,,2.736,model,2.762,0.013,0.0,0.0,2.0,7.353
Wood,FWD,Nott'm Forest,6.0,1.7,1,2.719,,2.719,model,3.218,0.0,0.0,0.0,2.0,7.353
Barkley,MID,Aston Villa,5.0,0.2,1,2.7,,2.7,model,2.809,0.087,0.173,0.0,2.0,8.358
A.Becker,GK,Liverpool,5.5,4.0,1,2.695,,2.695,model,2.313,0.0,1.124,0.0,2.0,6.51
Ndoye,MID,Nott'm Forest,5.5,0.5,1,2.69,,2.69,model,2.595,0.077,0.238,0.0,2.0,8.358
Armstrong,MID,Everton,5.0,0.1,1,2.67,,2.67,model,2.781,0.129,0.24,0.0,2.0,9.358
Slater,MID,Hull,4.5,2.2,1,2.669,,2.669,model,2.224,0.255,0.069,0.0,2.0,8.358
Berge,MID,Fulham,5.0,0.4,1,2.664,,2.664,model,1.892,0.25,0.212,0.0,2.0,5.677
Silva,DEF,Bournemouth,5.0,0.2,1,2.598,,2.598,model,2.812,0.573,0.507,0.0,2.0,7.896
Onyeka,MID,Coventry,5.0,0.2,1,2.576,,2.576,model,2.199,0.237,0.114,0.0,2.0,8.358
Grimes,MID,Coventry,5.0,0.2,1,2.573,,2.573,model,2.237,0.247,0.103,0.0,2.0,8.358
Crooks,MID,Hull,4.5,0.7,1,2.563,,2.563,model,2.25,0.231,0.063,0.0,2.0,8.358
Rashford,MID,Man United,7.0,1.5,1,2.557,,2.557,model,4.133,0.069,0.144,0.0,1.0,10.254
Sánchez,GK,Chelsea,5.0,2.1,1,2.549,,2.549,model,2.17,0.0,1.058,0.0,2.0,6.51
Merino,MID,Arsenal,6.0,1.1,1,2.545,,2.545,model,3.779,0.116,0.163,0.0,1.0,9.358
Moore,MID,Tottenham,5.0,0.1,1,2.54,,2.54,model,3.142,0.189,0.137,0.0,2.0,8.358
Šeško,FWD,Man United,7.0,2.2,1,2.527,,2.527,model,4.103,0.001,0.0,0.0,1.0,11.707
Burn,DEF,Newcastle,5.0,2.6,1,2.471,,2.471,model,2.809,0.727,0.548,0.0,2.0,8.358
Keane,DEF,Everton,5.0,1.6,1,2.456,,2.456,model,3.265,0.603,0.741,0.0,1.0,8.358
Martinez,GK,Aston Villa,5.0,5.0,1,2.452,,2.452,model,2.333,0.0,1.123,0.0,2.0,6.51
Florentino,MID,Ipswich,5.0,0.1,1,2.448,,2.448,model,2.16,0.621,0.182,0.0,2.0,5.0
van Ewijk,DEF,Coventry,4.0,15.5,1,2.428,,2.428,model,2.547,0.614,0.511,0.0,2.0,7.358
Hato,DEF,Chelsea,4.5,0.9,1,2.405,,2.405,model,2.896,0.281,0.673,0.0,1.0,8.358
Solanke,FWD,Tottenham,6.0,2.2,1,2.402,,2.402,model,2.902,0.027,0.0,0.0,2.0,7.353
Scherpen,GK,Ipswich,4.5,0.4,1,2.396,,2.396,model,2.196,0.0,1.018,0.0,2.0,6.51
Leno,GK,Fulham,4.5,3.3,1,2.393,,2.393,model,2.097,0.0,0.995,0.0,2.0,6.51
Lewis-Skelly,MID,Arsenal,5.5,0.3,1,2.374,,2.374,model,2.154,0.009,0.391,0.0,2.0,7.358
Schär,DEF,Newcastle,5.0,0.2,1,2.365,,2.365,model,3.227,0.617,0.442,0.0,1.0,8.358
Thomas,DEF,Coventry,4.0,8.3,1,2.345,,2.345,model,2.433,0.602,0.538,0.0,2.0,6.896
Martinelli,MID,Arsenal,6.5,0.3,1,2.333,,2.333,model,3.769,0.016,0.12,0.0,1.0,9.358
Johnson,MID,Everton,6.0,0.2,1,2.331,,2.331,model,2.807,0.031,0.185,0.0,2.0,8.358
Talbi,MID,Sunderland,5.5,0.2,1,2.274,,2.274,model,2.583,0.012,0.222,0.0,2.0,8.358
Dasilva,DEF,Coventry,4.0,0.7,1,2.259,,2.259,model,2.324,0.634,0.485,0.0,2.0,6.358
Martinez,DEF,Man United,5.0,0.5,1,2.257,,2.257,model,3.399,0.176,0.76,0.0,1.0,8.358
Struijk,DEF,Brighton,5.0,0.5,1,2.242,,2.242,model,3.125,0.491,0.67,0.0,0.0,8.358
Trafford,GK,Leeds,5.0,2.4,1,2.224,,2.224,model,2.355,0.0,0.93,0.0,2.0,6.51
Henderson,GK,Crystal Palace,5.0,3.2,1,2.213,,2.213,model,2.325,0.0,1.006,0.0,2.0,6.51
Amenda,DEF,Coventry,4.0,0.7,1,2.21,,2.21,model,2.319,0.575,0.449,0.0,2.0,6.896
Lindelöf,DEF,Aston Villa,4.5,0.2,1,2.201,,2.201,model,2.357,0.098,0.787,0.0,2.0,6.358
Yirenkyi,MID,Coventry,5.0,0.1,1,2.199,,2.199,model,2.339,0.197,0.086,0.0,2.0,8.358
Kudus,MID,Tottenham,6.5,0.2,1,2.193,,2.193,model,2.724,0.089,0.111,0.0,2.0,8.358
Wissa,FWD,Newcastle,6.0,1.7,1,2.192,,2.192,model,3.276,0.001,0.0,0.0,1.0,7.353
Estêvão,MID,Chelsea,6.5,1.6,1,2.178,,2.178,model,3.211,0.007,0.078,0.0,1.0,8.358
Stroud,MID,Hull,5.0,0.0,1,2.167,,2.167,model,2.57,0.196,0.049,0.0,2.0,8.358
Zirkzee,FWD,Man United,5.5,0.7,1,2.165,,2.165,model,3.381,0.003,0.0,0.0,1.0,7.353
Pope,GK,Newcastle,5.0,1.2,1,2.152,,2.152,model,2.18,0.0,0.842,0.0,2.0,6.51
Walle Egeli,FWD,Ipswich,4.5,2.1,1,2.146,,2.146,model,2.82,0.015,0.0,0.0,2.0,7.353
Sessegnon,DEF,Fulham,4.5,0.4,1,2.145,,2.145,model,3.046,0.428,0.433,0.0,1.0,8.358
Simms,FWD,Coventry,5.0,0.6,1,2.132,,2.132,model,2.42,0.012,0.0,0.0,2.0,7.353
Kinsky,GK,Tottenham,4.5,19.5,1,2.107,,2.107,model,2.156,0.0,0.785,0.0,2.0,6.51
Mateta,FWD,Crystal Palace,6.5,6.5,1,2.103,,2.103,model,3.2,0.003,0.0,0.0,1.0,7.353
Dominguez,MID,Nott'm Forest,5.0,0.1,1,2.097,,2.097,model,2.376,0.186,0.162,0.0,1.0,7.627
Damsgaard,MID,Brentford,5.5,0.6,1,2.086,,2.086,model,3.055,0.217,0.13,0.0,1.0,8.627
Hjertø-Dahl,MID,Hull,5.0,0.0,1,2.077,,2.077,model,2.354,0.177,0.053,0.0,2.0,8.358
Mazraoui,DEF,Man United,4.5,0.8,1,2.043,,2.043,model,3.104,0.279,0.655,0.0,1.0,8.358
Kusi-Asare,FWD,Fulham,4.5,7.4,1,2.018,,2.018,model,3.243,0.012,0.0,0.0,2.0,7.353
Tete,DEF,Fulham,4.5,0.2,1,1.982,,1.982,model,2.81,0.392,0.508,0.0,1.0,8.358
Zubimendi,MID,Arsenal,5.5,1.5,1,1.973,,1.973,model,2.869,0.068,0.253,0.0,1.0,8.358
Gray,MID,Tottenham,5.0,0.2,1,1.954,,1.954,model,2.034,0.121,0.118,0.0,2.0,5.627
Adams,MID,Bournemouth,5.0,0.7,1,1.943,,1.943,model,1.966,0.421,0.084,0.0,2.0,5.0
Tanaka,MID,Leeds,5.0,0.3,1,1.935,,1.935,model,2.393,0.135,0.106,0.0,1.0,7.358
Smith,DEF,Bournemouth,4.5,0.1,1,1.933,,1.933,model,2.069,0.155,0.543,0.0,1.0,6.358
Wilson,FWD,Brentford,5.5,0.4,1,1.932,,1.932,model,2.869,0.0,0.0,0.0,1.0,7.353
Tchaouna,MID,Coventry,5.5,0.1,1,1.926,,1.926,model,1.595,0.011,0.083,0.0,2.0,4.0
Savinho,MID,Man City,6.5,0.1,1,1.923,,1.923,model,3.233,0.018,0.072,0.0,1.0,8.358
Sakamoto,MID,Coventry,5.0,0.2,1,1.911,,1.911,model,2.197,0.194,0.07,0.0,2.0,5.0
Awoniyi,FWD,Nott'm Forest,5.5,0.4,1,1.902,,1.902,model,2.637,0.0,0.0,0.0,1.0,7.353
Egan,DEF,Hull,4.0,1.6,1,1.886,,1.886,model,2.426,0.607,0.307,-1.0,1.0,6.358
Mac Allister,MID,Liverpool,5.5,1.9,1,1.88,,1.88,model,2.698,0.067,0.117,0.0,1.0,8.358
Ajayi,DEF,Hull,4.0,0.8,1,1.87,,1.87,model,2.499,0.617,0.262,-1.0,1.0,6.358
M.Bizot,GK,Aston Villa,4.5,0.1,1,1.863,,1.863,model,2.342,0.0,0.836,0.0,1.0,6.51
Maddison,MID,Tottenham,6.5,1.8,1,1.86,,1.86,model,2.892,0.097,0.053,0.0,1.0,8.358
G.Jesus,FWD,Arsenal,6.0,0.4,1,1.859,,1.859,model,3.097,0.001,0.0,0.0,1.0,7.353
Woltemade,FWD,Newcastle,6.0,1.7,1,1.859,,1.859,model,2.844,0.001,0.0,0.0,1.0,7.353
Grealish,MID,Man City,6.5,0.1,1,1.858,,1.858,model,3.128,0.047,0.126,0.0,1.0,8.358
Giles,DEF,Hull,4.0,0.7,1,1.857,,1.857,model,2.398,0.596,0.309,-1.0,1.0,6.358
Mainoo,MID,Man United,5.5,1.2,1,1.857,,1.857,model,2.632,0.165,0.16,0.0,1.0,7.658
Beto,FWD,Everton,5.5,3.1,1,1.853,,1.853,model,2.736,0.001,0.0,0.0,1.0,7.353
Coyle,DEF,Hull,4.0,0.6,1,1.838,,1.838,model,2.542,0.583,0.272,-1.0,1.0,6.358
Anthony,MID,Brentford,6.0,0.2,1,1.836,,1.836,model,2.836,0.056,0.134,0.0,1.0,8.358
Nmecha,FWD,Leeds,5.5,0.6,1,1.826,,1.826,model,2.682,0.001,0.0,0.0,1.0,7.353
Smith Rowe,MID,Fulham,5.5,0.4,1,1.79,,1.79,model,2.51,0.027,0.086,0.0,1.0,8.358
Marmoush,FWD,Man City,7.0,0.8,1,1.785,,1.785,model,2.952,0.005,0.0,0.0,1.0,7.353
Carvalho,MID,Brentford,5.0,0.0,1,1.777,,1.777,model,2.695,0.013,0.02,0.0,1.0,7.358
J.Murphy,MID,Newcastle,6.0,0.2,1,1.77,,1.77,model,2.639,0.003,0.075,0.0,1.0,8.358
Yarmoliuk,MID,Brentford,5.0,1.5,1,1.767,,1.767,model,2.277,0.282,0.139,0.0,1.0,5.627
Petrović,GK,Bournemouth,4.5,3.7,1,1.767,,1.767,model,1.868,0.0,0.604,0.0,1.0,6.51
Elliott,MID,Liverpool,5.5,0.1,1,1.758,,1.758,model,2.627,0.012,0.027,0.0,1.0,7.358
Welbeck,FWD,Chelsea,6.0,2.5,1,1.757,,1.757,model,3.041,0.0,0.0,0.0,1.0,7.353
Gusto,DEF,Chelsea,5.0,1.1,1,1.756,,1.756,model,2.741,0.063,0.447,0.0,1.0,7.896
A.García,DEF,Aston Villa,4.0,1.6,1,1.732,,1.732,model,2.89,0.262,0.599,0.0,0.0,7.358
Thomas-Asante,FWD,Coventry,5.0,0.8,1,1.731,,1.731,model,2.209,0.013,0.0,0.0,2.0,7.353
Reed,MID,Fulham,4.5,1.1,1,1.719,,1.719,model,2.817,0.125,0.112,0.0,0.0,8.358
N.Jackson,FWD,Chelsea,6.5,0.4,1,1.683,,1.683,model,3.19,0.005,0.0,0.0,0.0,7.353
Lewis,DEF,Man City,4.5,0.2,1,1.652,,1.652,model,2.862,0.076,0.411,0.0,1.0,7.896
Mount,MID,Man United,5.5,0.1,1,1.628,,1.628,model,2.963,0.013,0.044,0.0,1.0,7.358
Ömür,MID,Hull,5.0,0.0,1,1.628,,1.628,model,2.464,0.149,0.035,0.0,2.0,5.031
Mason-Clark,MID,Coventry,5.5,0.3,1,1.615,,1.615,model,1.983,0.16,0.06,0.0,2.0,4.0
Torp,MID,Coventry,5.5,0.2,1,1.598,,1.598,model,2.067,0.14,0.068,0.0,2.0,4.0
Muniz,FWD,Fulham,5.5,0.7,1,1.591,,1.591,model,2.241,0.0,0.0,0.0,1.0,7.353
Chiesa,MID,Liverpool,5.5,0.2,1,1.589,,1.589,model,2.425,0.018,0.025,0.0,1.0,7.358
Mings,DEF,Aston Villa,4.5,0.3,1,1.587,,1.587,model,2.586,0.262,0.475,0.0,0.0,7.358
Touré,MID,Newcastle,6.0,0.3,1,1.583,,1.583,model,3.067,0.101,0.085,0.0,0.0,8.358
Munoz,MID,Liverpool,6.5,0.8,1,1.582,,1.582,model,3.518,0.103,0.091,0.0,0.0,8.358
Nwaneri,MID,Arsenal,5.5,0.0,1,1.581,,1.581,model,2.545,0.015,0.063,0.0,1.0,7.358
Millar,MID,Hull,5.0,0.1,1,1.579,,1.579,model,2.144,0.137,0.038,0.0,2.0,4.0
Isidor,FWD,Sunderland,5.5,1.2,1,1.577,,1.577,model,2.379,0.0,0.0,0.0,1.0,7.353
Amass,DEF,Man United,4.0,0.2,1,1.574,,1.574,model,3.548,0.187,0.552,0.0,0.0,8.358
Yeremy,MID,Crystal Palace,5.5,0.2,1,1.571,,1.571,model,2.484,0.021,0.081,0.0,1.0,7.358
Morato,DEF,Nott'm Forest,5.0,0.1,1,1.551,,1.551,model,2.608,0.291,0.341,0.0,1.0,7.896
Fletcher,MID,Man United,4.5,0.3,1,1.546,,1.546,model,4.071,0.098,0.137,0.0,0.0,8.358
Obi,FWD,Man United,4.5,1.2,1,1.53,,1.53,model,4.028,0.008,0.0,0.0,0.0,7.353
Delap,FWD,Chelsea,5.5,0.5,1,1.525,,1.525,model,2.446,0.0,0.0,0.0,1.0,7.353
Okafor,MID,Leeds,6.0,0.7,1,1.521,,1.521,model,2.392,0.007,0.081,0.0,1.0,7.408
Rushworth,GK,Coventry,4.5,0.9,1,1.519,,1.519,model,1.834,0.0,0.523,0.0,1.0,6.51
Bentancur,MID,Tottenham,5.5,0.2,1,1.518,,1.518,model,2.026,0.352,0.073,0.0,1.0,5.0
Hutchinson,MID,Nott'm Forest,5.5,0.2,1,1.5,,1.5,model,2.346,0.033,0.102,0.0,1.0,6.627
Nketiah,FWD,Crystal Palace,5.5,0.5,1,1.475,,1.475,model,1.996,0.006,0.0,0.0,1.0,6.353
Mundle,MID,Sunderland,5.0,0.0,1,1.471,,1.471,model,1.802,0.015,0.035,0.0,1.0,5.677
Hughes,MID,Crystal Palace,4.5,11.1,1,1.466,,1.466,model,1.81,0.069,0.109,0.0,1.0,5.0
Hudson-Odoi,MID,Nott'm Forest,6.0,0.1,1,1.457,,1.457,model,2.166,0.008,0.098,0.0,1.0,6.627
Nelson,MID,Arsenal,5.5,0.0,1,1.457,,1.457,model,2.662,0.037,0.046,0.0,1.0,7.358
Dowman,MID,Arsenal,5.5,0.2,1,1.451,,1.451,model,3.75,0.078,0.151,0.0,0.0,8.358
Danso,DEF,Tottenham,5.0,0.2,1,1.449,,1.449,model,2.153,0.459,0.222,0.0,1.0,6.358
Kostoulas,FWD,Brighton,5.5,0.3,1,1.44,,1.44,model,2.18,0.013,0.0,0.0,1.0,6.353
Perri,GK,Leeds,4.5,0.7,1,1.439,,1.439,model,2.139,0.0,0.589,0.0,1.0,6.51
McAteer,MID,Ipswich,4.5,1.5,1,1.439,,1.439,model,1.959,0.068,0.086,0.0,1.0,5.0
Kevin,MID,Fulham,5.5,0.1,1,1.433,,1.433,model,1.979,0.02,0.033,0.0,1.0,6.627
Lerma,MID,Crystal Palace,5.0,0.1,1,1.429,,1.429,model,2.052,0.236,0.093,0.0,1.0,5.0
Enes Ünal,FWD,Bournemouth,5.5,0.2,1,1.425,,1.425,model,1.729,0.0,0.0,0.0,1.0,6.353
Gittens,MID,Chelsea,6.0,0.1,1,1.423,,1.423,model,2.009,0.005,0.032,0.0,1.0,6.627
Bendito Mantato,MID,Man United,4.5,0.2,1,1.422,,1.422,model,3.801,0.081,0.135,0.0,0.0,6.627
C.Jones,MID,Liverpool,5.5,0.2,1,1.42,,1.42,model,2.404,0.109,0.055,0.0,1.0,7.358
Tosin,DEF,Chelsea,4.5,0.2,1,1.419,,1.419,model,2.374,0.329,0.272,0.0,1.0,7.627
Brooks,MID,Bournemouth,5.0,0.2,1,1.412,,1.412,model,2.238,0.006,0.02,0.0,1.0,7.358
Abraham,FWD,Aston Villa,5.5,0.2,1,1.399,,1.399,model,2.017,0.001,0.0,0.0,1.0,6.353
George,MID,Everton,5.5,0.2,1,1.395,,1.395,model,1.944,0.009,0.045,0.0,1.0,5.627
Tsimikas,DEF,Liverpool,5.0,0.1,1,1.351,,1.351,model,2.544,0.089,0.163,0.0,1.0,6.896
McAtee,MID,Nott'm Forest,5.5,0.0,1,1.345,,1.345,model,2.194,0.023,0.027,0.0,1.0,7.358
Alcaraz,MID,Everton,5.0,0.1,1,1.338,,1.338,model,2.096,0.041,0.067,0.0,1.0,5.627
Diarra,MID,Sunderland,5.5,0.1,1,1.327,,1.327,model,2.554,0.008,0.1,0.0,0.0,7.358
Collyer,MID,Man United,5.0,0.0,1,1.315,,1.315,model,3.694,0.079,0.123,0.0,0.0,8.358
Marc Guiu,FWD,Chelsea,5.0,0.4,1,1.314,,1.314,model,2.342,0.001,0.0,0.0,1.0,6.353
Philogene,MID,Ipswich,5.5,0.2,1,1.313,,1.313,model,2.041,0.036,0.046,0.0,1.0,5.0
N.Gonzalez,MID,Man City,5.5,0.1,1,1.308,,1.308,model,2.214,0.176,0.101,0.0,0.0,5.627
Aznou,DEF,Everton,4.0,0.2,1,1.3,,1.3,model,2.606,0.198,0.455,0.0,0.0,6.358
Olusesi,MID,Tottenham,4.5,0.9,1,1.3,,1.3,model,2.579,0.103,0.076,0.0,0.0,4.0
Henry,DEF,Brentford,4.5,0.2,1,1.291,,1.291,model,2.074,0.025,0.34,0.0,1.0,6.358
Furlong,DEF,Ipswich,4.0,0.5,1,1.289,,1.289,model,2.595,0.225,0.42,0.0,0.0,6.358
Clarke,MID,Ipswich,5.5,0.3,1,1.287,,1.287,model,1.702,0.035,0.05,0.0,1.0,4.627
Vitor Reis,DEF,Man City,4.5,0.0,1,1.276,,1.276,model,2.999,0.183,0.437,0.0,0.0,6.358
Lacey,MID,Man United,5.0,0.1,1,1.265,,1.265,model,3.402,0.072,0.118,0.0,0.0,6.627
Burrowes,MID,Aston Villa,4.5,0.8,1,1.261,,1.261,model,2.523,0.105,0.102,0.0,0.0,5.0
J.Fletcher,MID,Man United,5.0,0.0,1,1.26,,1.26,model,3.596,0.067,0.112,0.0,0.0,8.358
Bindon,DEF,Nott'm Forest,4.0,0.2,1,1.256,,1.256,model,2.682,0.187,0.43,0.0,0.0,6.358
O'Riley,MID,Brighton,5.5,0.1,1,1.244,,1.244,model,2.331,0.011,0.053,0.0,1.0,7.358
James,MID,Leeds,5.0,0.1,1,1.244,,1.244,model,1.796,0.004,0.028,0.0,1.0,4.627
Davies,DEF,Tottenham,4.0,0.9,1,1.243,,1.243,model,2.147,0.207,0.263,0.0,0.0,6.358
Bailey,MID,Aston Villa,5.5,0.1,1,1.231,,1.231,model,1.885,0.039,0.046,0.0,1.0,4.627
O.Richards,DEF,Nott'm Forest,4.0,0.2,1,1.23,,1.23,model,2.679,0.173,0.442,0.0,0.0,6.358
Longstaff,MID,Leeds,5.0,0.2,1,1.228,,1.228,model,1.8,0.07,0.043,0.0,1.0,4.627
Kipré,DEF,Ipswich,4.0,0.5,1,1.226,,1.226,model,2.471,0.225,0.388,0.0,0.0,6.358
Abbott,DEF,Nott'm Forest,4.0,0.2,1,1.223,,1.223,model,2.64,0.198,0.375,0.0,0.0,6.358
Hickey,DEF,Brentford,4.5,0.1,1,1.22,,1.22,model,2.024,0.034,0.222,0.0,1.0,6.358
Schuster,DEF,Brentford,4.5,0.1,1,1.216,,1.216,model,2.817,0.178,0.363,0.0,0.0,6.358
Dubravka,GK,Tottenham,4.0,22.5,1,1.214,,1.214,model,1.893,0.0,0.467,0.0,0.0,6.51
Neave,FWD,Newcastle,4.5,0.7,1,1.212,,1.212,model,2.66,0.008,0.0,0.0,0.0,7.353
Steur,MID,Newcastle,5.0,0.1,1,1.206,,1.206,model,2.575,0.099,0.071,0.0,0.0,5.0
Disasi,DEF,Chelsea,4.5,0.1,1,1.199,,1.199,model,2.168,0.0,0.431,0.0,0.0,6.358
Steele,GK,Brighton,4.0,4.5,1,1.197,,1.197,model,2.081,0.0,0.558,0.0,0.0,6.51
Acheampong,DEF,Chelsea,4.5,0.3,1,1.197,,1.197,model,2.103,0.058,0.244,0.0,1.0,6.358
Endo,MID,Liverpool,5.0,0.0,1,1.176,,1.176,model,1.562,0.025,0.017,0.0,1.0,4.0
Chavarria,DEF,Chelsea,5.0,0.0,1,1.172,,1.172,model,2.824,0.174,0.343,0.0,0.0,6.358
Jair Cunha,DEF,Nott'm Forest,4.5,0.3,1,1.165,,1.165,model,2.067,0.133,0.277,0.0,0.0,6.358
Devenny,MID,Crystal Palace,5.0,0.0,1,1.163,,1.163,model,2.052,0.021,0.031,0.0,1.0,5.627
Fábio Vieira,MID,Arsenal,5.5,0.0,1,1.158,,1.158,model,3.303,0.057,0.126,0.0,0.0,5.627
Furo,FWD,Brentford,4.5,0.8,1,1.154,,1.154,model,2.971,0.004,0.0,0.0,0.0,7.353
Pinnock,DEF,Brentford,4.5,0.1,1,1.148,,1.148,model,2.526,0.259,0.347,0.0,0.0,7.358
Bamba,MID,Newcastle,5.0,0.1,1,1.145,,1.145,model,2.365,0.085,0.068,0.0,0.0,4.0
Bergvall,MID,Tottenham,5.5,0.2,1,1.143,,1.143,model,1.637,0.017,0.037,0.0,1.0,3.0
Guessand,MID,Crystal Palace,5.5,0.0,1,1.142,,1.142,model,1.675,0.027,0.042,0.0,1.0,4.0
Udogie,DEF,Tottenham,4.5,0.5,1,1.142,,1.142,model,1.817,0.059,0.305,0.0,1.0,6.358
George Hemmings,MID,Aston Villa,4.5,0.4,1,1.133,,1.133,model,2.336,0.093,0.101,0.0,0.0,4.0
Svoboda,DEF,Brighton,5.0,0.1,1,1.133,,1.133,model,2.561,0.183,0.368,0.0,0.0,6.358
Meslier,GK,Arsenal,5.0,0.1,1,1.127,,1.127,model,2.227,0.0,0.64,0.0,0.0,6.51
Charles,MID,Fulham,5.0,0.0,1,1.126,,1.126,model,2.562,0.076,0.069,0.0,0.0,5.0
Tomiyasu,DEF,Crystal Palace,4.5,0.1,1,1.125,,1.125,model,2.41,0.194,0.347,0.0,0.0,6.358
Johnson,DEF,Ipswich,4.0,0.1,1,1.121,,1.121,model,1.953,0.132,0.232,0.0,1.0,6.358
Darlow,GK,Man United,4.5,0.0,1,1.121,,1.121,model,2.276,0.0,0.576,0.0,0.0,6.51
Mukasa,MID,Man City,4.5,0.1,1,1.111,,1.111,model,2.788,0.067,0.103,0.0,0.0,5.0
Seelt,DEF,Sunderland,4.5,0.0,1,1.103,,1.103,model,2.585,0.166,0.394,0.0,0.0,6.358
Monga,MID,Man City,5.0,0.0,1,1.099,,1.099,model,3.104,0.071,0.094,0.0,0.0,5.0
Horníček,GK,Newcastle,5.0,0.5,1,1.097,,1.097,model,1.901,0.0,0.418,0.0,0.0,6.51
Costinha,DEF,Brighton,4.5,0.0,1,1.096,,1.096,model,2.611,0.164,0.381,0.0,0.0,6.358
Arrizabalaga,GK,Arsenal,5.0,0.1,1,1.094,,1.094,model,2.295,0.0,0.603,0.0,0.0,6.51
Ramsay,DEF,Liverpool,4.0,0.2,1,1.094,,1.094,model,2.499,0.175,0.33,0.0,0.0,6.358
Hirst,FWD,Ipswich,5.0,0.4,1,1.079,,1.079,model,1.307,0.0,0.0,0.0,1.0,4.627
Taylor,MID,Ipswich,4.5,0.2,1,1.074,,1.074,model,1.167,0.0,0.0,0.0,1.0,1.0
Bakwa,MID,Nott'm Forest,5.5,0.0,1,1.073,,1.073,model,1.885,0.006,0.034,0.0,1.0,4.627
M.Sarr,DEF,Chelsea,4.5,0.1,1,1.069,,1.069,model,2.383,0.173,0.328,0.0,0.0,6.358
Oriola,MID,Brighton,4.5,0.2,1,1.065,,1.065,model,2.477,0.065,0.1,0.0,0.0,4.0
Netz,DEF,Nott'm Forest,4.5,0.0,1,1.058,,1.058,model,1.801,0.007,0.183,0.0,1.0,5.358
Scarlett,FWD,Tottenham,4.5,1.7,1,1.057,,1.057,model,2.382,0.004,0.0,0.0,0.0,7.353
Barco,MID,Chelsea,5.5,0.1,1,1.056,,1.056,model,2.82,0.071,0.071,0.0,0.0,4.05
Quenda,MID,Chelsea,5.5,0.1,1,1.054,,1.054,model,2.813,0.071,0.075,0.0,0.0,4.0
Koumas,MID,Liverpool,5.0,0.0,1,1.054,,1.054,model,2.726,0.076,0.075,0.0,0.0,5.0
Mheuka,FWD,Chelsea,4.5,0.4,1,1.051,,1.051,model,2.793,0.003,0.0,0.0,0.0,7.353
Palmer,GK,Ipswich,4.0,5.7,1,1.034,,1.034,model,1.948,0.0,0.446,0.0,0.0,6.51
Echeverri,MID,Man City,5.0,0.0,1,1.033,,1.033,model,2.904,0.054,0.09,0.0,0.0,5.0
McConnell,MID,Liverpool,4.5,0.2,1,1.032,,1.032,model,2.417,0.076,0.073,0.0,0.0,4.0
B.Badiashile,DEF,Chelsea,4.5,0.0,1,1.031,,1.031,model,1.828,0.156,0.167,0.0,1.0,4.358
Souza,DEF,Tottenham,4.0,0.3,1,1.03,,1.03,model,2.298,0.227,0.237,0.0,0.0,6.358
Mudryk,MID,Chelsea,5.5,0.0,1,1.029,,1.029,model,2.631,0.067,0.068,0.0,0.0,4.0
Lucky,DEF,Liverpool,4.0,0.1,1,1.027,,1.027,model,2.487,0.167,0.285,0.0,0.0,6.358
Henderson,MID,Chelsea,5.0,0.0,1,1.026,,1.026,model,1.658,0.039,0.055,0.0,1.0,4.0
D.Essugo,MID,Chelsea,4.5,0.2,1,1.025,,1.025,model,2.589,0.075,0.079,0.0,0.0,4.0
Emegha,FWD,Chelsea,5.0,0.1,1,1.023,,1.023,model,2.833,0.008,0.0,0.0,0.0,7.353
Ji-soo,DEF,Brentford,4.5,0.0,1,1.022,,1.022,model,2.395,0.155,0.341,0.0,0.0,6.358
Nyoni,MID,Liverpool,5.0,0.1,1,1.02,,1.02,model,2.826,0.077,0.065,0.0,0.0,4.0
Sosa,DEF,Crystal Palace,4.5,0.0,1,1.019,,1.019,model,2.364,0.165,0.339,0.0,0.0,6.358
Anselmino,DEF,Chelsea,4.5,0.0,1,1.014,,1.014,model,2.528,0.165,0.299,0.0,0.0,6.358
Yohanna,MID,Brighton,5.0,0.1,1,1.011,,1.011,model,2.463,0.071,0.092,0.0,0.0,4.0
Rigg,MID,Sunderland,5.0,0.1,1,1.006,,1.006,model,1.817,0.012,0.053,0.0,1.0,4.0
Dibling,MID,Everton,5.5,0.1,1,0.986,,0.986,model,1.764,0.057,0.049,0.0,1.0,4.0
Dasilva,MID,Brentford,5.0,0.0,1,0.981,,0.981,model,2.624,0.066,0.078,0.0,0.0,4.0
Coppola,DEF,Brighton,4.5,0.0,1,0.968,,0.968,model,2.429,0.156,0.291,0.0,0.0,6.358
Dowell,MID,Hull,4.5,0.5,1,0.964,,0.964,model,1.858,0.087,0.023,0.0,0.0,4.0
Gnonto,MID,Leeds,5.0,0.1,1,0.951,,0.951,model,1.131,0.0,0.0,0.0,1.0,1.0
Kalimuendo,FWD,Nott'm Forest,5.5,0.1,1,0.948,,0.948,model,2.784,0.005,0.0,0.0,0.0,5.627
Jocelin.T,MID,Sunderland,5.0,0.0,1,0.945,,0.945,model,2.477,0.07,0.09,0.0,0.0,4.0
Andrews,MID,Coventry,4.5,0.7,1,0.944,,0.944,model,1.679,0.113,0.041,0.0,0.0,4.0
Targett,DEF,Hull,4.0,3.0,1,0.944,,0.944,model,1.964,0.305,0.157,0.0,0.0,4.0
Igor,DEF,Brighton,4.5,0.1,1,0.94,,0.94,model,1.94,0.129,0.247,0.0,0.0,6.358
Matthews,GK,Crystal Palace,4.0,1.7,1,0.912,,0.912,model,1.859,0.0,0.437,0.0,0.0,6.51
Doucouré,MID,Crystal Palace,5.0,0.1,1,0.906,,0.906,model,2.072,0.086,0.084,0.0,0.0,4.0
Esse,MID,Crystal Palace,5.0,0.1,1,0.904,,0.904,model,2.188,0.067,0.084,0.0,0.0,4.0
Travers,GK,Everton,5.0,0.1,1,0.902,,0.902,model,1.939,0.0,0.451,0.0,0.0,6.51
Bogarde,MID,Aston Villa,5.0,0.1,1,0.893,,0.893,model,1.071,0.007,0.043,0.0,1.0,3.0
Alysson,MID,Aston Villa,5.0,0.0,1,0.893,,0.893,model,2.111,0.063,0.074,0.0,0.0,4.0
Kitching,DEF,Coventry,4.0,0.6,1,0.886,,0.886,model,1.877,0.239,0.189,0.0,0.0,4.408
Adli,MID,Bournemouth,5.0,0.2,1,0.885,,0.885,model,1.283,0.001,0.0,0.0,1.0,1.0
Mehmeti,MID,Ipswich,5.0,0.1,1,0.882,,0.882,model,1.952,0.077,0.072,0.0,0.0,4.0
Cairney,MID,Fulham,5.0,0.0,1,0.88,,0.88,model,1.303,0.0,0.001,0.0,1.0,1.0
Ogbene,MID,Ipswich,5.0,0.0,1,0.88,,0.88,model,2.115,0.067,0.069,0.0,0.0,4.0
Shepherd,MID,Coventry,4.5,0.3,1,0.872,,0.872,model,1.773,0.079,0.039,0.0,0.0,4.0
Gannon-Doak,MID,Bournemouth,5.0,0.1,1,0.864,,0.864,model,1.957,0.071,0.037,0.0,0.0,4.0
J.Rak-Sakyi,MID,Crystal Palace,5.0,0.0,1,0.863,,0.863,model,2.11,0.071,0.071,0.0,0.0,4.0
Rudoni,MID,Coventry,5.0,0.2,1,0.861,,0.861,model,1.798,0.073,0.036,0.0,0.0,4.0
Lecomte,GK,Fulham,4.0,1.4,1,0.861,,0.861,model,1.711,0.0,0.34,0.0,0.0,5.51
Drakes-Thomas,MID,Crystal Palace,4.5,0.1,1,0.857,,0.857,model,1.992,0.065,0.082,0.0,0.0,4.0
Akpom,FWD,Ipswich,5.0,0.5,1,0.857,,0.857,model,2.07,0.005,0.0,0.0,0.0,2.0
M.França,MID,Crystal Palace,5.0,0.0,1,0.855,,0.855,model,2.134,0.068,0.073,0.0,0.0,4.0
Al-Hamadi,FWD,Ipswich,5.0,0.2,1,0.854,,0.854,model,2.135,0.005,0.0,0.0,0.0,4.0
Odobert,MID,Tottenham,5.5,0.0,1,0.843,,0.843,model,1.382,0.001,0.0,0.0,1.0,1.0
Bettinelli,GK,Man City,4.5,0.0,1,0.837,,0.837,model,1.888,0.0,0.41,0.0,0.0,6.51
Rowswell,DEF,Tottenham,4.0,0.1,1,0.825,,0.825,model,2.12,0.179,0.173,0.0,0.0,4.358
Diakité,DEF,Bournemouth,5.0,0.2,1,0.813,,0.813,model,1.658,0.243,0.139,0.0,0.0,4.0
Woodman,GK,Liverpool,4.0,1.2,1,0.813,,0.813,model,1.789,0.0,0.359,0.0,0.0,6.51
Borges Rodrigues,MID,Coventry,4.5,0.2,1,0.808,,0.808,model,1.63,0.076,0.032,0.0,0.0,4.0
Tóth.A,MID,Bournemouth,5.0,0.0,1,0.804,,0.804,model,1.983,0.077,0.03,0.0,0.0,4.0
Valdimarsson,GK,Brentford,4.5,0.1,1,0.801,,0.801,model,1.808,0.0,0.391,0.0,0.0,6.51
Sanchez,DEF,Bournemouth,4.5,0.1,1,0.793,,0.793,model,2.05,0.175,0.166,0.0,0.0,4.0
Tzolakis,GK,Hull,4.5,0.3,1,0.79,,0.79,model,1.487,0.0,0.218,-1.0,0.0,2.0
King,GK,Everton,4.5,0.1,1,0.786,,0.786,model,1.793,0.0,0.377,0.0,0.0,6.51
Byfield,DEF,Tottenham,4.0,0.1,1,0.785,,0.785,model,1.901,0.161,0.211,0.0,0.0,5.358
Yates,MID,Nott'm Forest,4.5,6.9,1,0.773,,0.773,model,1.065,0.0,0.0,0.0,1.0,1.0
Hamer,MID,Coventry,5.5,0.0,1,0.77,,0.77,model,1.673,0.074,0.031,0.0,0.0,4.0
Buonanotte,MID,Brighton,5.0,0.0,1,0.767,,0.767,model,1.284,0.0,0.0,0.0,1.0,1.0
Patterson,DEF,Everton,4.5,0.0,1,0.763,,0.763,model,1.676,0.082,0.137,0.0,0.0,4.0
Gomez,DEF,Liverpool,5.0,0.1,1,0.757,,0.757,model,1.05,0.0,0.0,0.0,1.0,1.0
Adingra,MID,Sunderland,5.0,0.3,1,0.75,,0.75,model,1.259,0.0,0.0,0.0,1.0,1.0
Woolfenden,DEF,Coventry,4.0,0.2,1,0.748,,0.748,model,1.462,0.169,0.112,0.0,0.0,4.0
Eccles,MID,Coventry,5.0,0.0,1,0.74,,0.74,model,1.611,0.067,0.031,0.0,0.0,4.0
Akintola,MID,Hull,5.0,0.0,1,0.738,,0.738,model,1.72,0.075,0.017,0.0,0.0,4.0
McNally,GK,Fulham,4.0,0.2,1,0.728,,0.728,model,1.606,0.0,0.301,0.0,0.0,5.51
Bidwell,DEF,Coventry,4.0,0.1,1,0.722,,0.722,model,1.675,0.191,0.157,0.0,0.0,4.0
Benitez,GK,Crystal Palace,4.5,0.1,1,0.72,,0.72,model,1.718,0.0,0.331,0.0,0.0,6.51
Doku,MID,Man City,7.5,6.4,1,0.711,,0.711,model,1.497,0.0,0.0,0.0,0.0,4.627
Soler,DEF,Bournemouth,4.0,0.6,1,0.706,,0.706,model,1.742,0.165,0.148,0.0,0.0,4.0
Jaouen,GK,Newcastle,4.5,0.1,1,0.702,,0.702,model,1.791,0.0,0.271,0.0,0.0,5.51
Harrison,MID,Leeds,5.0,0.0,1,0.701,,0.701,model,1.146,0.0,0.0,0.0,1.0,1.0
Kesler-Hayden,DEF,Coventry,4.0,0.1,1,0.696,,0.696,model,1.669,0.203,0.137,0.0,0.0,4.0
Button,GK,Ipswich,4.0,0.5,1,0.696,,0.696,model,1.617,0.0,0.305,0.0,0.0,5.51
Van Oevelen,GK,Ipswich,4.5,0.1,1,0.68,,0.68,model,1.591,0.0,0.29,0.0,0.0,5.51
Davies,GK,Liverpool,4.0,0.1,1,0.68,,0.68,model,1.705,0.0,0.283,0.0,0.0,5.51
Gillespie,GK,Newcastle,4.5,0.0,1,0.671,,0.671,model,1.479,0.0,0.26,0.0,0.0,5.51
Mamardashvili,GK,Liverpool,5.0,0.2,1,0.662,,0.662,model,1.523,0.0,0.257,0.0,0.0,5.51
Rodríguez,FWD,Bournemouth,6.0,0.3,1,0.661,,0.661,model,1.926,0.002,0.0,0.0,0.0,2.0
Latibeaudiere,DEF,Coventry,4.0,0.1,1,0.647,,0.647,model,1.652,0.168,0.134,0.0,0.0,4.0
P.M.Sarr,MID,Tottenham,5.0,0.4,1,0.638,,0.638,model,1.053,0.001,0.0,0.0,1.0,1.0
Garner,MID,Everton,6.0,0.4,1,0.634,,0.634,model,1.764,0.135,0.051,0.0,0.0,4.0
Christie,MID,Bournemouth,5.0,0.0,1,0.631,,0.631,model,0.987,0.001,0.0,0.0,1.0,1.0
Penders,GK,Chelsea,4.5,0.1,1,0.631,,0.631,model,1.541,0.0,0.268,0.0,0.0,5.51
Walton,GK,Ipswich,4.5,0.6,1,0.609,,0.609,model,1.586,0.0,0.257,0.0,0.0,5.51
Kroupi.Jr,MID,Bournemouth,7.5,2.8,1,0.602,,0.602,model,1.372,0.0,0.0,0.0,0.0,1.0
Bradley,DEF,Liverpool,5.0,0.0,1,0.602,,0.602,model,0.994,0.0,0.0,0.0,0.0,1.0
Ekitiké,FWD,Liverpool,7.5,0.2,1,0.593,,0.593,model,1.434,0.0,0.0,0.0,0.0,2.0
Brau,DEF,Coventry,4.0,0.0,1,0.587,,0.587,model,1.559,0.152,0.118,0.0,0.0,4.0
Burns,MID,Ipswich,5.0,0.0,1,0.582,,0.582,model,0.908,0.0,0.0,0.0,0.0,1.0
Ugarte,MID,Man United,5.0,0.0,1,0.562,,0.562,model,1.129,0.003,0.001,0.0,0.0,1.0
Iroegbunam,MID,Everton,5.0,0.1,1,0.559,,0.559,model,0.863,0.0,0.0,0.0,0.0,1.0
Szmodics,MID,Ipswich,5.0,0.1,1,0.547,,0.547,model,1.159,0.0,0.0,0.0,0.0,1.0
John,GK,Nott'm Forest,4.5,0.1,1,0.547,,0.547,model,1.683,0.0,0.25,0.0,0.0,5.51
Drameh,DEF,Hull,4.0,0.0,1,0.534,,0.534,model,1.478,0.189,0.076,0.0,0.0,3.0
Forster,GK,Bournemouth,4.0,3.2,1,0.53,,0.53,model,1.376,0.0,0.173,0.0,0.0,2.0
Austin,GK,Tottenham,4.0,0.6,1,0.53,,0.53,model,1.306,0.0,0.183,0.0,0.0,2.0
Reijnders,MID,Man City,6.0,0.4,1,0.527,,0.527,model,1.424,0.0,0.0,0.0,0.0,1.0
McNair,DEF,Hull,4.0,0.1,1,0.524,,0.524,model,1.415,0.173,0.077,0.0,0.0,3.0
Dovin,GK,Coventry,4.0,2.4,1,0.515,,0.515,model,1.261,0.0,0.183,0.0,0.0,2.0
McCarthy,DEF,Hull,4.0,0.1,1,0.502,,0.502,model,1.511,0.153,0.081,0.0,0.0,3.0
Wilson,GK,Coventry,4.5,0.6,1,0.499,,0.499,model,1.244,0.0,0.176,0.0,0.0,2.0
Xavi,MID,Tottenham,6.0,0.0,1,0.481,,0.481,model,1.045,0.0,0.0,0.0,0.0,1.0
Baleba,MID,Brighton,5.0,0.3,1,0.452,,0.452,model,0.836,0.0,0.0,0.0,0.0,1.0
Ellborg,GK,Sunderland,4.5,0.1,1,0.445,,0.445,model,1.432,0.0,0.216,0.0,0.0,2.0
Dennis,GK,Bournemouth,4.0,0.2,1,0.434,,0.434,model,1.228,0.0,0.158,0.0,0.0,2.0
Gruev,MID,Leeds,5.0,0.0,1,0.433,,0.433,model,0.763,0.001,0.0,0.0,0.0,1.0
Morita,MID,Hull,5.0,0.1,1,0.426,,0.426,model,1.496,0.03,0.01,0.0,0.0,2.0
Bornauw,DEF,Leeds,4.5,0.0,1,0.423,,0.423,model,0.695,0.001,0.001,0.0,0.0,1.0
Mitoma,MID,Brighton,6.0,0.1,1,0.417,,0.417,model,1.108,0.001,0.0,0.0,0.0,1.0
Minteh,MID,Brighton,6.0,0.7,1,0.404,,0.404,model,0.988,0.0,0.001,0.0,0.0,1.0
Rodrigo,MID,Man City,6.5,0.1,1,0.379,,0.379,model,1.001,0.001,0.001,0.0,0.0,1.0
Phillips,MID,Man City,5.0,0.0,1,0.369,,0.369,model,0.928,0.0,0.001,0.0,0.0,1.0
Phillips,GK,Hull,4.0,2.0,1,0.363,,0.363,model,1.057,0.0,0.108,0.0,0.0,2.0
Nørgaard,MID,Everton,5.0,0.7,1,0.349,,0.349,model,0.863,0.0,0.0,0.0,0.0,1.0
Savona,DEF,Nott'm Forest,4.5,0.0,1,0.344,,0.344,model,0.803,0.0,0.001,0.0,0.0,1.0
Digne,DEF,Aston Villa,4.5,0.9,1,0.337,,0.337,model,0.779,0.0,0.001,0.0,0.0,1.0
Onana,MID,Aston Villa,5.0,0.0,1,0.287,,0.287,model,0.677,0.001,0.0,0.0,0.0,1.0
Kulusevski,MID,Tottenham,6.5,0.0,1,0.262,,0.262,model,0.798,0.0,0.0,0.0,0.0,1.0
Spence,DEF,Tottenham,4.5,7.0,1,0.257,,0.257,model,0.527,0.001,0.0,0.0,0.0,1.0
Fofana,DEF,Chelsea,5.0,0.0,1,0.253,,0.253,model,0.55,0.0,0.0,0.0,0.0,1.0
Joelinton,MID,Newcastle,5.5,0.1,1,0.225,,0.225,model,0.679,0.0,0.0,0.0,0.0,1.0
Milosavljević,DEF,Bournemouth,5.0,0.0,1,0.22,,0.22,model,0.618,0.002,0.0,0.0,0.0,1.0
De Ligt,DEF,Man United,5.0,0.0,1,0.194,,0.194,model,0.799,0.0,0.0,0.0,0.0,1.0
Livramento,DEF,Newcastle,5.0,0.1,1,0.186,,0.186,model,0.477,0.0,0.0,0.0,0.0,1.0
J.Timber,DEF,Arsenal,6.5,0.4,1,0.171,,0.171,model,0.716,0.001,0.001,0.0,0.0,1.0
Romero,DEF,Tottenham,5.0,1.1,1,0.149,,0.149,model,0.524,0.001,0.0,0.0,0.0,1.0
Chalobah,DEF,Chelsea,5.5,1.3,1,0.134,,0.134,model,0.546,0.001,0.003,0.0,0.0,1.0
Gudmundsson,DEF,Leeds,4.5,0.3,1,0.129,,0.129,model,0.516,0.002,0.001,0.0,0.0,1.0
Saliba,DEF,Arsenal,6.0,0.5,1,0.102,,0.102,model,0.434,0.0,0.0,0.0,0.0,1.0
Gomes,MID,Aston Villa,5.5,0.3,1,0.1,,0.1,model,0.36,0.001,0.001,0.0,0.0,1.0
Van den Berg,DEF,Brentford,5.0,0.7,1,0.089,,0.089,model,0.538,0.003,0.003,0.0,0.0,1.0
Jörgensen,GK,Chelsea,5.0,0.1,1,0.08,,0.08,model,0.307,0.0,0.003,0.0,0.0,1.0
Van de Ven,DEF,Tottenham,5.0,7.3,1,0.074,,0.074,model,0.29,0.001,0.001,0.0,0.0,1.0
Andersen,DEF,Fulham,5.0,0.1,1,0.053,,0.053,model,0.334,0.001,0.001,0.0,0.0,0.0
Ferguson,FWD,Brighton,5.0,0.0,1,0.013,,0.013,model,0.454,0.0,0.0,0.0,0.0,0.0
Manzambi,MID,Aston Villa,6.0,1.8,1,0.007,,0.007,model,0.279,0.0,0.0,0.0,0.0,0.0
Wright,FWD,Coventry,5.5,1.7,1,0.007,,0.007,model,0.243,0.0,0.0,0.0,0.0,0.0
Phillips,DEF,Tottenham,4.5,0.1,1,0.007,,0.007,model,0.162,0.001,0.003,0.0,0.0,0.0
Mateo Joseph,FWD,Leeds,4.5,0.2,1,0.006,,0.006,model,0.238,0.0,0.0,0.0,0.0,0.0
Heaton,GK,Man United,4.0,0.3,1,0.005,,0.005,model,0.172,0.0,0.003,0.0,0.0,0.0
Jaros,GK,Liverpool,4.0,0.0,1,0.005,,0.005,model,0.136,0.0,0.002,0.0,0.0,0.0
Leoni,DEF,Liverpool,4.0,0.1,1,0.004,,0.004,model,0.135,0.001,0.001,0.0,0.0,0.0
Bassette,FWD,Coventry,4.5,0.3,1,0.004,,0.004,model,0.121,0.0,0.0,0.0,0.0,0.0
Masuaku,DEF,Sunderland,4.0,1.3,1,0.004,,0.004,model,0.153,0.001,0.001,0.0,0.0,0.0
Danns,FWD,Liverpool,4.5,0.0,1,0.004,,0.004,model,0.144,0.0,0.0,0.0,0.0,0.0
Milambo,MID,Brentford,5.0,0.0,1,0.004,,0.004,model,0.111,0.001,0.0,0.0,0.0,0.0
Patterson,GK,Sunderland,4.0,0.8,1,0.004,,0.004,model,0.13,0.0,0.002,0.0,0.0,0.0
Jacob,DEF,Hull,4.0,0.0,1,0.003,,0.003,model,0.118,0.001,0.001,0.0,0.0,0.0
Hjelde,DEF,Sunderland,4.0,0.3,1,0.003,,0.003,model,0.157,0.001,0.001,0.0,0.0,0.0
Piroe,FWD,Leeds,5.0,0.5,1,0.003,,0.003,model,0.082,0.0,0.0,0.0,0.0,0.0
Lo-Tutala,GK,Hull,4.0,0.2,1,0.003,,0.003,model,0.126,0.0,0.002,0.0,0.0,0.0
Watson,MID,Brighton,5.0,0.0,1,0.003,,0.003,model,0.117,0.001,0.0,0.0,0.0,0.0
Destan,FWD,Hull,4.5,2.4,1,0.003,,0.003,model,0.073,0.0,0.0,0.0,0.0,0.0
Howell,MID,Brighton,4.5,0.3,1,0.003,,0.003,model,0.089,0.001,0.0,0.0,0.0,0.0
Gyabi,MID,Hull,4.5,0.1,1,0.003,,0.003,model,0.073,0.0,0.0,0.0,0.0,0.0
Matazo,MID,Hull,4.5,0.0,1,0.003,,0.003,model,0.073,0.0,0.0,0.0,0.0,0.0
Cardines,DEF,Crystal Palace,4.5,0.0,1,0.002,,0.002,model,0.104,0.0,0.001,0.0,0.0,0.0
Hughes,DEF,Hull,4.0,0.6,1,0.002,,0.002,model,0.084,0.001,0.0,0.0,0.0,0.0
Alleyne,DEF,Man City,5.0,0.0,1,0.002,,0.002,model,0.066,0.0,0.0,0.0,0.0,0.0
Nedeljkovic,DEF,Aston Villa,4.0,0.7,1,0.002,,0.002,model,0.091,0.001,0.0,0.0,0.0,0.0
Matusiwa,MID,Ipswich,5.0,0.0,1,0.002,,0.002,model,0.121,0.0,0.0,0.0,0.0,0.0
Madjo,FWD,Aston Villa,5.5,0.7,1,0.002,,0.002,model,0.063,0.0,0.0,0.0,0.0,0.0
Iling Jr,MID,Aston Villa,5.0,0.0,1,0.002,,0.002,model,0.066,0.0,0.0,0.0,0.0,0.0
Gelhardt,MID,Leeds,5.0,0.0,1,0.001,,0.001,model,0.052,0.0,0.0,0.0,0.0,0.0
J.Araujo,DEF,Bournemouth,4.5,0.1,1,0.001,,0.001,model,0.058,0.001,0.0,0.0,0.0,0.0
Markelo,FWD,Coventry,5.0,0.1,1,0.001,,0.001,model,0.052,0.0,0.0,0.0,0.0,0.0
Pecsi,GK,Liverpool,4.0,0.1,1,0.001,,0.001,model,0.041,0.0,0.0,0.0,0.0,0.0
Vicario,GK,Tottenham,4.5,1.4,1,0.001,,0.001,model,0.037,0.0,0.0,0.0,0.0,0.0
Bayindir,GK,Man United,4.5,0.1,1,0.001,,0.001,model,0.037,0.0,0.0,0.0,0.0,0.0
Zambrano,MID,Hull,4.5,0.3,1,0.001,,0.001,model,0.037,0.0,0.0,0.0,0.0,0.0
Bajcetic,MID,Liverpool,5.0,0.0,1,0.001,,0.001,model,0.037,0.0,0.0,0.0,0.0,0.0
Burstow,FWD,Hull,4.5,0.4,1,0.001,,0.001,model,0.037,0.0,0.0,0.0,0.0,0.0
Cartwright,GK,Hull,4.0,0.1,1,0.001,,0.001,model,0.026,0.0,0.0,0.0,0.0,0.0
Tzimas,FWD,Brighton,5.5,0.0,1,0.001,,0.001,model,0.037,0.0,0.0,0.0,0.0,0.0
Uche,FWD,Crystal Palace,5.0,0.0,1,0.001,,0.001,model,0.037,0.0,0.0,0.0,0.0,0.0
Kamara,MID,Hull,5.0,0.0,1,0.0,,0.0,model,0.0,0.0,0.0,0.0,0.0,0.0
A.Murphy,DEF,Newcastle,4.0,0.7,1,0.0,,0.0,model,0.0,0.0,0.0,0.0,0.0,0.0
Fredricson,DEF,Man United,4.0,0.1,1,0.0,,0.0,model,0.0,0.0,0.0,0.0,0.0,0.0
Butland,GK,Hull,4.5,0.6,1,0.0,,0.0,model,0.0,0.0,0.0,0.0,0.0,0.0
