player_code,player,pos,team,cost,own,gw,mean,solio,blended,src,sd,app_ev,att_ev,cs_ev,defcon_ev,conc_ev,p5,median,p95
223094,Haaland,FWD,Man City,15.5,68.2,2,6.883,,6.883,model,5.66,1.895,4.987,0.0,0.001,0.0,0.0,7.353,18.06
141746,B.Fernandes,MID,Man United,12.0,49.1,2,6.644,,6.644,model,5.324,1.874,4.141,0.391,0.237,0.0,0.0,5.627,16.612
446008,Mbeumo,MID,Man United,8.0,36.5,2,6.575,,6.575,model,5.539,1.891,4.3,0.375,0.009,0.0,0.0,5.627,15.757
430871,Cunha,MID,Man United,8.0,9.6,2,5.517,,5.517,model,4.863,1.8,3.215,0.372,0.131,0.0,0.0,3.0,14.985
209036,Guéhi,DEF,Man City,6.0,18.9,2,5.454,,5.454,model,4.023,1.926,1.188,1.765,0.812,-0.237,1.0,4.627,13.254
223340,Saka,MID,Arsenal,9.5,10.4,2,5.374,,5.374,model,4.768,1.772,3.107,0.375,0.12,0.0,0.0,3.0,15.612
477424,Gvardiol,DEF,Man City,5.5,13.0,2,5.333,,5.333,model,4.295,1.847,1.457,1.698,0.56,-0.228,0.0,4.627,13.254
226597,Gabriel,DEF,Arsenal,8.0,29.3,2,5.273,,5.273,model,4.038,1.86,0.991,1.79,0.85,-0.217,0.0,4.0,13.254
437730,Semenyo,MID,Man City,8.5,24.8,2,5.063,,5.063,model,4.361,1.893,2.68,0.409,0.08,0.0,0.0,3.0,14.717
502500,Thiago,FWD,Brentford,8.0,16.9,2,5.011,,5.011,model,4.27,1.878,3.109,0.0,0.025,0.0,0.0,2.0,12.707
466052,Cherki,MID,Man City,7.5,10.0,2,5.006,,5.006,model,4.602,1.749,2.853,0.353,0.051,0.0,0.0,3.0,14.717
244851,Palmer,MID,Chelsea,9.5,13.8,2,4.931,,4.931,model,4.45,1.811,2.825,0.236,0.059,0.0,0.0,3.0,14.717
209244,Foden,MID,Man City,7.0,4.2,2,4.882,,4.882,model,4.521,1.757,2.684,0.362,0.078,0.0,0.0,3.0,14.717
472769,O'Reilly,DEF,Man City,6.5,21.1,2,4.766,,4.766,model,4.842,1.552,1.803,1.415,0.185,-0.189,0.0,2.0,13.254
466075,Calafiori,DEF,Arsenal,5.5,41.4,2,4.727,,4.727,model,4.095,1.774,1.16,1.662,0.331,-0.2,0.0,4.0,13.254
176297,Rashford,MID,Man United,7.0,1.7,2,4.71,,4.71,model,4.589,1.701,2.522,0.332,0.155,0.0,0.0,3.0,14.717
219168,Isak,FWD,Liverpool,9.0,16.6,2,4.685,,4.685,model,4.409,1.8,2.881,0.0,0.005,0.0,0.0,2.0,12.707
215379,Anderson,MID,Man City,6.5,6.5,2,4.663,,4.663,model,3.015,1.865,1.208,0.409,1.181,0.0,0.0,4.0,10.358
95658,Maguire,DEF,Man United,5.0,17.3,2,4.651,,4.651,model,3.786,1.794,0.899,1.563,0.621,-0.226,0.0,4.0,11.546
210156,Awoniyi,FWD,Coventry,5.5,0.8,2,4.65,,4.65,model,4.797,1.721,2.924,0.0,0.004,0.0,1.0,2.0,12.707
216646,Wissa,FWD,Newcastle,6.0,2.8,2,4.61,,4.61,model,4.297,1.764,2.842,0.0,0.003,0.0,0.0,2.0,12.707
97032,Virgil,DEF,Liverpool,6.5,19.6,2,4.566,,4.566,model,3.456,1.912,0.714,1.335,0.978,-0.373,0.0,4.0,9.985
219847,Havertz,FWD,Arsenal,7.5,7.1,2,4.554,,4.554,model,4.396,1.752,2.796,0.0,0.006,0.0,0.0,2.0,12.707
513418,Schade,MID,Brentford,6.0,3.5,2,4.552,,4.552,model,4.114,1.84,2.42,0.255,0.037,0.0,0.0,3.0,14.717
465642,Thiaw,DEF,Newcastle,5.0,1.7,2,4.534,,4.534,model,3.952,1.868,1.096,1.085,0.91,-0.425,0.0,3.0,11.985
223827,Ballard,DEF,Sunderland,5.0,5.2,2,4.49,,4.49,model,3.272,1.837,0.485,1.28,1.215,-0.326,0.0,4.0,9.896
201658,Tavernier,MID,Bournemouth,6.0,2.1,2,4.45,,4.45,model,3.859,1.845,2.131,0.27,0.205,0.0,0.0,3.0,11.985
204480,Rice,MID,Arsenal,7.5,17.3,2,4.443,,4.443,model,3.337,1.863,1.567,0.408,0.605,0.0,0.0,3.0,11.254
533463,O.Dango,MID,Brentford,6.5,1.1,2,4.442,,4.442,model,4.145,1.784,2.316,0.24,0.103,0.0,0.0,3.0,12.985
437499,Lacroix,DEF,Chelsea,6.0,9.4,2,4.418,,4.418,model,3.351,1.869,0.62,1.082,1.297,-0.45,0.0,4.0,9.896
216051,Dalot,DEF,Man United,5.0,2.6,2,4.369,,4.369,model,3.85,1.772,1.063,1.521,0.252,-0.24,0.0,3.0,11.985
451284,van Ewijk,DEF,Coventry,4.0,13.2,2,4.365,,4.365,model,3.827,1.917,0.585,1.537,0.627,-0.301,0.0,3.0,8.896
174874,Andersen,DEF,Fulham,5.0,0.1,2,4.335,,4.335,model,3.188,1.818,0.37,1.268,1.205,-0.326,0.0,4.0,8.358
220237,Botman,DEF,Newcastle,5.0,0.5,2,4.325,,4.325,model,3.628,1.79,0.762,1.031,1.147,-0.405,0.0,3.0,10.896
461102,Thomas,DEF,Coventry,4.0,7.9,2,4.308,,4.308,model,3.927,1.876,0.616,1.499,0.604,-0.287,0.0,3.0,8.896
424876,Szoboszlai,MID,Liverpool,7.0,42.8,2,4.305,,4.305,model,3.444,1.88,1.801,0.302,0.322,0.0,0.0,3.0,11.259
171314,Rúben,DEF,Man City,5.5,1.8,2,4.298,,4.298,model,3.257,1.826,0.472,1.691,0.519,-0.211,0.0,4.0,8.896
439509,Tzolis,MID,Arsenal,6.5,25.8,2,4.285,,4.285,model,4.524,1.895,1.732,0.415,0.244,0.0,0.0,3.0,14.717
494595,Wirtz,MID,Liverpool,7.5,11.9,2,4.279,,4.279,model,3.886,1.838,2.097,0.285,0.058,0.0,0.0,3.0,11.985
201666,Barnes,MID,Newcastle,6.0,1.1,2,4.274,,4.274,model,3.982,1.808,2.226,0.233,0.007,0.0,0.0,2.0,11.985
198869,White,DEF,Arsenal,5.5,6.0,2,4.245,,4.245,model,3.593,1.761,0.743,1.691,0.248,-0.198,0.0,3.0,9.985
17761,Tarkowski,DEF,Everton,6.0,8.8,2,4.244,,4.244,model,3.209,1.927,0.599,1.023,1.218,-0.523,0.0,3.0,9.896
200834,Mukiele,DEF,Sunderland,5.5,2.6,2,4.243,,4.243,model,3.325,1.837,0.509,1.347,0.887,-0.336,0.0,4.0,8.896
201895,Alderete,DEF,Sunderland,5.0,0.5,2,4.206,,4.206,model,3.192,1.806,0.355,1.289,1.09,-0.333,0.0,4.0,8.358
106760,Shaw,DEF,Man United,4.5,20.0,2,4.201,,4.201,model,3.325,1.874,0.615,1.658,0.289,-0.234,0.0,3.0,9.985
578153,Khusanov,DEF,Man City,5.5,1.8,2,4.171,,4.171,model,3.567,1.749,0.606,1.568,0.452,-0.202,0.0,3.0,9.985
463981,Hill,DEF,Bournemouth,5.5,0.9,2,4.156,,4.156,model,3.308,1.8,0.488,1.146,1.091,-0.37,0.0,3.0,8.914
475168,João Pedro,FWD,Chelsea,7.5,66.6,2,4.148,,4.148,model,3.728,1.833,2.314,0.0,0.001,0.0,0.0,2.0,12.707
221820,Martinez,DEF,Man United,5.0,1.3,2,4.142,,4.142,model,3.684,1.735,0.8,1.467,0.368,-0.228,0.0,3.0,9.985
494521,Truffert,DEF,Bournemouth,5.5,4.3,2,4.108,,4.108,model,3.279,1.897,0.638,1.204,0.751,-0.382,0.0,3.0,9.896
606702,Jacquet,DEF,Liverpool,5.0,2.4,2,4.101,,4.101,model,4.314,1.799,0.782,1.252,0.613,-0.345,0.0,3.0,9.896
166989,Tielemans,MID,Man United,6.0,2.4,2,4.089,,4.089,model,3.376,1.786,1.532,0.375,0.397,0.0,0.0,3.0,10.358
177815,Calvert-Lewin,FWD,Leeds,6.0,29.4,2,4.084,,4.084,model,3.623,1.875,2.209,0.0,0.0,0.0,0.0,2.0,12.707
484420,E.Le Fée,MID,Sunderland,6.0,9.1,2,4.044,,4.044,model,3.179,1.879,1.416,0.315,0.433,0.0,0.0,3.0,10.358
539142,Amenda,DEF,Coventry,4.0,0.9,2,4.037,,4.037,model,3.781,1.782,0.568,1.425,0.567,-0.306,0.0,3.0,8.358
173878,Dasilva,DEF,Coventry,4.0,0.8,2,3.944,,3.944,model,3.665,1.787,0.465,1.411,0.571,-0.29,0.0,3.0,8.358
444102,Evanilson,FWD,Bournemouth,6.0,2.8,2,3.919,,3.919,model,3.618,1.85,2.069,0.0,0.0,0.0,0.0,2.0,12.707
499604,Rayan,MID,Bournemouth,6.5,2.8,2,3.891,,3.891,model,3.597,1.821,1.738,0.258,0.074,0.0,0.0,2.0,9.358
184029,Ødegaard,MID,Arsenal,6.5,10.9,2,3.89,,3.89,model,3.604,1.736,1.712,0.362,0.08,0.0,0.0,3.0,10.254
440993,Ndiaye,MID,Everton,6.0,16.1,2,3.866,,3.866,model,3.19,1.907,1.427,0.214,0.317,0.0,2.0,2.0,10.358
232892,Bassey,DEF,Fulham,4.5,0.8,2,3.865,,3.865,model,3.031,1.862,0.354,1.251,0.731,-0.334,0.0,3.0,8.358
500040,Mosquera,DEF,Arsenal,5.5,5.9,2,3.847,,3.847,model,3.319,1.606,0.39,1.382,0.653,-0.184,0.0,3.0,8.358
503139,Scott,MID,Bournemouth,6.0,1.5,2,3.831,,3.831,model,2.933,1.815,1.074,0.256,0.685,0.0,0.0,3.0,10.358
532605,Andrey Santos,MID,Man United,5.0,1.0,2,3.81,,3.81,model,3.867,1.692,1.601,0.319,0.199,0.0,0.0,2.0,10.358
221466,Senesi,DEF,Tottenham,6.0,7.8,2,3.808,,3.808,model,3.429,1.608,0.662,0.774,1.205,-0.441,0.0,3.0,9.896
222531,Gibbs-White,MID,Nott'm Forest,8.0,9.6,2,3.764,,3.764,model,3.289,1.905,1.643,0.197,0.018,0.0,2.0,2.0,9.358
169528,Robinson,DEF,Fulham,4.5,1.7,2,3.754,,3.754,model,3.132,1.832,0.521,1.281,0.461,-0.341,0.0,2.0,8.896
513545,M.Sangaré,MID,Brentford,5.6,7.1,2,3.751,,3.751,model,3.995,1.909,1.323,0.274,0.245,0.0,2.0,2.0,10.358
244850,Rogers,MID,Chelsea,7.5,25.7,2,3.734,,3.734,model,3.158,1.889,1.526,0.253,0.067,0.0,0.0,2.0,9.358
153682,Wilson,MID,Leeds,6.5,5.9,2,3.684,,3.684,model,3.258,1.865,1.582,0.209,0.027,0.0,0.0,2.0,9.358
191866,Ajer,DEF,Brentford,4.5,3.9,2,3.682,,3.682,model,3.194,1.778,0.44,1.037,0.81,-0.384,0.0,3.0,8.358
466525,Stach,MID,Leeds,6.0,1.8,2,3.681,,3.681,model,2.922,1.853,1.172,0.208,0.448,0.0,0.0,3.0,9.358
487838,Hall,DEF,Newcastle,5.0,4.0,2,3.664,,3.664,model,3.29,1.866,0.8,1.065,0.368,-0.436,0.0,2.0,9.985
199598,Ampadu,MID,Leeds,5.5,1.4,2,3.657,,3.657,model,2.545,1.869,0.709,0.211,0.868,0.0,0.0,3.5,8.627
219249,O'Riley,MID,Brighton,5.5,0.1,2,3.657,,3.657,model,3.763,1.641,1.764,0.193,0.059,0.0,0.0,2.0,10.358
243298,Gakpo,MID,Liverpool,7.0,5.4,2,3.641,,3.641,model,3.923,1.561,1.847,0.225,0.008,0.0,0.0,2.0,11.985
483067,Silva,DEF,Bournemouth,5.0,0.3,2,3.634,,3.634,model,3.659,1.731,0.589,1.111,0.57,-0.367,0.0,2.0,8.896
610799,Vuskovic,DEF,Brighton,5.0,2.5,2,3.631,,3.631,model,3.85,1.84,0.679,0.959,0.626,-0.473,0.0,2.0,8.896
434752,Bijol,DEF,Leeds,5.0,0.8,2,3.628,,3.628,model,3.087,1.821,0.438,0.85,1.019,-0.5,0.0,3.0,8.358
647850,Kostoulas,FWD,Brighton,5.5,0.2,2,3.628,,3.628,model,3.732,1.66,1.895,0.0,0.073,0.0,0.0,2.0,12.707
522047,Muharemović,DEF,Leeds,5.0,3.4,2,3.626,,3.626,model,3.779,1.893,0.682,0.934,0.636,-0.519,0.0,2.0,8.896
465730,De Cuyper,DEF,Brighton,4.6,6.4,2,3.621,,3.621,model,3.676,1.794,1.245,0.893,0.103,-0.416,0.0,2.0,9.985
154561,Raya,GK,Arsenal,6.0,38.2,2,3.614,,3.614,model,2.626,1.918,0.033,1.894,0.0,-0.231,0.0,2.0,6.51
215413,Dewsbury-Hall,MID,Everton,6.5,4.4,2,3.598,,3.598,model,3.023,1.851,1.357,0.23,0.159,0.0,0.0,2.0,9.358
83299,Dunk,DEF,Brighton,4.5,1.1,2,3.593,,3.593,model,3.174,1.845,0.488,1.0,0.715,-0.454,0.0,3.0,8.358
487676,Hume,DEF,Sunderland,4.5,6.5,2,3.584,,3.584,model,3.096,1.849,0.478,1.324,0.267,-0.334,0.0,2.0,8.358
222683,Kluivert,MID,Bournemouth,6.0,1.2,2,3.573,,3.573,model,3.344,1.764,1.52,0.251,0.039,0.0,0.0,2.0,9.358
434399,Reinildo,DEF,Sunderland,4.5,0.5,2,3.573,,3.573,model,2.937,1.79,0.226,1.274,0.589,-0.305,0.0,2.0,8.358
469142,Van Hecke,DEF,Tottenham,5.0,9.9,2,3.567,,3.567,model,3.327,1.723,0.535,0.909,0.865,-0.466,0.0,3.0,8.896
514254,Gomez,MID,Brighton,5.0,3.8,2,3.565,,3.565,model,3.32,1.814,1.449,0.219,0.083,0.0,0.0,2.0,9.358
204936,Donnarumma,GK,Man City,5.5,8.3,2,3.544,,3.544,model,2.706,1.913,0.086,1.783,0.0,-0.237,0.0,2.0,6.51
575476,Murillo,DEF,Nott'm Forest,5.5,1.7,2,3.543,,3.543,model,2.784,1.881,0.271,0.814,1.142,-0.565,0.0,3.0,8.358
551499,Munoz,MID,Liverpool,6.5,0.6,2,3.54,,3.54,model,4.254,1.648,1.424,0.249,0.218,0.0,0.0,2.0,11.985
465247,Lammens,GK,Man United,5.0,15.8,2,3.526,,3.526,model,2.739,1.895,0.066,1.807,0.0,-0.243,0.0,2.0,6.51
432714,McAtee,MID,Nott'm Forest,5.5,0.1,2,3.489,,3.489,model,3.473,1.682,1.41,0.149,0.248,0.0,0.0,2.0,9.403
607464,Kayode,DEF,Brentford,4.5,6.5,2,3.483,,3.483,model,3.096,1.895,0.57,1.108,0.331,-0.421,0.0,2.0,8.896
480455,Branthwaite,DEF,Everton,5.5,1.8,2,3.474,,3.474,model,3.052,1.852,0.413,0.928,0.788,-0.507,0.0,3.0,8.358
84450,Xhaka,MID,Sunderland,5.5,4.6,2,3.47,,3.47,model,2.239,1.881,0.552,0.31,0.727,0.0,0.0,3.0,8.358
220627,Justin,DEF,Leeds,4.5,1.0,2,3.458,,3.458,model,3.168,1.83,0.547,0.853,0.734,-0.506,0.0,2.0,8.358
227444,Milenković,DEF,Nott'm Forest,5.5,1.9,2,3.454,,3.454,model,2.983,1.912,0.372,0.896,0.845,-0.572,0.0,3.0,8.358
661888,Yirenkyi,MID,Coventry,5.0,0.2,2,3.438,,3.438,model,3.821,1.725,1.162,0.312,0.239,0.0,0.0,2.0,9.358
547719,L.Miley,MID,Newcastle,5.5,0.1,2,3.429,,3.429,model,3.1,1.745,1.158,0.22,0.305,0.0,0.0,2.0,9.358
509416,Ayari,MID,Brighton,5.5,0.7,2,3.425,,3.425,model,2.868,1.766,0.972,0.214,0.473,0.0,0.0,2.0,9.358
166477,Castagne,DEF,Fulham,4.5,0.4,2,3.416,,3.416,model,3.076,1.752,0.382,1.194,0.393,-0.305,0.0,2.0,8.358
226182,Bogle,DEF,Leeds,4.5,0.6,2,3.381,,3.381,model,3.333,1.852,0.741,0.982,0.323,-0.517,0.0,2.0,8.896
216094,Frimpong,DEF,Liverpool,5.5,3.5,2,3.38,,3.38,model,3.29,1.773,0.792,1.143,0.011,-0.34,0.0,2.0,9.985
168144,Grimes,MID,Coventry,5.0,0.2,2,3.371,,3.371,model,3.918,1.721,1.104,0.321,0.225,0.0,0.0,2.0,9.358
225796,James,DEF,Chelsea,5.5,10.1,2,3.367,,3.367,model,3.367,1.759,0.784,0.883,0.363,-0.422,0.0,2.0,9.254
196100,Hamer,MID,Coventry,5.5,0.1,2,3.358,,3.358,model,4.095,1.648,1.18,0.316,0.213,0.0,0.0,2.0,10.358
444463,Fofana,DEF,Chelsea,5.0,0.0,2,3.344,,3.344,model,3.128,1.626,0.329,0.853,0.912,-0.376,0.0,3.0,8.358
60307,Groß,MID,Brighton,5.5,13.3,2,3.343,,3.343,model,2.812,1.873,1.229,0.233,0.007,0.0,0.0,2.0,9.254
158499,Christie,MID,Bournemouth,5.0,0.0,2,3.322,,3.322,model,3.003,1.725,1.033,0.236,0.329,0.0,0.0,2.0,9.358
427637,Aaronson,MID,Leeds,5.5,0.9,2,3.299,,3.299,model,2.917,1.816,1.178,0.2,0.105,0.0,0.0,2.0,9.259
449434,Elanga,MID,Newcastle,6.0,1.7,2,3.289,,3.289,model,3.054,1.777,1.276,0.23,0.005,0.0,0.0,2.0,9.358
427623,Richards,DEF,Crystal Palace,5.0,0.7,2,3.271,,3.271,model,2.877,1.838,0.383,0.657,1.037,-0.644,0.0,3.0,8.358
204580,Janelt,MID,Brentford,5.0,0.3,2,3.269,,3.269,model,2.717,1.752,0.8,0.232,0.485,0.0,0.0,2.0,8.358
586309,Barry,FWD,Everton,5.5,2.3,2,3.265,,3.265,model,3.038,1.762,1.502,0.0,0.001,0.0,0.0,2.0,7.353
544877,Kerkez,DEF,Liverpool,5.5,3.6,2,3.242,,3.242,model,2.92,1.797,0.398,1.19,0.204,-0.346,0.0,2.0,8.358
482609,Gusto,DEF,Chelsea,5.0,1.2,2,3.234,,3.234,model,3.245,1.751,0.733,0.985,0.166,-0.401,0.0,2.0,8.896
215136,N.Williams,DEF,Nott'm Forest,5.0,9.4,2,3.228,,3.228,model,3.057,1.868,0.626,0.808,0.479,-0.553,0.0,2.0,8.896
480457,Rudoni,MID,Coventry,5.0,0.1,2,3.224,,3.224,model,3.943,1.623,1.103,0.297,0.202,0.0,0.0,2.0,9.358
550615,George,MID,Everton,5.5,0.3,2,3.212,,3.212,model,3.188,1.738,1.244,0.178,0.053,0.0,1.0,2.0,9.358
153133,Iwobi,MID,Fulham,5.5,1.0,2,3.157,,3.157,model,2.45,1.846,0.922,0.304,0.084,0.0,0.0,2.0,8.358
231416,F.Kadıoğlu,DEF,Brighton,4.5,2.4,2,3.155,,3.155,model,3.118,1.836,0.673,0.979,0.125,-0.458,0.0,2.0,8.896
651426,Canvot,DEF,Crystal Palace,5.0,0.3,2,3.135,,3.135,model,2.888,1.743,0.365,0.599,1.044,-0.616,0.0,3.0,8.358
496221,Wharton,MID,Crystal Palace,5.5,0.9,2,3.134,,3.134,model,2.271,1.816,0.701,0.148,0.469,0.0,0.0,2.0,8.358
441266,Gravenberch,MID,Liverpool,6.0,2.0,2,3.12,,3.12,model,2.36,1.843,0.7,0.276,0.301,0.0,0.0,2.0,8.358
224967,Mykolenko,DEF,Everton,4.5,1.6,2,3.105,,3.105,model,2.764,1.889,0.339,0.928,0.449,-0.5,0.0,2.0,8.358
108416,Egan,DEF,Hull,4.0,1.9,2,3.096,,3.096,model,3.172,1.797,0.335,0.904,0.57,-0.51,0.0,2.0,8.358
249231,Lewis-Potter,MID,Brentford,5.5,0.9,2,3.093,,3.093,model,2.638,1.796,1.048,0.243,0.005,0.0,0.0,2.0,8.358
568420,Diomande,DEF,Nott'm Forest,5.5,0.8,2,3.04,,3.04,model,3.541,1.709,0.57,0.754,0.529,-0.522,0.0,2.0,8.358
463726,Dedić,DEF,Newcastle,4.5,0.3,2,3.029,,3.029,model,3.912,1.485,0.532,0.846,0.512,-0.346,0.0,2.0,8.358
232928,Garner,MID,Everton,6.0,0.1,2,3.025,,3.025,model,2.672,1.507,0.641,0.168,0.709,0.0,0.0,2.0,8.358
159506,Aina,DEF,Nott'm Forest,4.5,3.6,2,3.024,,3.024,model,2.894,1.873,0.32,0.875,0.531,-0.576,0.0,2.0,8.358
243413,Slater,MID,Hull,4.5,3.6,2,3.014,,3.014,model,2.85,1.855,0.723,0.193,0.243,0.0,0.0,2.0,8.358
448047,Enzo,MID,Chelsea,7.0,4.8,2,3.007,,3.007,model,3.876,1.227,1.566,0.148,0.066,0.0,0.0,2.0,10.358
606930,Mendy,DEF,Hull,4.0,2.5,2,3.001,,3.001,model,2.972,1.823,0.302,0.821,0.599,-0.544,0.0,2.0,8.358
80201,Leno,GK,Fulham,4.5,3.0,2,2.997,,2.997,model,2.546,1.895,0.029,1.411,0.0,-0.339,0.0,2.0,6.51
232653,J.Ramsey,MID,Newcastle,5.0,0.4,2,2.993,,2.993,model,2.516,1.758,0.805,0.223,0.206,0.0,0.0,2.0,8.358
477555,Bobb,MID,Fulham,5.5,0.3,2,2.984,,2.984,model,2.788,1.736,0.939,0.265,0.044,0.0,0.0,2.0,8.358
498016,Roefs,GK,Sunderland,5.0,4.1,2,2.973,,2.973,model,2.527,1.912,0.034,1.386,0.0,-0.359,0.0,2.0,6.51
571779,Palacios,MID,Fulham,5.5,0.2,2,2.97,,2.97,model,3.018,1.695,0.767,0.279,0.229,0.0,0.0,2.0,9.259
488024,Yeremy,MID,Crystal Palace,5.5,0.2,2,2.966,,2.966,model,2.748,1.714,1.049,0.138,0.065,0.0,0.0,2.0,8.358
472739,Rushworth,GK,Coventry,4.5,1.2,2,2.961,,2.961,model,2.628,1.782,0.026,1.44,0.0,-0.287,0.0,2.0,6.51
551466,Gonzalo,FWD,Fulham,6.0,3.0,2,2.951,,2.951,model,3.255,1.748,1.189,0.0,0.014,0.0,0.0,2.0,7.353
460028,Colwill,DEF,Chelsea,5.0,1.6,2,2.947,,2.947,model,2.975,1.768,0.458,1.018,0.125,-0.423,0.0,2.0,8.358
204120,Boscagli,DEF,Brighton,4.5,0.3,2,2.943,,2.943,model,3.016,1.657,0.37,0.838,0.479,-0.401,0.0,2.0,8.358
441264,Brobbey,FWD,Sunderland,6.0,13.3,2,2.931,,2.931,model,2.587,1.811,1.119,0.0,0.001,0.0,0.0,2.0,7.353
232351,Giles,DEF,Hull,4.0,0.9,2,2.912,,2.912,model,2.878,1.763,0.275,0.798,0.592,-0.516,0.0,2.0,8.358
193278,Coyle,DEF,Hull,4.0,0.6,2,2.912,,2.912,model,3.065,1.737,0.312,0.815,0.58,-0.532,0.0,2.0,8.358
200089,Willock,MID,Newcastle,5.0,0.2,2,2.898,,2.898,model,2.751,1.681,0.915,0.204,0.098,0.0,0.0,2.0,8.358
609873,Armstrong,MID,Everton,5.0,0.2,2,2.894,,2.894,model,2.798,1.706,0.833,0.195,0.16,0.0,0.0,2.0,8.358
551210,Hato,DEF,Chelsea,4.5,0.5,2,2.893,,2.893,model,2.869,1.704,0.36,0.846,0.369,-0.386,0.0,2.0,8.358
469272,Tchaouna,MID,Coventry,5.5,0.2,2,2.887,,2.887,model,2.699,1.72,0.846,0.306,0.014,0.0,0.0,2.0,9.254
169432,McBurnie,FWD,Hull,5.5,1.9,2,2.874,,2.874,model,3.157,1.734,1.124,0.0,0.016,0.0,0.0,2.0,7.353
482973,Igor Jesus,FWD,Nott'm Forest,6.0,3.9,2,2.872,,2.872,model,2.63,1.775,1.092,0.0,0.006,0.0,0.0,2.0,7.353
116535,A.Becker,GK,Liverpool,5.5,3.7,2,2.869,,2.869,model,2.551,1.9,0.051,1.297,0.0,-0.379,0.0,2.0,6.51
540324,Belloumi,MID,Hull,5.0,0.6,2,2.859,,2.859,model,2.903,1.719,0.698,0.184,0.258,0.0,0.0,2.0,8.358
577725,King,MID,Fulham,5.5,0.4,2,2.848,,2.848,model,2.546,1.752,0.786,0.267,0.043,0.0,0.0,2.0,8.358
54469,Smith,DEF,Bournemouth,4.5,0.1,2,2.837,,2.837,model,2.835,1.698,0.29,1.042,0.138,-0.331,0.0,2.0,7.896
513466,Röhl,MID,Everton,5.0,0.1,2,2.812,,2.812,model,2.577,1.678,0.736,0.194,0.205,0.0,0.0,2.0,8.358
101282,Crooks,MID,Hull,4.5,0.7,2,2.795,,2.795,model,2.702,1.745,0.615,0.193,0.243,0.0,0.0,2.0,8.358
457569,Petrović,GK,Bournemouth,4.5,3.3,2,2.792,,2.792,model,2.531,1.893,0.048,1.257,0.0,-0.405,0.0,2.0,6.51
536661,Angulo,MID,Sunderland,5.0,0.1,2,2.792,,2.792,model,2.685,1.674,0.846,0.271,0.001,0.0,0.0,2.0,8.358
199798,Konsa,DEF,Arsenal,4.5,11.3,2,2.792,,2.792,model,3.206,1.298,0.284,1.193,0.171,-0.154,0.0,2.0,8.358
456512,Ndoye,MID,Nott'm Forest,5.5,0.4,2,2.788,,2.788,model,2.572,1.713,0.825,0.171,0.08,0.0,0.0,2.0,8.358
208706,Bruno G.,MID,Arsenal,7.0,3.1,2,2.785,,2.785,model,3.489,1.229,1.215,0.255,0.086,0.0,0.0,2.0,9.358
514356,Lavia,MID,Chelsea,5.0,0.1,2,2.78,,2.78,model,2.711,1.682,0.753,0.198,0.147,0.0,0.0,2.0,8.358
531442,Fatawu,MID,Ipswich,5.5,0.2,2,2.773,,2.773,model,2.538,1.717,0.756,0.094,0.205,0.0,0.0,2.0,8.358
608227,Stroud,MID,Hull,5.0,0.1,2,2.769,,2.769,model,2.935,1.66,0.709,0.184,0.215,0.0,0.0,2.0,8.358
209400,Kamada,MID,Crystal Palace,5.0,0.3,2,2.763,,2.763,model,2.127,1.759,0.543,0.143,0.318,0.0,0.0,2.0,8.358
577669,Sadiki,MID,Sunderland,5.0,0.3,2,2.762,,2.762,model,1.973,1.843,0.479,0.302,0.138,0.0,0.0,2.0,8.358
474120,Enciso,MID,Ipswich,5.5,0.4,2,2.761,,2.761,model,2.648,1.709,0.798,0.085,0.169,0.0,0.0,2.0,8.358
204561,Schlager,MID,Nott'm Forest,5.0,0.1,2,2.758,,2.758,model,2.952,1.623,0.754,0.175,0.207,0.0,0.0,2.0,8.358
441164,Pedro Porro,DEF,Tottenham,5.5,13.8,2,2.757,,2.757,model,3.266,1.458,0.605,0.708,0.39,-0.404,0.0,2.0,8.358
433154,McNeil,MID,Crystal Palace,5.5,0.2,2,2.754,,2.754,model,2.419,1.7,0.732,0.143,0.179,0.0,0.0,2.0,8.358
244723,Mitchell,DEF,Crystal Palace,4.5,5.8,2,2.728,,2.728,model,2.748,1.888,0.365,0.69,0.466,-0.681,0.0,2.0,8.358
207189,Berge,MID,Fulham,5.0,0.4,2,2.691,,2.691,model,1.804,1.823,0.342,0.291,0.235,0.0,0.0,2.0,5.677
200720,Kelleher,GK,Brentford,5.0,6.4,2,2.679,,2.679,model,2.532,1.908,0.08,1.123,0.0,-0.432,0.0,2.0,6.51
106611,Keane,DEF,Everton,5.0,1.5,2,2.663,,2.663,model,3.248,1.242,0.377,0.578,0.805,-0.339,0.0,2.0,8.358
212314,Lukić,MID,Ipswich,5.0,0.1,2,2.652,,2.652,model,2.135,1.757,0.497,0.099,0.299,0.0,0.0,2.0,7.627
551226,Fernandes,MID,Tottenham,6.0,1.7,2,2.642,,2.642,model,2.827,1.363,0.672,0.158,0.448,0.0,0.0,2.0,8.358
543968,Emersonn,FWD,Ipswich,5.5,1.4,2,2.638,,2.638,model,2.643,1.767,0.855,0.0,0.015,0.0,0.0,2.0,7.353
119471,Schär,DEF,Newcastle,5.0,0.3,2,2.625,,2.625,model,3.536,1.122,0.496,0.622,0.642,-0.257,0.0,1.0,8.896
552946,Hjertø-Dahl,MID,Hull,5.0,0.1,2,2.625,,2.625,model,2.833,1.603,0.655,0.163,0.203,0.0,0.0,2.0,8.358
570794,Khalaili,DEF,Crystal Palace,5.0,0.1,2,2.621,,2.621,model,3.049,1.622,0.379,0.638,0.52,-0.538,0.0,2.0,8.358
247412,Strand Larsen,FWD,Crystal Palace,6.0,0.5,2,2.611,,2.611,model,2.318,1.775,0.835,0.0,0.001,0.0,0.0,2.0,7.353
442967,Maeda,MID,Ipswich,5.5,0.4,2,2.598,,2.598,model,2.576,1.731,0.563,0.087,0.217,0.0,0.0,2.0,8.358
465351,Matheus N.,DEF,Man City,6.0,1.6,2,2.535,,2.535,model,3.289,1.115,0.423,0.921,0.199,-0.123,0.0,1.0,8.358
470551,Horníček,GK,Newcastle,5.0,0.7,2,2.535,,2.535,model,2.543,1.803,0.044,1.106,0.0,-0.418,0.0,2.0,6.51
501390,Núñez,MID,Ipswich,5.0,0.1,2,2.503,,2.503,model,2.507,1.663,0.539,0.088,0.213,0.0,0.0,2.0,8.358
111234,Pickford,GK,Everton,5.5,8.7,2,2.491,,2.491,model,2.41,1.937,0.055,1.024,0.0,-0.525,0.0,2.0,6.51
223723,Tomiyasu,DEF,Crystal Palace,4.5,0.4,2,2.482,,2.482,model,2.849,1.643,0.29,0.594,0.539,-0.585,0.0,2.0,8.358
455084,Davis,DEF,Ipswich,4.0,5.0,2,2.48,,2.48,model,2.679,1.84,0.456,0.439,0.636,-0.891,0.0,2.0,8.358
489639,Verbruggen,GK,Brighton,4.5,21.6,2,2.478,,2.478,model,2.377,1.921,0.031,1.025,0.0,-0.499,0.0,2.0,6.51
491279,Van de Ven,DEF,Tottenham,5.0,4.4,2,2.427,,2.427,model,2.958,1.416,0.375,0.696,0.322,-0.383,0.0,1.0,8.358
216616,O'Shea,DEF,Ipswich,4.0,3.5,2,2.39,,2.39,model,2.64,1.862,0.302,0.459,0.659,-0.893,0.0,2.0,8.358
440089,Damsgaard,MID,Brentford,5.5,0.6,2,2.388,,2.388,model,3.19,1.123,0.871,0.145,0.249,0.0,0.0,2.0,8.658
224117,Gyökeres,FWD,Arsenal,7.4,7.4,2,2.352,,2.352,model,3.68,0.96,1.392,0.0,0.0,0.0,0.0,1.0,10.98
499169,Lewis-Skelly,MID,Arsenal,5.5,0.7,2,2.337,,2.337,model,1.688,1.683,0.282,0.357,0.015,0.0,0.0,2.0,5.031
222694,Struijk,DEF,Brighton,5.0,0.2,2,2.317,,2.317,model,3.196,1.099,0.377,0.59,0.529,-0.278,0.0,1.0,8.358
122806,McGinn,MID,Aston Villa,5.5,3.0,2,2.309,,2.309,model,2.24,1.556,0.581,0.142,0.03,0.0,0.0,2.0,8.358
432720,Trafford,GK,Leeds,5.0,3.9,2,2.309,,2.309,model,2.618,1.814,0.107,0.9,0.0,-0.512,0.0,1.0,6.51
85633,Sels,GK,Nott'm Forest,5.0,1.6,2,2.303,,2.303,model,2.43,1.892,0.076,0.891,0.0,-0.556,0.0,1.0,6.51
485711,Šeško,FWD,Man United,7.0,1.7,2,2.283,,2.283,model,3.773,0.854,1.428,0.0,0.001,0.0,0.0,1.0,11.707
247348,Muñoz,DEF,Crystal Palace,5.5,8.8,2,2.278,,2.278,model,2.959,1.467,0.548,0.546,0.206,-0.49,0.0,1.0,8.358
432422,Tonali,MID,Tottenham,5.5,3.9,2,2.204,,2.204,model,2.639,1.272,0.634,0.137,0.161,0.0,0.0,2.0,8.358
184349,Sessegnon,DEF,Fulham,4.5,0.4,2,2.193,,2.193,model,3.336,0.972,0.458,0.546,0.347,-0.131,0.0,1.0,8.358
512462,O'Brien,DEF,Everton,5.0,0.5,2,2.178,,2.178,model,2.86,1.315,0.276,0.673,0.269,-0.356,0.0,1.0,8.358
449429,Greaves,DEF,Ipswich,4.0,1.5,2,2.178,,2.178,model,2.472,1.781,0.252,0.4,0.613,-0.868,0.0,2.0,8.358
219924,Diop,DEF,Ipswich,4.0,17.4,2,2.174,,2.174,model,2.622,1.794,0.305,0.417,0.533,-0.875,0.0,1.0,7.896
232413,Eze,MID,Arsenal,6.5,1.8,2,2.146,,2.146,model,3.368,0.932,1.048,0.157,0.009,0.0,0.0,1.0,9.358
445087,Araujo,DEF,Liverpool,5.5,2.7,2,2.144,,2.144,model,3.706,0.935,0.477,0.609,0.311,-0.187,0.0,0.0,8.358
167074,Tete,DEF,Fulham,4.5,0.3,2,2.125,,2.125,model,3.069,0.999,0.266,0.677,0.353,-0.17,0.0,1.0,8.358
444180,Anthony,MID,Brentford,6.0,0.2,2,2.112,,2.112,model,3.013,1.074,0.85,0.134,0.054,0.0,0.0,1.0,8.358
448514,Aït-Nouri,DEF,Man City,5.5,0.8,2,2.107,,2.107,model,3.357,0.876,0.528,0.706,0.091,-0.095,0.0,0.0,8.896
174594,Nmecha,FWD,Leeds,5.5,0.6,2,2.096,,2.096,model,3.102,0.955,1.14,0.0,0.001,0.0,0.0,1.0,7.353
473284,Tzolakis,GK,Hull,4.5,2.1,2,2.072,,2.072,model,2.267,1.772,0.011,0.839,0.0,-0.549,0.0,1.0,6.51
214590,Wan-Bissaka,DEF,Aston Villa,4.5,0.0,2,2.07,,2.07,model,2.506,1.414,0.166,0.543,0.379,-0.433,0.0,1.0,7.627
226944,Kamara,MID,Aston Villa,5.0,0.3,2,2.02,,2.02,model,1.979,1.385,0.263,0.134,0.239,0.0,0.0,2.0,5.0
98980,Martinez,GK,Aston Villa,5.0,4.1,2,1.998,,1.998,model,2.222,1.763,0.022,0.765,0.0,-0.552,0.0,1.0,6.51
611922,Ngumoha,MID,Liverpool,6.0,1.1,2,1.996,,1.996,model,3.044,0.975,0.94,0.075,0.007,0.0,0.0,1.0,8.358
244954,Pau,DEF,Aston Villa,4.5,0.4,2,1.971,,1.971,model,2.626,1.321,0.211,0.513,0.34,-0.414,0.0,1.0,8.358
172649,Henderson,GK,Crystal Palace,5.0,1.9,2,1.957,,1.957,model,2.159,1.905,0.026,0.702,0.0,-0.676,0.0,1.0,6.51
508395,Yarmoliuk,MID,Brentford,5.0,1.2,2,1.952,,1.952,model,2.368,1.123,0.342,0.142,0.345,0.0,0.0,1.0,5.627
114243,J.Murphy,MID,Newcastle,6.0,0.2,2,1.95,,1.95,model,2.734,1.045,0.796,0.104,0.004,0.0,0.0,1.0,8.358
93605,Meunier,DEF,Sunderland,4.5,0.3,2,1.945,,1.945,model,3.337,0.893,0.276,0.641,0.297,-0.162,0.0,0.0,8.358
441191,Livramento,DEF,Newcastle,5.0,0.0,2,1.943,,1.943,model,2.745,1.107,0.28,0.636,0.149,-0.23,0.0,1.0,6.914
448104,Hincapie,DEF,Arsenal,5.5,1.6,2,1.936,,1.936,model,3.029,0.838,0.25,0.66,0.26,-0.072,0.0,0.0,8.358
577285,George Hemmings,MID,Aston Villa,4.5,0.7,2,1.929,,1.929,model,2.239,1.321,0.308,0.121,0.179,0.0,0.0,2.0,5.0
146426,Ajayi,DEF,Hull,4.0,1.5,2,1.925,,1.925,model,2.841,1.108,0.216,0.568,0.339,-0.307,0.0,1.0,8.358
60689,Wood,FWD,Nott'm Forest,6.0,1.7,2,1.924,,1.924,model,2.768,1.081,0.843,0.0,0.0,0.0,0.0,2.0,7.353
243526,Gudmundsson,DEF,Leeds,4.5,0.0,2,1.923,,1.923,model,2.757,1.129,0.325,0.53,0.221,-0.282,0.0,1.0,8.358
195384,Merino,MID,Arsenal,6.0,0.6,2,1.915,,1.915,model,3.221,0.865,0.856,0.097,0.097,0.0,0.0,1.0,8.358
606798,A.García,DEF,Aston Villa,4.0,1.7,2,1.914,,1.914,model,2.849,1.175,0.177,0.552,0.385,-0.374,0.0,1.0,8.358
441302,Maatsen,DEF,Aston Villa,4.5,0.8,2,1.907,,1.907,model,2.574,1.228,0.336,0.45,0.193,-0.3,0.0,1.0,6.896
149484,Mings,DEF,Aston Villa,4.5,0.4,2,1.893,,1.893,model,2.609,1.204,0.225,0.452,0.393,-0.379,0.0,1.0,7.896
243016,Mac Allister,MID,Liverpool,5.5,1.6,2,1.89,,1.89,model,2.6,1.063,0.628,0.141,0.058,0.0,0.0,1.0,8.358
111317,Brooks,MID,Bournemouth,5.0,0.1,2,1.887,,1.887,model,2.827,0.91,0.911,0.057,0.009,0.0,0.0,1.0,8.358
247632,Neto,MID,Chelsea,6.5,1.3,2,1.884,,1.884,model,2.829,0.96,0.8,0.122,0.002,0.0,0.0,1.0,8.358
210462,I.Sangaré,MID,Nott'm Forest,5.0,1.0,2,1.878,,1.878,model,2.215,1.127,0.319,0.098,0.335,0.0,0.0,1.0,5.627
155408,Cook,MID,Bournemouth,5.0,0.2,2,1.855,,1.855,model,2.335,1.005,0.268,0.114,0.469,0.0,0.0,1.0,5.0
167512,O'Nien,DEF,Sunderland,4.0,3.5,2,1.854,,1.854,model,2.634,1.03,0.147,0.619,0.21,-0.151,0.0,1.0,7.896
218997,Simms,FWD,Coventry,5.0,1.0,2,1.85,,1.85,model,3.419,0.902,0.942,0.0,0.006,0.0,0.0,0.0,7.353
230001,Mazraoui,DEF,Man United,4.5,0.7,2,1.842,,1.842,model,2.959,0.846,0.264,0.567,0.252,-0.087,0.0,1.0,8.358
98747,Pope,GK,Newcastle,5.0,1.3,2,1.831,,1.831,model,2.427,1.281,0.04,0.803,0.0,-0.293,0.0,1.0,6.51
435997,Okafor,MID,Leeds,6.0,0.4,2,1.829,,1.829,model,2.704,1.036,0.684,0.093,0.015,0.0,0.0,1.0,8.358
199796,Cash,DEF,Aston Villa,4.5,8.0,2,1.828,,1.828,model,2.512,1.329,0.236,0.554,0.125,-0.416,0.0,1.0,6.358
195546,Buendía,MID,Aston Villa,6.0,1.2,2,1.822,,1.822,model,2.087,1.258,0.454,0.075,0.035,0.0,0.0,1.0,6.627
428580,Onyeka,MID,Coventry,5.0,0.2,2,1.821,,1.821,model,3.103,0.925,0.586,0.171,0.139,0.0,0.0,0.0,8.358
75115,Wilson,FWD,Brentford,5.5,0.4,2,1.819,,1.819,model,2.653,0.937,0.882,0.0,0.0,0.0,0.0,1.0,7.353
550864,Yoro,DEF,Man United,5.0,0.7,2,1.818,,1.818,model,3.032,0.874,0.355,0.463,0.193,-0.067,0.0,1.0,8.358
493105,Garnacho,MID,Aston Villa,6.0,0.6,2,1.814,,1.814,model,2.42,1.124,0.599,0.078,0.013,0.0,0.0,1.0,8.358
230730,Thomas-Asante,FWD,Coventry,5.0,0.8,2,1.792,,1.792,model,3.513,0.878,0.905,0.0,0.009,0.0,0.0,0.0,7.353
458249,Zirkzee,FWD,Man United,5.5,0.6,2,1.781,,1.781,model,2.876,0.843,0.936,0.0,0.003,0.0,0.0,1.0,7.353
50175,Welbeck,FWD,Chelsea,6.0,1.0,2,1.754,,1.754,model,2.968,0.839,0.914,0.0,0.001,0.0,0.0,1.0,7.353
460842,Kudus,MID,Tottenham,6.5,0.1,2,1.751,,1.751,model,2.62,0.982,0.584,0.105,0.081,0.0,0.0,1.0,8.358
67089,Dubravka,GK,Tottenham,4.0,18.8,2,1.728,,1.728,model,2.246,1.389,0.007,0.722,0.0,-0.391,0.0,1.0,6.51
596777,Dorgu,MID,Man United,6.0,1.2,2,1.72,,1.72,model,2.708,0.894,0.678,0.112,0.035,0.0,0.0,1.0,8.358
244858,Carvalho,MID,Brentford,5.0,0.0,2,1.705,,1.705,model,2.507,0.942,0.723,0.025,0.015,0.0,0.0,1.0,7.358
168636,Enes Ünal,FWD,Bournemouth,5.5,0.0,2,1.694,,1.694,model,2.118,0.903,0.791,0.0,0.0,0.0,0.0,1.0,6.353
244860,Hackney,MID,Everton,5.5,0.3,2,1.68,,1.68,model,2.881,0.971,0.479,0.106,0.123,0.0,0.0,0.0,5.627
481655,Zubimendi,MID,Arsenal,5.5,1.0,2,1.679,,1.679,model,2.415,0.957,0.481,0.188,0.053,0.0,0.0,1.0,8.358
242898,Johnson,MID,Everton,6.0,0.2,2,1.664,,1.664,model,2.475,0.995,0.568,0.084,0.017,0.0,0.0,1.0,8.358
200785,Adams,MID,Bournemouth,5.0,0.2,2,1.659,,1.659,model,2.154,0.981,0.228,0.13,0.319,0.0,0.0,1.0,5.0
154566,Solanke,FWD,Tottenham,6.0,1.3,2,1.654,,1.654,model,2.865,0.867,0.775,0.0,0.013,0.0,0.0,0.0,7.353
114283,Grealish,MID,Man City,6.5,0.2,2,1.648,,1.648,model,2.737,0.806,0.667,0.125,0.05,0.0,0.0,1.0,8.358
477064,Lewis,DEF,Man City,4.5,0.2,2,1.647,,1.647,model,2.962,0.788,0.401,0.449,0.069,-0.061,0.0,1.0,7.896
485055,Kinsky,GK,Tottenham,4.5,23.0,2,1.643,,1.643,model,2.32,1.299,0.044,0.664,0.0,-0.364,0.0,1.0,6.51
645618,Burrowes,MID,Aston Villa,4.5,0.7,2,1.633,,1.633,model,2.252,1.073,0.309,0.102,0.149,0.0,0.0,2.0,5.0
122798,Robertson,DEF,Tottenham,4.5,3.9,2,1.614,,1.614,model,2.585,1.044,0.389,0.368,0.041,-0.228,0.0,1.0,6.358
202993,Bentancur,MID,Tottenham,5.5,0.2,2,1.601,,1.601,model,2.153,0.935,0.224,0.096,0.347,0.0,0.0,1.0,5.0
169359,Targett,DEF,Hull,4.0,2.3,2,1.598,,1.598,model,2.763,0.919,0.197,0.456,0.293,-0.267,0.0,0.0,7.64
248857,Madueke,MID,Arsenal,6.5,0.3,2,1.597,,1.597,model,2.803,0.773,0.722,0.097,0.005,0.0,0.0,1.0,8.358
624773,Estêvão,MID,Chelsea,6.5,1.2,2,1.578,,1.578,model,2.436,0.884,0.64,0.049,0.005,0.0,0.0,1.0,7.358
511499,Tel,MID,Tottenham,6.0,0.5,2,1.57,,1.57,model,2.392,0.914,0.573,0.053,0.03,0.0,0.0,1.0,7.358
209046,Hudson-Odoi,MID,Nott'm Forest,6.0,0.2,2,1.566,,1.566,model,2.19,1.01,0.46,0.088,0.009,0.0,0.0,1.0,5.677
631786,Kusi-Asare,FWD,Fulham,4.5,7.1,2,1.557,,1.557,model,2.804,0.905,0.641,0.0,0.011,0.0,0.0,0.0,7.353
209289,Smith Rowe,MID,Fulham,5.5,0.4,2,1.546,,1.546,model,2.241,0.982,0.43,0.113,0.021,0.0,0.0,1.0,7.358
636852,Steur,MID,Newcastle,5.0,0.1,2,1.542,,1.542,model,2.902,0.825,0.513,0.102,0.101,0.0,0.0,0.0,8.358
516895,Mainoo,MID,Man United,5.5,1.0,2,1.53,,1.53,model,2.243,0.889,0.375,0.13,0.137,0.0,0.0,1.0,5.627
205533,Nketiah,FWD,Crystal Palace,5.5,0.5,2,1.527,,1.527,model,2.047,0.991,0.526,0.0,0.01,0.0,0.0,1.0,6.353
510281,Sávio,MID,Tottenham,6.5,0.3,2,1.524,,1.524,model,2.514,0.806,0.662,0.038,0.019,0.0,0.0,1.0,7.358
135720,Danso,DEF,Tottenham,5.0,0.2,2,1.521,,1.521,model,2.428,0.857,0.134,0.292,0.416,-0.178,0.0,1.0,8.358
88894,Barkley,MID,Aston Villa,5.0,0.2,2,1.504,,1.504,model,1.778,1.091,0.317,0.056,0.04,0.0,0.0,1.0,5.0
184341,Mount,MID,Man United,5.5,0.0,2,1.501,,1.501,model,2.563,0.735,0.705,0.041,0.02,0.0,0.0,1.0,7.358
204968,Yates,MID,Nott'm Forest,4.5,1.5,2,1.49,,1.49,model,1.926,1.017,0.297,0.062,0.113,0.0,0.0,1.0,5.0
108413,Hughes,MID,Crystal Palace,4.5,11.1,2,1.484,,1.484,model,1.701,1.11,0.238,0.061,0.076,0.0,0.0,1.0,4.627
153366,Reed,MID,Fulham,4.5,1.5,2,1.482,,1.482,model,2.532,0.866,0.357,0.141,0.117,0.0,0.0,0.0,5.0
461587,McAteer,MID,Ipswich,4.5,1.4,2,1.469,,1.469,model,1.938,1.055,0.3,0.035,0.079,0.0,0.0,1.0,4.627
172780,Maddison,MID,Tottenham,6.5,1.2,2,1.456,,1.456,model,2.671,0.711,0.654,0.042,0.05,0.0,0.0,1.0,7.358
437505,Isidor,FWD,Sunderland,5.5,0.9,2,1.449,,1.449,model,2.087,0.924,0.526,0.0,0.0,0.0,0.0,1.0,6.353
244042,Muniz,FWD,Fulham,5.5,0.6,2,1.447,,1.447,model,2.029,0.945,0.503,0.0,0.0,0.0,0.0,1.0,6.353
248056,Tanaka,MID,Leeds,5.0,0.2,2,1.438,,1.438,model,2.156,0.893,0.381,0.062,0.102,0.0,0.0,1.0,5.627
152551,Lerma,MID,Crystal Palace,5.0,0.1,2,1.436,,1.436,model,1.892,0.939,0.19,0.062,0.245,0.0,0.0,1.0,5.0
194010,Henry,DEF,Brentford,4.5,0.3,2,1.432,,1.432,model,2.25,0.935,0.194,0.391,0.032,-0.119,0.0,1.0,6.358
216055,Florentino,MID,Ipswich,5.0,0.1,2,1.416,,1.416,model,1.878,0.893,0.114,0.046,0.363,0.0,0.0,1.0,4.0
180135,Longstaff,MID,Leeds,5.0,0.1,2,1.415,,1.415,model,2.0,0.906,0.372,0.048,0.089,0.0,0.0,1.0,5.627
444884,Elliott,MID,Liverpool,5.5,0.1,2,1.404,,1.404,model,1.852,0.863,0.541,0.0,0.0,0.0,0.0,1.0,7.358
433969,Suzuki,GK,Aston Villa,5.0,0.8,2,1.397,,1.397,model,2.069,1.233,0.007,0.543,0.0,-0.386,0.0,1.0,6.51
611665,Touré,MID,Newcastle,6.0,0.2,2,1.368,,1.368,model,3.089,0.667,0.523,0.085,0.093,0.0,0.0,0.0,8.358
80178,Bidwell,DEF,Coventry,4.0,0.1,2,1.365,,1.365,model,3.207,0.591,0.227,0.445,0.197,-0.095,0.0,0.0,6.358
486672,Caicedo,MID,Chelsea,5.5,3.3,2,1.362,,1.362,model,2.196,0.742,0.231,0.094,0.295,0.0,0.0,0.0,5.0
204813,Latibeaudiere,DEF,Coventry,4.0,0.0,2,1.351,,1.351,model,2.753,0.604,0.175,0.466,0.201,-0.095,0.0,0.0,7.896
438234,Marmoush,FWD,Man City,7.0,1.0,2,1.348,,1.348,model,2.303,0.741,0.602,0.0,0.005,0.0,0.0,1.0,6.353
490094,Iroegbunam,MID,Everton,5.0,0.0,2,1.346,,1.346,model,1.84,0.908,0.202,0.068,0.167,0.0,0.0,1.0,4.627
240514,Scherpen,GK,Ipswich,4.5,0.7,2,1.343,,1.343,model,1.872,1.731,0.007,0.424,0.0,-0.819,0.0,1.0,6.51
502697,Alcaraz,MID,Everton,5.0,0.1,2,1.34,,1.34,model,1.908,0.911,0.339,0.057,0.033,0.0,0.0,1.0,5.0
246301,J.Cuenca,DEF,Fulham,4.5,0.0,2,1.338,,1.338,model,2.424,0.689,0.11,0.334,0.285,-0.08,0.0,0.0,8.358
560552,Kevin,MID,Fulham,5.5,0.1,2,1.33,,1.33,model,1.734,0.941,0.323,0.046,0.021,0.0,0.0,1.0,4.627
173879,Abraham,FWD,Aston Villa,5.5,0.1,2,1.317,,1.317,model,1.716,0.889,0.427,0.0,0.001,0.0,0.0,1.0,6.353
250199,Dominguez,MID,Nott'm Forest,5.0,0.1,2,1.316,,1.316,model,1.79,0.912,0.254,0.043,0.107,0.0,0.0,1.0,4.627
684268,Shepherd,MID,Coventry,4.5,0.3,2,1.315,,1.315,model,2.844,0.682,0.411,0.129,0.093,0.0,0.0,0.0,5.0
487053,Udogie,DEF,Tottenham,4.5,0.5,2,1.313,,1.313,model,2.176,0.921,0.149,0.388,0.063,-0.208,0.0,1.0,6.358
59735,Darlow,GK,Man United,4.5,0.0,2,1.31,,1.31,model,2.442,0.707,0.055,0.639,0.0,-0.092,0.0,0.0,6.51
638411,Methalie,DEF,Sunderland,4.5,0.0,2,1.301,,1.301,model,2.66,0.628,0.133,0.456,0.203,-0.119,0.0,0.0,6.358
115556,Davies,DEF,Tottenham,4.0,1.1,2,1.296,,1.296,model,2.309,0.794,0.188,0.277,0.2,-0.164,0.0,0.0,6.358
463936,Gittens,MID,Chelsea,6.0,0.0,2,1.292,,1.292,model,1.696,0.888,0.386,0.014,0.004,0.0,0.0,1.0,4.627
232787,Gallagher,MID,Tottenham,5.5,0.3,2,1.291,,1.291,model,2.009,0.819,0.276,0.084,0.113,0.0,0.0,0.0,5.0
223541,Chiesa,MID,Liverpool,5.5,0.1,2,1.289,,1.289,model,1.89,0.791,0.498,0.001,0.0,0.0,0.0,1.0,7.358
214285,Tsimikas,DEF,Liverpool,5.0,0.1,2,1.284,,1.284,model,2.301,0.759,0.339,0.163,0.081,-0.057,0.0,1.0,6.358
242882,Diakité,DEF,Bournemouth,5.0,0.2,2,1.279,,1.279,model,2.361,0.661,0.066,0.37,0.287,-0.105,0.0,0.0,7.896
443261,Clarke,MID,Ipswich,5.5,0.3,2,1.261,,1.261,model,1.653,0.965,0.234,0.024,0.038,0.0,0.0,1.0,4.0
463034,Delap,FWD,Chelsea,5.5,0.4,2,1.256,,1.256,model,2.141,0.771,0.484,0.0,0.001,0.0,0.0,1.0,6.353
549912,Talbi,MID,Sunderland,5.5,0.2,2,1.253,,1.253,model,1.953,0.861,0.288,0.096,0.008,0.0,0.0,1.0,3.0
513086,Schuster,DEF,Brentford,4.5,0.2,2,1.252,,1.252,model,2.778,0.617,0.195,0.362,0.218,-0.14,0.0,0.0,6.358
241293,Mason-Clark,MID,Coventry,5.5,0.1,2,1.247,,1.247,model,2.904,0.61,0.45,0.118,0.069,0.0,0.0,0.0,5.627
463067,Georginio,FWD,Brighton,5.5,1.1,2,1.245,,1.245,model,1.983,0.808,0.424,0.0,0.013,0.0,0.0,1.0,6.353
517052,N.Jackson,FWD,Chelsea,6.5,0.3,2,1.238,,1.238,model,2.635,0.577,0.659,0.0,0.001,0.0,0.0,0.0,7.353
461199,Mundle,MID,Sunderland,5.0,0.0,2,1.237,,1.237,model,1.448,0.931,0.307,0.0,0.0,0.0,0.0,1.0,1.05
200617,James,MID,Leeds,5.0,0.1,2,1.236,,1.236,model,1.719,0.878,0.327,0.027,0.004,0.0,0.0,1.0,4.627
538207,Osula,FWD,Newcastle,6.0,1.1,2,1.232,,1.232,model,1.857,0.722,0.51,0.0,0.0,0.0,0.0,1.0,6.353
494928,Sanchez,DEF,Bournemouth,4.5,0.2,2,1.226,,1.226,model,2.654,0.616,0.169,0.368,0.202,-0.129,0.0,0.0,6.358
226965,Torp,MID,Coventry,5.5,0.2,2,1.225,,1.225,model,2.599,0.636,0.389,0.113,0.087,0.0,0.0,0.0,5.031
532529,Hinshelwood,MID,Brighton,6.0,2.2,2,1.225,,1.225,model,2.321,0.693,0.465,0.063,0.004,0.0,0.0,0.0,7.358
606745,Heaven,DEF,Man United,4.5,0.4,2,1.223,,1.223,model,2.455,0.615,0.169,0.341,0.147,-0.049,0.0,0.0,7.627
432830,Collins,DEF,Brentford,5.5,2.0,2,1.22,,1.22,model,2.651,0.532,0.184,0.304,0.293,-0.094,0.0,0.0,8.358
575901,Soler,DEF,Bournemouth,4.0,0.2,2,1.218,,1.218,model,2.674,0.597,0.171,0.385,0.191,-0.125,0.0,0.0,6.358
465694,N.Gonzalez,MID,Man City,5.5,0.1,2,1.216,,1.216,model,2.134,0.677,0.268,0.106,0.165,0.0,0.0,0.0,5.0
91651,Kovačić,MID,Man City,5.5,0.1,2,1.204,,1.204,model,2.161,0.673,0.377,0.083,0.07,0.0,0.0,0.0,6.627
231065,Pinnock,DEF,Brentford,4.5,0.1,2,1.2,,1.2,model,2.572,0.534,0.128,0.349,0.302,-0.113,0.0,0.0,8.358
547701,Gray,MID,Tottenham,5.0,0.2,2,1.198,,1.198,model,1.964,0.814,0.27,0.063,0.051,0.0,0.0,1.0,4.0
597462,Herrington,DEF,Hull,4.0,0.7,2,1.188,,1.188,model,2.366,0.723,0.142,0.325,0.226,-0.227,0.0,0.0,6.358
184667,Lindelöf,DEF,Aston Villa,4.5,0.3,2,1.184,,1.184,model,1.854,0.974,0.061,0.337,0.041,-0.229,0.0,1.0,6.358
575458,Jair Cunha,DEF,Nott'm Forest,4.5,0.2,2,1.176,,1.176,model,2.102,0.801,0.145,0.208,0.179,-0.157,0.0,1.0,6.358
632794,Bamba,MID,Newcastle,5.0,0.1,2,1.173,,1.173,model,2.791,0.619,0.379,0.084,0.091,0.0,0.0,0.0,5.0
487992,Ruggeri,DEF,Aston Villa,4.5,0.1,2,1.17,,1.17,model,2.394,0.737,0.127,0.304,0.231,-0.229,0.0,0.0,6.358
556637,Oriola,MID,Brighton,4.5,0.3,2,1.164,,1.164,model,2.7,0.631,0.358,0.086,0.089,0.0,0.0,0.0,5.0
593174,Furo,FWD,Brentford,4.5,0.9,2,1.163,,1.163,model,2.853,0.618,0.541,0.0,0.004,0.0,0.0,0.0,7.353
577974,Amass,DEF,Man United,4.0,0.2,2,1.156,,1.156,model,3.117,0.437,0.212,0.411,0.147,-0.052,0.0,0.0,6.358
109646,Tosin,DEF,Chelsea,4.5,0.2,2,1.155,,1.155,model,2.182,0.677,0.104,0.214,0.244,-0.083,0.0,0.0,6.358
553746,Shahar,DEF,Newcastle,4.0,0.1,2,1.152,,1.152,model,2.589,0.617,0.143,0.341,0.197,-0.146,0.0,0.0,6.358
569577,Rowe,DEF,Aston Villa,4.0,0.0,2,1.152,,1.152,model,2.291,0.711,0.077,0.347,0.239,-0.223,0.0,0.0,6.358
472713,Hickey,DEF,Brentford,4.5,0.1,2,1.147,,1.147,model,1.913,0.802,0.182,0.187,0.049,-0.073,0.0,1.0,6.358
620109,Palestra,DEF,Chelsea,5.5,2.5,2,1.14,,1.14,model,2.796,0.54,0.232,0.321,0.179,-0.131,0.0,0.0,6.358
158983,Endo,MID,Liverpool,5.0,0.1,2,1.136,,1.136,model,1.465,0.849,0.249,0.021,0.017,0.0,0.0,1.0,4.0
570526,Bergvall,MID,Tottenham,5.5,0.2,2,1.135,,1.135,model,1.664,0.826,0.244,0.042,0.023,0.0,0.0,1.0,4.0
501459,Sakamoto,MID,Coventry,5.0,0.1,2,1.123,,1.123,model,2.553,0.583,0.345,0.108,0.087,0.0,0.0,0.0,5.0
572584,Ouattara,DEF,Ipswich,4.0,1.0,2,1.115,,1.115,model,2.296,0.875,0.167,0.214,0.285,-0.425,0.0,0.0,6.358
643970,Lienou,DEF,Leeds,4.0,0.1,2,1.115,,1.115,model,2.595,0.611,0.173,0.282,0.217,-0.168,0.0,0.0,6.358
485337,Guessand,MID,Crystal Palace,5.5,0.0,2,1.113,,1.113,model,1.671,0.821,0.241,0.029,0.022,0.0,0.0,1.0,3.0
205651,G.Jesus,FWD,Arsenal,6.0,0.3,2,1.105,,1.105,model,1.881,0.6,0.505,0.0,0.0,0.0,0.0,1.0,6.353
592740,Cresswell,MID,Leeds,4.5,0.1,2,1.102,,1.102,model,2.506,0.615,0.341,0.068,0.078,0.0,0.0,0.0,4.0
439668,Eccles,MID,Coventry,5.0,0.0,2,1.101,,1.101,model,2.783,0.545,0.378,0.103,0.075,0.0,0.0,0.0,5.0
454490,Svoboda,DEF,Brighton,5.0,0.1,2,1.095,,1.095,model,2.494,0.569,0.177,0.302,0.188,-0.142,0.0,0.0,6.358
512123,Hadjam,DEF,Brighton,4.5,0.0,2,1.088,,1.088,model,2.563,0.572,0.18,0.298,0.185,-0.146,0.0,0.0,6.358
696104,Ahoka,MID,Sunderland,4.5,0.0,2,1.088,,1.088,model,2.305,0.625,0.288,0.094,0.08,0.0,0.0,0.0,4.0
557012,Walle Egeli,FWD,Ipswich,4.5,2.4,2,1.081,,1.081,model,2.175,0.715,0.357,0.0,0.009,0.0,0.0,0.0,5.627
499726,Olusesi,MID,Tottenham,4.5,0.8,2,1.072,,1.072,model,2.329,0.635,0.269,0.073,0.094,0.0,0.0,0.0,4.0
653481,Alysson,MID,Aston Villa,5.0,0.0,2,1.07,,1.07,model,2.249,0.673,0.251,0.056,0.09,0.0,0.0,0.0,4.0
222625,Hirst,FWD,Ipswich,5.0,0.2,2,1.068,,1.068,model,1.266,0.811,0.257,0.0,0.0,0.0,0.0,1.0,1.0
554197,Rigg,MID,Sunderland,5.0,0.1,2,1.065,,1.065,model,1.846,0.709,0.293,0.05,0.013,0.0,0.0,1.0,4.0
110690,Wilson,GK,Coventry,4.5,0.5,2,1.06,,1.06,model,2.088,0.637,0.0,0.529,0.0,-0.106,0.0,0.0,6.51
627221,Cherif,FWD,Coventry,5.0,0.1,2,1.047,,1.047,model,2.646,0.537,0.503,0.0,0.007,0.0,0.0,0.0,7.353
49262,Steele,GK,Brighton,4.0,4.1,2,1.045,,1.045,model,2.022,0.745,0.007,0.469,0.0,-0.177,0.0,0.0,6.51
496661,Dibling,MID,Everton,5.5,0.0,2,1.044,,1.044,model,1.792,0.697,0.258,0.036,0.053,0.0,0.0,1.0,4.627
596047,Obi,FWD,Man United,4.5,1.1,2,1.042,,1.042,model,3.339,0.429,0.61,0.0,0.003,0.0,0.0,0.0,7.353
220362,Disasi,DEF,Chelsea,4.5,0.1,2,1.04,,1.04,model,2.208,0.656,0.149,0.362,0.0,-0.126,0.0,0.0,6.358
204822,O.Richards,DEF,Nott'm Forest,4.0,0.2,2,1.039,,1.039,model,2.493,0.622,0.155,0.263,0.198,-0.199,0.0,0.0,6.358
444145,Martinelli,MID,Arsenal,6.4,0.2,2,1.031,,1.031,model,1.877,0.575,0.456,0.0,0.0,0.0,0.0,1.0,7.358
496208,Gannon-Doak,MID,Bournemouth,5.0,0.1,2,1.031,,1.031,model,2.535,0.549,0.321,0.084,0.076,0.0,0.0,0.0,4.0
570241,Ji-soo,DEF,Brentford,4.5,0.0,2,1.029,,1.029,model,2.374,0.513,0.135,0.317,0.171,-0.107,0.0,0.0,6.358
515597,Bogarde,MID,Aston Villa,5.0,0.1,2,1.027,,1.027,model,1.125,0.91,0.054,0.051,0.012,0.0,0.0,1.0,3.0
499175,Nwaneri,MID,Arsenal,5.5,0.0,2,1.022,,1.022,model,1.517,0.714,0.308,0.0,0.0,0.0,0.0,1.0,4.627
173774,Elvedi,DEF,Leeds,4.5,0.0,2,1.021,,1.021,model,2.423,0.579,0.168,0.266,0.171,-0.162,0.0,0.0,6.358
231899,Taylor,MID,Ipswich,4.5,0.0,2,1.02,,1.02,model,1.047,0.864,0.156,0.0,0.0,0.0,0.0,1.0,1.0
171270,Dowell,MID,Hull,4.5,0.4,2,1.014,,1.014,model,2.153,0.637,0.231,0.07,0.076,0.0,0.0,0.0,4.0
489888,Adli,MID,Bournemouth,5.0,0.0,2,1.001,,1.001,model,1.55,0.67,0.331,0.0,0.0,0.0,0.0,1.0,4.627
577016,Acheampong,DEF,Chelsea,4.5,0.3,2,0.999,,0.999,model,1.917,0.676,0.189,0.171,0.041,-0.078,0.0,1.0,6.358
561245,Rodríguez,FWD,Bournemouth,6.0,0.1,2,0.996,,0.996,model,2.742,0.493,0.498,0.0,0.004,0.0,0.0,0.0,7.353
200641,Nelson,MID,Arsenal,5.5,0.0,2,0.989,,0.989,model,1.801,0.59,0.398,0.0,0.001,0.0,0.0,1.0,4.627
519913,Fletcher,MID,Man United,4.5,0.3,2,0.984,,0.984,model,2.836,0.448,0.394,0.091,0.05,0.0,0.0,0.0,5.0
614574,Tóth.A,MID,Bournemouth,5.0,0.0,2,0.983,,0.983,model,2.401,0.517,0.327,0.079,0.06,0.0,0.0,0.0,5.0
523700,Jebbison,FWD,Bournemouth,5.0,0.0,2,0.982,,0.982,model,2.683,0.507,0.472,0.0,0.003,0.0,0.0,0.0,7.353
550090,Coppola,DEF,Brighton,4.5,0.0,2,0.97,,0.97,model,2.409,0.504,0.129,0.295,0.165,-0.124,0.0,0.0,6.358
492859,Gnonto,MID,Leeds,5.0,0.0,2,0.96,,0.96,model,1.159,0.775,0.182,0.001,0.001,0.0,0.0,1.0,1.0
576620,Bendito Mantato,MID,Man United,4.5,0.2,2,0.958,,0.958,model,3.199,0.397,0.418,0.086,0.057,0.0,0.0,0.0,4.0
183015,Kipré,DEF,Ipswich,4.0,0.6,2,0.944,,0.944,model,2.094,0.75,0.138,0.183,0.233,-0.36,0.0,0.0,6.358
232457,Mehmeti,MID,Ipswich,5.0,0.1,2,0.942,,0.942,model,2.248,0.567,0.272,0.035,0.068,0.0,0.0,0.0,4.0
538007,David,FWD,Brighton,6.0,0.3,2,0.926,,0.926,model,2.484,0.495,0.428,0.0,0.003,0.0,0.0,0.0,7.353
470315,Netz,DEF,Nott'm Forest,4.5,0.0,2,0.921,,0.921,model,1.493,0.761,0.123,0.112,0.003,-0.079,0.0,1.0,2.0
612855,Osman,MID,Brighton,5.0,0.0,2,0.918,,0.918,model,2.544,0.495,0.294,0.066,0.063,0.0,0.0,0.0,4.0
611695,Yalcouyé,MID,Brighton,4.5,0.1,2,0.917,,0.917,model,2.305,0.511,0.284,0.063,0.06,0.0,0.0,0.0,4.0
616222,Vitor Reis,DEF,Man City,4.5,0.0,2,0.917,,0.917,model,2.536,0.378,0.122,0.35,0.113,-0.046,0.0,0.0,6.358
700308,Yohanna,MID,Brighton,5.0,0.1,2,0.914,,0.914,model,2.235,0.529,0.256,0.067,0.061,0.0,0.0,0.0,4.0
699989,Jocelin.T,MID,Sunderland,5.0,0.0,2,0.907,,0.907,model,2.287,0.506,0.261,0.082,0.058,0.0,0.0,0.0,4.0
56979,Henderson,MID,Chelsea,5.0,0.0,2,0.902,,0.902,model,1.655,0.631,0.215,0.032,0.023,0.0,0.0,0.0,3.0
451490,Costinha,DEF,Brighton,4.5,0.0,2,0.89,,0.89,model,2.245,0.485,0.103,0.276,0.148,-0.122,0.0,0.0,6.358
491501,McConnell,MID,Liverpool,4.5,0.3,2,0.89,,0.89,model,2.333,0.475,0.279,0.07,0.067,0.0,0.0,0.0,4.0
463210,Charles,MID,Fulham,5.0,0.1,2,0.886,,0.886,model,2.115,0.529,0.207,0.078,0.071,0.0,0.0,0.0,4.0
176420,Furlong,DEF,Ipswich,4.0,0.6,2,0.885,,0.885,model,1.993,0.732,0.115,0.16,0.233,-0.355,0.0,0.0,4.0
499309,Marc Guiu,FWD,Chelsea,5.0,0.5,2,0.883,,0.883,model,1.518,0.564,0.319,0.0,0.0,0.0,0.0,1.0,4.627
86873,Lecomte,GK,Fulham,4.0,1.2,2,0.878,,0.878,model,1.911,0.557,0.004,0.415,0.0,-0.097,0.0,0.0,6.51
519440,Lucky,DEF,Liverpool,4.0,0.1,2,0.862,,0.862,model,2.315,0.411,0.136,0.259,0.137,-0.081,0.0,0.0,6.358
147675,Akpom,FWD,Ipswich,5.0,0.5,2,0.854,,0.854,model,2.066,0.535,0.314,0.0,0.005,0.0,0.0,0.0,2.0
465680,Kalimuendo,FWD,Nott'm Forest,5.5,0.1,2,0.853,,0.853,model,2.255,0.491,0.356,0.0,0.005,0.0,0.0,0.0,5.627
40383,Forster,GK,Bournemouth,4.0,3.2,2,0.843,,0.843,model,2.035,0.553,0.033,0.367,0.0,-0.109,0.0,0.0,6.51
438464,Doucouré,MID,Crystal Palace,5.0,0.1,2,0.842,,0.842,model,1.875,0.552,0.183,0.046,0.061,0.0,0.0,0.0,4.0
661800,McCarthy,DEF,Hull,4.0,0.1,2,0.837,,0.837,model,2.097,0.517,0.099,0.222,0.15,-0.152,0.0,0.0,6.358
547686,De Fougerolles,DEF,Fulham,4.0,0.0,2,0.831,,0.831,model,2.495,0.377,0.117,0.279,0.123,-0.066,0.0,0.0,6.358
481624,Philogene,MID,Ipswich,5.5,0.1,2,0.83,,0.83,model,1.181,0.661,0.169,0.0,0.0,0.0,0.0,1.0,1.0
553783,Zambrano,MID,Hull,4.5,0.1,2,0.824,,0.824,model,1.925,0.517,0.179,0.056,0.072,0.0,0.0,0.0,4.0
242313,Mingueza,DEF,Crystal Palace,4.5,0.1,2,0.82,,0.82,model,1.992,0.549,0.101,0.18,0.183,-0.194,0.0,0.0,6.358
486385,Beto,FWD,Everton,5.5,2.5,2,0.817,,0.817,model,1.451,0.535,0.282,0.0,0.0,0.0,0.0,1.0,4.627
536916,Buonanotte,MID,Brighton,5.0,0.0,2,0.808,,0.808,model,1.436,0.557,0.251,0.0,0.0,0.0,0.0,1.0,1.0
76357,Cairney,MID,Fulham,5.0,0.0,2,0.804,,0.804,model,1.071,0.661,0.143,0.0,0.0,0.0,0.0,1.0,1.0
559152,Gozo,MID,Crystal Palace,5.0,0.0,2,0.804,,0.804,model,1.847,0.523,0.177,0.041,0.063,0.0,0.0,0.0,4.0
212319,Richarlison,FWD,Tottenham,6.0,3.0,2,0.792,,0.792,model,1.567,0.475,0.317,0.0,0.0,0.0,0.0,0.0,4.713
208481,Ömür,MID,Hull,5.0,0.0,2,0.787,,0.787,model,2.014,0.477,0.193,0.05,0.067,0.0,0.0,0.0,4.0
462635,Gelhardt,MID,Hull,5.0,0.0,2,0.787,,0.787,model,1.948,0.478,0.179,0.059,0.071,0.0,0.0,0.0,4.0
450542,J.Rak-Sakyi,MID,Crystal Palace,5.0,0.0,2,0.786,,0.786,model,1.829,0.502,0.176,0.042,0.067,0.0,0.0,0.0,4.0
672492,Drakes-Thomas,MID,Crystal Palace,4.5,0.1,2,0.78,,0.78,model,1.695,0.537,0.138,0.045,0.06,0.0,0.0,0.0,3.0
221399,Harrison,MID,Leeds,5.0,0.0,2,0.779,,0.779,model,1.319,0.559,0.22,0.0,0.0,0.0,0.0,1.0,1.0
550839,Odobert,MID,Tottenham,5.5,0.0,2,0.777,,0.777,model,1.19,0.607,0.17,0.0,0.0,0.0,0.0,1.0,1.0
498444,Chavarria,DEF,Chelsea,5.0,0.2,2,0.777,,0.777,model,2.203,0.419,0.134,0.202,0.129,-0.107,0.0,0.0,6.358
536694,M.França,MID,Crystal Palace,5.0,0.0,2,0.775,,0.775,model,1.724,0.516,0.147,0.042,0.069,0.0,0.0,0.0,4.0
591386,Nyoni,MID,Liverpool,5.0,0.0,2,0.774,,0.774,model,2.452,0.385,0.284,0.065,0.04,0.0,0.0,0.0,3.0
554578,Jaouen,GK,Newcastle,4.5,0.0,2,0.77,,0.77,model,1.798,0.538,0.011,0.337,0.0,-0.115,0.0,0.0,6.51
640419,Byfield,DEF,Tottenham,4.0,0.1,2,0.77,,0.77,model,2.183,0.423,0.1,0.212,0.149,-0.115,0.0,0.0,6.358
489706,Devenny,MID,Crystal Palace,5.0,0.0,2,0.767,,0.767,model,1.329,0.558,0.209,0.0,0.0,0.0,0.0,1.0,1.0
215711,Bailey,MID,Aston Villa,5.5,0.1,2,0.765,,0.765,model,1.179,0.592,0.172,0.0,0.001,0.0,0.0,1.0,1.0
469266,Gourna-Douath,MID,Hull,5.0,0.0,2,0.752,,0.752,model,1.818,0.476,0.173,0.046,0.057,0.0,0.0,0.0,4.0
476887,Bakwa,MID,Nott'm Forest,5.5,0.0,2,0.752,,0.752,model,1.209,0.565,0.186,0.0,0.001,0.0,0.0,1.0,1.0
213292,Akintola,MID,Hull,5.0,0.0,2,0.75,,0.75,model,1.845,0.468,0.166,0.052,0.063,0.0,0.0,0.0,4.0
171287,Gomez,DEF,Liverpool,5.0,0.0,2,0.736,,0.736,model,1.072,0.615,0.12,0.001,0.0,0.0,0.0,1.0,1.0
576628,Lacey,MID,Man United,5.0,0.0,2,0.734,,0.734,model,2.623,0.316,0.327,0.059,0.033,0.0,0.0,0.0,3.0
499716,Rowswell,DEF,Tottenham,4.0,0.1,2,0.726,,0.726,model,2.1,0.406,0.119,0.192,0.123,-0.114,0.0,0.0,6.358
535818,Adingra,MID,Sunderland,5.0,0.1,2,0.723,,0.723,model,1.216,0.548,0.174,0.001,0.0,0.0,0.0,1.0,1.0
81441,Gillespie,GK,Newcastle,4.5,0.0,2,0.714,,0.714,model,1.71,0.537,0.007,0.304,0.0,-0.133,0.0,0.0,6.51
106921,Rulli,GK,Man City,5.0,0.0,2,0.71,,0.71,model,1.828,0.379,0.004,0.371,0.0,-0.043,0.0,0.0,6.51
500058,Danns,FWD,Liverpool,4.5,0.0,2,0.71,,0.71,model,2.263,0.373,0.334,0.0,0.003,0.0,0.0,0.0,2.0
507433,Valdimarsson,GK,Brentford,4.5,0.1,2,0.708,,0.708,model,1.71,0.506,0.007,0.308,0.0,-0.113,0.0,0.0,6.51
167825,Phillips,GK,Hull,4.0,1.6,2,0.707,,0.707,model,1.633,0.59,0.0,0.284,0.0,-0.167,0.0,0.0,6.51
611917,Williams-Barnett,MID,Tottenham,4.5,0.1,2,0.706,,0.706,model,2.084,0.392,0.213,0.042,0.059,0.0,0.0,0.0,4.0
482442,P.M.Sarr,MID,Tottenham,5.0,0.2,2,0.696,,0.696,model,1.171,0.533,0.161,0.0,0.002,0.0,0.0,1.0,1.0
206915,C.Jones,MID,Liverpool,5.5,0.0,2,0.696,,0.696,model,1.426,0.465,0.23,0.0,0.001,0.0,0.0,0.0,1.0
229600,Travers,GK,Everton,5.0,0.0,2,0.695,,0.695,model,1.638,0.556,0.0,0.287,0.0,-0.148,0.0,0.0,6.51
560262,Kroupi.Jr,MID,Bournemouth,7.5,0.3,2,0.693,,0.693,model,1.648,0.393,0.3,0.0,0.0,0.0,0.0,0.0,1.0
622758,Anselmino,DEF,Chelsea,4.5,0.0,2,0.689,,0.689,model,2.118,0.346,0.114,0.2,0.116,-0.087,0.0,0.0,6.358
138001,King,GK,Everton,4.5,0.0,2,0.685,,0.685,model,1.657,0.535,0.0,0.295,0.0,-0.144,0.0,0.0,6.51
160817,McNair,DEF,Hull,4.0,0.1,2,0.683,,0.683,model,1.966,0.396,0.09,0.179,0.133,-0.114,0.0,0.0,4.118
547037,J.Fletcher,MID,Man United,5.0,0.0,2,0.682,,0.682,model,2.083,0.347,0.22,0.072,0.043,0.0,0.0,0.0,3.0
514514,Koumas,MID,Liverpool,5.0,0.0,2,0.682,,0.682,model,2.127,0.366,0.214,0.051,0.051,0.0,0.0,0.0,3.0
109745,Arrizabalaga,GK,Arsenal,5.0,0.1,2,0.68,,0.68,model,1.841,0.362,0.018,0.341,0.0,-0.042,0.0,0.0,6.51
122074,Bettinelli,GK,Man City,4.5,0.0,2,0.672,,0.672,model,1.777,0.362,0.004,0.346,0.0,-0.039,0.0,0.0,6.51
437495,Meslier,GK,Arsenal,5.0,0.0,2,0.658,,0.658,model,1.869,0.343,0.011,0.347,0.0,-0.044,0.0,0.0,6.51
616077,Dowman,MID,Arsenal,5.5,0.1,2,0.657,,0.657,model,2.033,0.341,0.194,0.072,0.05,0.0,0.0,0.0,3.0
449027,Mamardashvili,GK,Liverpool,5.0,0.2,2,0.653,,0.653,model,1.663,0.434,0.018,0.274,0.0,-0.074,0.0,0.0,6.51
492777,Bradley,DEF,Liverpool,5.0,0.0,2,0.647,,0.647,model,1.133,0.504,0.143,0.0,0.001,-0.0,0.0,1.0,1.0
248875,Doku,MID,Man City,7.5,1.4,2,0.644,,0.644,model,1.337,0.407,0.236,0.001,0.0,0.0,0.0,0.0,1.0
169593,Matthews,GK,Crystal Palace,4.0,1.8,2,0.639,,0.639,model,1.533,0.598,0.0,0.244,0.0,-0.202,0.0,0.0,6.51
112520,Palmer,GK,Ipswich,4.0,4.6,2,0.636,,0.636,model,1.559,0.79,0.023,0.204,0.0,-0.381,0.0,0.0,2.0
155503,Woodman,GK,Liverpool,4.0,1.1,2,0.634,,0.634,model,1.737,0.419,0.018,0.286,0.0,-0.089,0.0,0.0,6.51
543158,Barco,MID,Chelsea,5.5,0.1,2,0.633,,0.633,model,2.086,0.326,0.224,0.044,0.039,0.0,0.0,0.0,3.0
567119,Mheuka,FWD,Chelsea,4.5,0.3,2,0.624,,0.624,model,2.101,0.331,0.288,0.0,0.005,0.0,0.0,0.0,2.0
486520,Gruev,MID,Leeds,5.0,0.0,2,0.624,,0.624,model,1.174,0.495,0.098,0.019,0.013,0.0,0.0,0.0,2.0
510663,Ekitiké,FWD,Liverpool,7.5,0.1,2,0.619,,0.619,model,1.576,0.333,0.286,0.0,0.0,0.0,0.0,0.0,1.0
149929,Burns,MID,Ipswich,5.0,0.0,2,0.611,,0.611,model,1.041,0.498,0.114,0.0,0.0,0.0,0.0,0.0,1.0
445122,J.Timber,DEF,Arsenal,6.5,0.1,2,0.599,,0.599,model,1.914,0.284,0.141,0.171,0.021,-0.019,0.0,0.0,5.664
72147,M.Bizot,GK,Aston Villa,4.5,0.1,2,0.583,,0.583,model,1.523,0.508,0.026,0.195,0.0,-0.147,0.0,0.0,2.0
465920,Mudryk,MID,Chelsea,5.5,0.0,2,0.58,,0.58,model,1.905,0.316,0.181,0.048,0.035,0.0,0.0,0.0,3.0
593117,Quenda,MID,Chelsea,5.5,0.0,2,0.571,,0.571,model,1.777,0.329,0.143,0.045,0.054,0.0,0.0,0.0,3.0
232112,Ugarte,MID,Man United,5.0,0.0,2,0.563,,0.563,model,1.087,0.441,0.121,0.0,0.001,0.0,0.0,0.0,1.0
428971,Benda,GK,Nott'm Forest,4.5,0.1,2,0.557,,0.557,model,1.439,0.502,0.0,0.207,0.0,-0.153,0.0,0.0,2.0
470313,Woltemade,FWD,Newcastle,6.0,1.6,2,0.547,,0.547,model,1.244,0.35,0.197,0.0,0.0,0.0,0.0,0.0,1.0
207283,Jensen,MID,Brentford,5.5,0.2,2,0.535,,0.535,model,1.066,0.389,0.146,0.0,0.0,0.0,0.0,0.0,1.0
464353,Davies,GK,Liverpool,4.0,0.1,2,0.526,,0.526,model,1.553,0.346,0.007,0.231,0.0,-0.059,0.0,0.0,6.51
121709,Benitez,GK,Crystal Palace,4.5,0.1,2,0.517,,0.517,model,1.541,0.459,0.022,0.192,0.0,-0.157,0.0,0.0,2.0
172453,Szmodics,MID,Ipswich,5.0,0.0,2,0.511,,0.511,model,1.06,0.39,0.121,0.0,0.001,0.0,0.0,0.0,1.0
214572,Austin,GK,Tottenham,4.0,0.9,2,0.511,,0.511,model,1.441,0.409,0.004,0.206,0.0,-0.108,0.0,0.0,2.0
485047,Morato,DEF,Nott'm Forest,5.0,0.0,2,0.491,,0.491,model,0.822,0.436,0.053,0.001,0.001,-0.0,0.0,0.0,1.0
535301,Baleba,MID,Man United,5.0,0.2,2,0.491,,0.491,model,1.021,0.378,0.113,0.0,0.0,0.0,0.0,0.0,1.0
467779,Wieffer,DEF,Brighton,5.0,0.4,2,0.488,,0.488,model,1.002,0.393,0.093,0.0,0.002,-0.0,0.0,0.0,1.0
433036,Reijnders,MID,Man City,6.0,0.1,2,0.485,,0.485,model,1.271,0.31,0.174,0.001,0.0,0.0,0.0,0.0,1.0
493250,Amad,MID,Man United,6.0,1.2,2,0.483,,0.483,model,1.375,0.267,0.215,0.0,0.001,0.0,0.0,0.0,1.0
242880,B.Badiashile,DEF,Chelsea,4.5,0.0,2,0.482,,0.482,model,0.745,0.442,0.037,0.001,0.001,-0.0,0.0,0.0,1.0
493362,Xavi,MID,Tottenham,6.0,0.0,2,0.477,,0.477,model,1.03,0.351,0.126,0.0,0.0,0.0,0.0,0.0,1.0
503301,Hutchinson,MID,Nott'm Forest,5.5,0.2,2,0.471,,0.471,model,0.964,0.366,0.105,0.0,0.0,0.0,0.0,0.0,1.0
503037,Emegha,FWD,Chelsea,5.0,0.2,2,0.466,,0.466,model,1.832,0.232,0.23,0.0,0.003,0.0,0.0,0.0,2.0
451340,Mitoma,MID,Brighton,6.0,0.0,2,0.458,,0.458,model,1.151,0.314,0.144,0.0,0.0,0.0,0.0,0.0,1.0
515046,Ellborg,GK,Sunderland,4.5,0.1,2,0.446,,0.446,model,1.43,0.281,0.0,0.213,0.0,-0.049,0.0,0.0,2.0
222018,Johnson,DEF,Ipswich,4.0,0.1,2,0.442,,0.442,model,0.845,0.388,0.052,0.001,0.001,-0.001,0.0,0.0,1.0
592031,Minteh,MID,Brighton,6.0,0.1,2,0.441,,0.441,model,1.139,0.294,0.146,0.001,0.0,0.0,0.0,0.0,1.0
231747,Mateta,FWD,Crystal Palace,6.5,5.4,2,0.431,,0.431,model,1.132,0.277,0.154,0.0,0.0,0.0,0.0,0.0,1.0
50093,Button,GK,Ipswich,4.0,0.4,2,0.428,,0.428,model,1.298,0.517,0.015,0.137,0.0,-0.24,0.0,0.0,2.0
437738,Bornauw,DEF,Leeds,4.5,0.0,2,0.419,,0.419,model,0.796,0.373,0.046,0.0,0.001,-0.001,0.0,0.0,1.0
221389,John,GK,Nott'm Forest,4.5,0.1,2,0.413,,0.413,model,1.36,0.343,0.02,0.153,0.0,-0.102,0.0,0.0,2.0
549939,Penders,GK,Chelsea,4.5,0.1,2,0.382,,0.382,model,1.269,0.294,0.004,0.153,0.0,-0.069,0.0,0.0,2.0
243571,Patterson,DEF,Everton,4.5,0.0,2,0.36,,0.36,model,0.745,0.32,0.041,0.0,0.0,-0.0,0.0,0.0,1.0
220566,Rodrigo,MID,Man City,6.5,0.0,2,0.358,,0.358,model,0.949,0.268,0.089,0.0,0.001,0.0,0.0,0.0,1.0
155405,Phillips,MID,Man City,5.0,0.0,2,0.355,,0.355,model,0.969,0.267,0.088,0.0,0.0,0.0,0.0,0.0,1.0
223434,Igor,DEF,Brighton,4.5,0.1,2,0.341,,0.341,model,0.704,0.302,0.037,0.0,0.001,0.0,0.0,0.0,1.0
101188,Digne,DEF,Aston Villa,4.5,0.1,2,0.34,,0.34,model,0.613,0.315,0.026,0.0,0.0,-0.001,0.0,0.0,1.0
500151,Savona,DEF,Nott'm Forest,4.5,0.0,2,0.326,,0.326,model,0.725,0.285,0.042,0.0,0.0,-0.001,0.0,0.0,1.0
128295,Nørgaard,MID,Everton,5.0,0.1,2,0.319,,0.319,model,0.792,0.26,0.057,0.0,0.002,0.0,0.0,0.0,1.0
547027,Diarra,MID,Sunderland,5.5,0.1,2,0.303,,0.303,model,0.847,0.232,0.071,0.001,0.0,0.0,0.0,0.0,1.0
232185,Sarr,MID,Crystal Palace,6.5,3.3,2,0.303,,0.303,model,0.932,0.212,0.09,0.0,0.0,0.0,0.0,0.0,1.0
108813,Walton,GK,Ipswich,4.5,0.5,2,0.301,,0.301,model,1.031,0.419,0.004,0.087,0.0,-0.209,0.0,0.0,2.0
449871,Onana,MID,Aston Villa,5.0,0.0,2,0.287,,0.287,model,0.704,0.249,0.037,0.0,0.001,0.0,0.0,0.0,1.0
232859,Spence,DEF,Tottenham,4.5,0.5,2,0.283,,0.283,model,0.669,0.248,0.034,0.001,0.0,-0.0,0.0,0.0,1.0
445044,Kulusevski,MID,Tottenham,6.5,0.0,2,0.274,,0.274,model,0.861,0.19,0.083,0.0,0.001,0.0,0.0,0.0,1.0
620487,Milosavljević,DEF,Bournemouth,5.0,0.0,2,0.232,,0.232,model,0.686,0.193,0.035,0.003,0.001,0.0,0.0,0.0,1.0
180974,Joelinton,MID,Newcastle,5.5,0.0,2,0.228,,0.228,model,0.638,0.194,0.033,0.0,0.001,0.0,0.0,0.0,1.0
220583,Woolfenden,DEF,Coventry,4.0,0.2,2,0.228,,0.228,model,0.613,0.202,0.021,0.004,0.001,-0.0,0.0,0.0,1.0
178301,Watkins,FWD,Aston Villa,8.0,8.8,2,0.227,,0.227,model,0.785,0.161,0.066,0.0,0.0,0.0,0.0,0.0,1.0
515621,Chadi Riad,DEF,Crystal Palace,4.5,0.1,2,0.216,,0.216,model,0.535,0.202,0.013,0.001,0.001,-0.0,0.0,0.0,1.0
209365,De Ligt,DEF,Man United,5.0,0.0,2,0.191,,0.191,model,0.751,0.139,0.052,0.0,0.0,0.0,0.0,0.0,1.0
221632,Romero,DEF,Tottenham,5.0,0.2,2,0.161,,0.161,model,0.609,0.129,0.027,0.003,0.003,-0.001,0.0,0.0,1.0
180736,Chalobah,DEF,Chelsea,5.5,0.1,2,0.137,,0.137,model,0.463,0.124,0.012,0.001,0.001,-0.001,0.0,0.0,1.0
78916,Burn,DEF,Newcastle,5.0,1.9,2,0.121,,0.121,model,0.482,0.104,0.017,0.0,0.0,-0.0,0.0,0.0,1.0
462424,Saliba,DEF,Arsenal,6.0,0.3,2,0.107,,0.107,model,0.519,0.087,0.015,0.003,0.002,0.0,0.0,0.0,1.0
214225,Rodon,DEF,Leeds,4.5,3.6,2,0.106,,0.106,model,0.435,0.095,0.009,0.001,0.001,-0.001,0.0,0.0,1.0
448089,Gomes,MID,Aston Villa,5.5,0.1,2,0.1,,0.1,model,0.431,0.085,0.014,0.0,0.0,0.0,0.0,0.0,1.0
508479,Jörgensen,GK,Chelsea,5.0,0.0,2,0.083,,0.083,model,0.279,0.083,0.0,0.0,0.0,-0.0,0.0,0.0,1.0
444765,Van den Berg,DEF,Brentford,5.0,0.1,2,0.079,,0.079,model,0.443,0.064,0.014,0.001,0.001,-0.001,0.0,0.0,1.0
215059,Sánchez,GK,Chelsea,5.0,2.3,2,0.019,,0.019,model,0.14,0.019,0.0,0.0,0.0,0.0,0.0,0.0,0.0
616221,Souza,DEF,Tottenham,4.0,0.3,2,0.014,,0.014,model,0.41,0.005,0.005,0.004,0.001,-0.002,0.0,0.0,0.0
577411,Brau,DEF,Coventry,4.0,0.0,2,0.013,,0.013,model,0.344,0.005,0.002,0.003,0.004,-0.001,0.0,0.0,0.0
614071,Manzambi,MID,Aston Villa,6.0,0.2,2,0.012,,0.012,model,0.306,0.005,0.005,0.001,0.001,0.0,0.0,0.0,0.0
484389,Dovin,GK,Coventry,4.0,1.6,2,0.011,,0.011,model,0.266,0.005,0.0,0.008,0.0,-0.001,0.0,0.0,0.0
445028,Morita,MID,Hull,5.0,0.0,2,0.011,,0.011,model,0.249,0.005,0.004,0.001,0.001,0.0,0.0,0.0,0.0
183656,Dasilva,MID,Brentford,5.0,0.0,2,0.011,,0.011,model,0.33,0.003,0.008,0.0,0.0,0.0,0.0,0.0,0.0
574458,M.Sarr,DEF,Chelsea,4.5,0.1,2,0.009,,0.009,model,0.252,0.004,0.0,0.004,0.002,-0.001,0.0,0.0,0.0
105717,Masuaku,DEF,Sunderland,4.0,0.2,2,0.009,,0.009,model,0.264,0.003,0.002,0.001,0.002,-0.0,0.0,0.0,0.0
549074,Watson,MID,Brighton,5.0,0.0,2,0.009,,0.009,model,0.284,0.004,0.004,0.0,0.0,0.0,0.0,0.0,0.0
549653,Bassette,FWD,Coventry,4.5,0.0,2,0.008,,0.008,model,0.328,0.001,0.007,0.0,0.0,0.0,0.0,0.0,0.0
590014,Cardines,DEF,Crystal Palace,4.5,0.0,2,0.008,,0.008,model,0.406,0.002,0.005,0.001,0.001,-0.0,0.0,0.0,0.0
449428,Jacob,DEF,Hull,4.0,0.0,2,0.008,,0.008,model,0.406,0.001,0.005,0.001,0.001,0.0,0.0,0.0,0.0
551262,Markelo,FWD,Coventry,5.0,0.0,2,0.008,,0.008,model,0.203,0.004,0.004,0.0,0.0,0.0,0.0,0.0,0.0
491007,D.Essugo,MID,Chelsea,4.5,0.2,2,0.007,,0.007,model,0.312,0.002,0.004,0.0,0.001,0.0,0.0,0.0,0.0
492498,Borges Rodrigues,MID,Coventry,4.5,0.2,2,0.007,,0.007,model,0.182,0.004,0.002,0.001,0.0,0.0,0.0,0.0,0.0
487117,Ferguson,FWD,Brighton,5.0,0.0,2,0.007,,0.007,model,0.332,0.001,0.005,0.0,0.0,0.0,0.0,0.0,0.0
490881,Collyer,MID,Man United,5.0,0.0,2,0.006,,0.006,model,0.135,0.005,0.0,0.001,0.001,0.0,0.0,0.0,0.0
489580,Ramsay,DEF,Liverpool,4.0,0.2,2,0.006,,0.006,model,0.205,0.002,0.0,0.003,0.001,0.0,0.0,0.0,0.0
599303,Neave,FWD,Newcastle,4.5,0.8,2,0.006,,0.006,model,0.24,0.003,0.004,0.0,0.0,0.0,0.0,0.0,0.0
547676,Fredricson,DEF,Man United,4.0,0.0,2,0.006,,0.006,model,0.195,0.002,0.0,0.003,0.001,0.0,0.0,0.0,0.0
690838,Madjo,FWD,Aston Villa,5.5,0.4,2,0.006,,0.006,model,0.238,0.002,0.004,0.0,0.0,0.0,0.0,0.0,0.0
590039,Mukasa,MID,Man City,4.5,0.2,2,0.006,,0.006,model,0.179,0.003,0.001,0.001,0.001,0.0,0.0,0.0,0.0
184254,Vicario,GK,Tottenham,4.5,0.3,2,0.005,,0.005,model,0.172,0.003,0.0,0.003,0.0,-0.001,0.0,0.0,0.0
629397,Andrews,MID,Coventry,4.5,0.7,2,0.005,,0.005,model,0.122,0.004,0.0,0.0,0.001,0.0,0.0,0.0,0.0
494307,Alleyne,DEF,Man City,5.0,0.0,2,0.004,,0.004,model,0.133,0.003,0.0,0.001,0.0,-0.0,0.0,0.0,0.0
545477,A.Murphy,DEF,Newcastle,4.0,0.1,2,0.004,,0.004,model,0.168,0.003,0.002,0.0,0.0,-0.001,0.0,0.0,0.0
465390,Kesler-Hayden,DEF,Coventry,4.0,0.1,2,0.004,,0.004,model,0.164,0.002,0.0,0.003,0.0,-0.001,0.0,0.0,0.0
232571,Patterson,GK,Sunderland,4.0,0.2,2,0.004,,0.004,model,0.135,0.003,0.0,0.002,0.0,0.0,0.0,0.0,0.0
660392,Uche,FWD,Crystal Palace,5.0,0.0,2,0.004,,0.004,model,0.089,0.004,0.0,0.0,0.0,0.0,0.0,0.0,0.0
470294,Gyabi,MID,Hull,4.5,0.0,2,0.004,,0.004,model,0.112,0.003,0.0,0.001,0.001,0.0,0.0,0.0,0.0
444172,Dennis,GK,Bournemouth,4.0,0.2,2,0.004,,0.004,model,0.13,0.002,0.0,0.002,0.0,0.0,0.0,0.0,0.0
469247,Iling Jr,MID,Aston Villa,5.0,0.0,2,0.003,,0.003,model,0.157,0.001,0.002,0.0,0.0,0.0,0.0,0.0,0.0
433590,Drameh,DEF,Hull,4.0,0.1,2,0.003,,0.003,model,0.163,0.002,0.0,0.001,0.001,-0.001,0.0,0.0,0.0
490145,Scarlett,FWD,Tottenham,4.5,1.7,2,0.003,,0.003,model,0.082,0.003,0.0,0.0,0.0,0.0,0.0,0.0,0.0
465525,Matazo,MID,Hull,4.5,0.0,2,0.003,,0.003,model,0.171,0.001,0.002,0.0,0.0,0.0,0.0,0.0,0.0
549067,Abbott,DEF,Nott'm Forest,4.0,0.3,2,0.003,,0.003,model,0.128,0.001,0.0,0.001,0.001,-0.0,0.0,0.0,0.0
432987,Jaros,GK,Liverpool,4.0,0.0,2,0.003,,0.003,model,0.124,0.001,0.0,0.002,0.0,0.0,0.0,0.0,0.0
21205,Heaton,GK,Man United,4.0,0.1,2,0.003,,0.003,model,0.073,0.003,0.0,0.0,0.0,0.0,0.0,0.0,0.0
586268,Pecsi,GK,Liverpool,4.0,0.0,2,0.003,,0.003,model,0.068,0.003,0.0,0.0,0.0,-0.001,0.0,0.0,0.0
462387,Al-Hamadi,FWD,Ipswich,5.0,0.1,2,0.003,,0.003,model,0.073,0.003,0.0,0.0,0.0,0.0,0.0,0.0,0.0
519634,Seelt,DEF,Sunderland,4.5,0.0,2,0.003,,0.003,model,0.093,0.002,0.0,0.0,0.001,-0.001,0.0,0.0,0.0
575204,Echeverri,MID,Man City,5.0,0.0,2,0.002,,0.002,model,0.098,0.001,0.0,0.0,0.001,0.0,0.0,0.0,0.0
438098,Fábio Vieira,MID,Arsenal,5.5,0.0,2,0.002,,0.002,model,0.098,0.001,0.0,0.0,0.001,0.0,0.0,0.0,0.0
490161,Kamara,MID,Hull,5.0,0.0,2,0.002,,0.002,model,0.075,0.002,0.0,0.0,0.0,0.0,0.0,0.0,0.0
578545,Nedeljkovic,DEF,Aston Villa,4.0,0.2,2,0.002,,0.002,model,0.116,0.001,0.0,0.001,0.0,0.0,0.0,0.0,0.0
436761,Kitching,DEF,Coventry,4.0,0.7,2,0.002,,0.002,model,0.116,0.001,0.0,0.001,0.0,0.0,0.0,0.0,0.0
499721,Moore,MID,Tottenham,5.0,0.2,2,0.002,,0.002,model,0.082,0.001,0.0,0.0,0.001,0.0,0.0,0.0,0.0
535928,Bajcetic,MID,Liverpool,5.0,0.0,2,0.002,,0.002,model,0.063,0.002,0.0,0.0,0.0,0.0,0.0,0.0,0.0
232905,Millar,MID,Hull,5.0,0.1,2,0.002,,0.002,model,0.063,0.002,0.0,0.0,0.0,0.0,0.0,0.0,0.0
608181,Tzimas,FWD,Brighton,5.5,0.0,2,0.002,,0.002,model,0.063,0.002,0.0,0.0,0.0,0.0,0.0,0.0,0.0
538638,Bindon,DEF,Nott'm Forest,4.0,0.2,2,0.002,,0.002,model,0.082,0.001,0.0,0.0,0.001,0.0,0.0,0.0,0.0
597320,Howell,MID,Brighton,4.5,0.1,2,0.002,,0.002,model,0.063,0.002,0.0,0.0,0.0,0.0,0.0,0.0,0.0
649208,Monga,MID,Man City,5.0,0.0,2,0.002,,0.002,model,0.077,0.001,0.0,0.001,0.0,0.0,0.0,0.0,0.0
606921,Esse,MID,Crystal Palace,5.0,0.0,2,0.002,,0.002,model,0.063,0.002,0.0,0.0,0.0,0.0,0.0,0.0,0.0
647681,Leoni,DEF,Liverpool,4.0,0.0,2,0.002,,0.002,model,0.075,0.001,0.0,0.0,0.001,-0.0,0.0,0.0,0.0
235826,Piroe,FWD,Leeds,5.0,0.1,2,0.001,,0.001,model,0.052,0.001,0.0,0.0,0.0,0.0,0.0,0.0,0.0
444307,Lo-Tutala,GK,Hull,4.0,0.0,2,0.001,,0.001,model,0.045,0.002,0.0,0.0,0.0,-0.001,0.0,0.0,0.0
499300,Aznou,DEF,Everton,4.0,0.2,2,0.001,,0.001,model,0.052,0.002,0.0,0.0,0.0,-0.001,0.0,0.0,0.0
176412,Wright,FWD,Coventry,5.5,0.2,2,0.001,,0.001,model,0.052,0.001,0.0,0.0,0.0,0.0,0.0,0.0,0.0
105666,Butland,GK,Hull,4.5,0.1,2,0.001,,0.001,model,0.045,0.003,0.0,0.0,0.0,-0.001,0.0,0.0,0.0
524180,Humphreys,MID,Ipswich,4.5,0.0,2,0.001,,0.001,model,0.052,0.001,0.0,0.0,0.0,0.0,0.0,0.0,0.0
565297,Mateo Joseph,FWD,Leeds,4.5,0.1,2,0.001,,0.001,model,0.052,0.001,0.0,0.0,0.0,0.0,0.0,0.0,0.0
229164,Ogbene,MID,Ipswich,5.0,0.0,2,0.001,,0.001,model,0.052,0.001,0.0,0.0,0.0,0.0,0.0,0.0,0.0
546600,Van Oevelen,GK,Ipswich,4.5,0.0,2,0.001,,0.001,model,0.032,0.002,0.0,0.0,0.0,-0.001,0.0,0.0,0.0
571380,Lynch,MID,Aston Villa,4.5,0.1,2,0.001,,0.001,model,0.037,0.001,0.0,0.0,0.0,0.0,0.0,0.0,0.0
500957,Destan,FWD,Hull,4.5,0.3,2,0.001,,0.001,model,0.037,0.001,0.0,0.0,0.0,0.0,0.0,0.0,0.0
543295,Milambo,MID,Brentford,5.0,0.0,2,0.001,,0.001,model,0.037,0.001,0.0,0.0,0.0,0.0,0.0,0.0,0.0
241117,Matusiwa,MID,Ipswich,5.0,0.0,2,0.001,,0.001,model,0.037,0.001,0.0,0.0,0.0,0.0,0.0,0.0,0.0
494950,Cartwright,GK,Hull,4.0,0.0,2,0.001,,0.001,model,0.037,0.001,0.0,0.0,0.0,0.0,0.0,0.0,0.0
501902,Hughes,DEF,Hull,4.0,0.1,2,0.0,,0.0,model,0.018,0.001,0.0,0.0,0.0,-0.001,0.0,0.0,0.0
218364,Sosa,DEF,Crystal Palace,4.5,0.0,2,0.0,,0.0,model,0.018,0.001,0.0,0.0,0.0,-0.0,0.0,0.0,0.0
477547,Hjelde,DEF,Sunderland,4.0,0.1,2,0.0,,0.0,model,0.018,0.001,0.0,0.0,0.0,-0.0,0.0,0.0,0.0
436893,J.Araujo,DEF,Bournemouth,4.5,0.0,2,0.0,,0.0,model,0.0,0.0,0.0,0.0,0.0,0.0,0.0,0.0,0.0
505079,McNally,GK,Fulham,4.0,0.2,2,0.0,,0.0,model,0.0,0.001,0.0,0.0,0.0,-0.001,0.0,0.0,0.0
548308,Phillips,DEF,Tottenham,4.5,0.0,2,0.0,,0.0,model,0.0,0.0,0.0,0.0,0.0,0.0,0.0,0.0,0.0
451302,Bayindir,GK,Man United,4.5,0.0,2,0.0,,0.0,model,0.0,0.0,0.0,0.0,0.0,0.0,0.0,0.0,0.0
201595,Perri,GK,Leeds,4.5,0.6,2,0.0,,0.0,model,0.0,0.0,0.0,0.0,0.0,0.0,0.0,0.0,0.0
534392,Burstow,FWD,Hull,4.5,0.1,2,0.0,,0.0,model,0.0,0.0,0.0,0.0,0.0,0.0,0.0,0.0,0.0
