player,pos,team,cost,own,gw,mean,solio,blended,src,sd,defcon_ev,cs_ev,p5,median,p95,player_code,app_ev,att_ev,conc_ev
Haaland,FWD,Man City,15.5,71.1,4,5.552,5.84,5.696,blend(w_ours=0.5),5.711,0.001,0.0,0.0,2.0,18.06,223094,1.534,4.017,0.0
Lacroix,DEF,Chelsea,6.0,8.2,4,5.427,5.27,5.348,blend(w_ours=0.5),4.66,1.199,1.614,0.0,4.0,15.254,437499,1.6,1.178,-0.165
Palmer,MID,Chelsea,9.6,20.3,4,5.423,7.27,6.346,blend(w_ours=0.5),6.152,0.028,0.306,0.0,3.0,16.717,244851,1.331,3.757,0.0
Rogers,MID,Chelsea,7.5,25.6,4,4.963,6.39,5.677,blend(w_ours=0.5),4.542,0.069,0.396,0.0,3.0,14.717,244850,1.732,2.766,0.0
João Pedro,FWD,Chelsea,7.7,71.8,4,4.707,6.86,5.783,blend(w_ours=0.5),5.537,0.0,0.0,0.0,2.0,16.334,475168,1.35,3.356,0.0
Gabriel,DEF,Arsenal,8.0,25.4,4,4.653,5.44,5.047,blend(w_ours=0.5),4.204,0.781,1.636,0.0,4.0,13.254,226597,1.563,0.816,-0.143
B.Fernandes,MID,Man United,12.0,48.2,4,4.499,5.36,4.93,blend(w_ours=0.5),4.458,0.193,0.142,0.0,2.0,14.717,141746,1.621,2.544,0.0
Virgil,DEF,Liverpool,6.5,17.3,4,4.398,4.41,4.404,blend(w_ours=0.5),3.736,1.069,1.133,0.0,4.0,10.896,97032,1.754,0.789,-0.347
Tarkowski,DEF,Everton,6.0,11.0,4,4.222,,4.222,model,3.29,0.927,1.228,0.0,3.0,9.286,17761,1.863,0.586,-0.382
Mbeumo,MID,Man United,7.9,26.3,4,3.936,,3.936,model,4.005,0.009,0.162,0.0,2.0,11.985,446008,1.616,2.149,0.0
Szoboszlai,MID,Liverpool,7.0,40.1,4,3.865,5.49,4.678,blend(w_ours=0.5),4.009,0.293,0.227,0.0,2.0,11.985,424876,1.514,1.832,0.0
Tzolis,MID,Arsenal,6.5,18.5,4,3.843,,3.843,model,4.34,0.31,0.43,0.0,3.0,11.358,439509,1.697,1.406,0.0
Mitchell,DEF,Crystal Palace,4.5,5.0,4,3.801,4.31,4.055,blend(w_ours=0.5),3.566,0.411,1.431,0.0,2.0,9.985,244723,1.56,0.588,-0.189
Van Hecke,DEF,Tottenham,4.9,7.2,4,3.768,,3.768,model,3.42,1.132,0.981,0.0,3.0,8.896,469142,1.545,0.432,-0.322
Thiago,FWD,Brentford,8.0,12.9,4,3.757,4.59,4.174,blend(w_ours=0.5),4.109,0.015,0.0,0.0,2.0,12.707,502500,1.482,2.261,0.0
Tavernier,MID,Bournemouth,6.0,2.7,4,3.749,4.64,4.194,blend(w_ours=0.5),4.166,0.139,0.188,0.0,2.0,11.985,201658,1.469,1.952,0.0
Richards,DEF,Crystal Palace,5.0,0.7,4,3.665,,3.665,model,3.756,0.758,1.228,0.0,3.0,8.896,427623,1.348,0.493,-0.162
Raya,GK,Arsenal,6.0,38.6,4,3.655,,3.655,model,2.739,0.0,2.005,0.0,2.0,6.51,154561,1.774,0.034,-0.159
Truffert,DEF,Bournemouth,5.5,3.7,4,3.597,,3.597,model,3.422,0.633,1.004,0.0,2.0,8.914,494521,1.711,0.644,-0.395
Guéhi,DEF,Man City,6.0,18.7,4,3.587,,3.587,model,3.803,0.371,0.889,0.0,2.0,10.896,209036,1.669,1.084,-0.426
Gibbs-White,MID,Nott'm Forest,7.9,9.3,4,3.568,4.47,4.019,blend(w_ours=0.5),3.66,0.019,0.195,0.0,2.0,9.358,222531,1.646,1.708,0.0
Groß,MID,Brighton,5.5,16.0,4,3.501,4.96,4.23,blend(w_ours=0.5),3.883,0.005,0.286,0.0,2.0,10.254,60307,1.496,1.714,0.0
Semenyo,MID,Man City,8.4,18.9,4,3.5,,3.5,model,3.899,0.067,0.18,0.0,2.0,11.985,437730,1.505,1.748,0.0
Calvert-Lewin,FWD,Leeds,6.0,25.3,4,3.447,4.96,4.203,blend(w_ours=0.5),3.948,0.0,0.0,0.0,2.0,12.707,177815,1.437,2.01,0.0
Rice,MID,Arsenal,7.4,14.0,4,3.432,,3.432,model,3.252,0.509,0.367,0.0,3.0,9.358,204480,1.499,1.057,0.0
Saka,MID,Arsenal,9.5,11.2,4,3.39,5.62,4.505,blend(w_ours=0.5),4.475,0.063,0.252,0.0,2.0,12.985,223340,1.16,1.915,0.0
Vuskovic,DEF,Brighton,5.0,2.5,4,3.389,,3.389,model,3.849,0.381,1.146,0.0,2.0,8.896,610799,1.407,0.66,-0.205
Senesi,DEF,Tottenham,5.9,5.2,4,3.297,,3.297,model,3.628,1.035,0.767,0.0,3.0,9.896,221466,1.276,0.49,-0.271
Muharemović,DEF,Leeds,5.0,3.3,4,3.281,,3.281,model,3.269,0.621,1.077,0.0,2.0,8.358,522047,1.589,0.291,-0.297
Thomas,DEF,Coventry,4.0,8.6,4,3.28,,3.28,model,3.036,1.067,0.728,0.0,3.0,8.358,461102,1.681,0.335,-0.531
Konsa,DEF,Arsenal,4.4,11.6,4,3.234,4.39,3.812,blend(w_ours=0.5),3.235,0.012,1.549,0.0,2.0,6.358,199798,1.457,0.341,-0.124
Thiaw,DEF,Newcastle,5.0,2.2,4,3.223,,3.223,model,3.513,0.941,0.636,0.0,3.0,9.896,465642,1.446,0.605,-0.406
Enzo,MID,Man City,6.9,3.3,4,3.186,,3.186,model,4.061,0.053,0.138,0.0,2.0,11.985,448047,1.26,1.735,0.0
Neto,MID,Chelsea,6.5,1.3,4,3.175,,3.175,model,4.426,0.001,0.232,0.0,2.0,11.985,247632,1.108,1.834,0.0
van Ewijk,DEF,Coventry,4.0,11.6,4,3.156,,3.156,model,2.632,1.115,0.744,0.0,3.0,8.358,451284,1.718,0.109,-0.53
Henderson,GK,Crystal Palace,5.0,1.9,4,3.15,,3.15,model,2.691,0.0,1.616,0.0,2.0,6.51,172649,1.715,0.033,-0.214
Isak,FWD,Liverpool,9.0,17.9,4,3.147,5.91,4.528,blend(w_ours=0.5),4.279,0.001,0.0,0.0,2.0,12.707,219168,1.205,1.941,0.0
Ndiaye,MID,Man City,5.9,11.0,4,3.131,,3.131,model,3.382,0.341,0.182,0.0,2.0,10.358,440993,1.44,1.169,0.0
Evanilson,FWD,Bournemouth,6.0,3.3,4,3.13,,3.13,model,3.77,0.0,0.0,0.0,2.0,12.707,444102,1.413,1.718,0.0
Martinez,GK,Chelsea,5.0,4.6,4,3.104,4.27,3.687,blend(w_ours=0.5),2.836,0.0,1.634,0.0,2.0,6.51,98980,1.558,0.064,-0.152
Ampadu,MID,Leeds,5.5,1.1,4,3.1,,3.1,model,2.834,0.725,0.232,0.0,3.0,8.627,199598,1.484,0.66,0.0
Anderson,MID,Man City,6.4,4.9,4,3.088,,3.088,model,3.057,0.86,0.172,0.0,3.0,8.627,215379,1.351,0.705,0.0
Gonzalo,FWD,Fulham,6.0,4.5,4,3.084,,3.084,model,3.845,0.01,0.0,0.0,2.0,12.707,551466,1.371,1.703,0.0
Verbruggen,GK,Brighton,4.5,22.1,4,3.049,,3.049,model,2.656,0.0,1.502,0.0,2.0,6.51,489639,1.778,0.04,-0.271
Branthwaite,DEF,Everton,5.5,1.8,4,3.024,,3.024,model,3.169,0.465,0.998,0.0,2.0,8.358,480455,1.506,0.336,-0.281
Mykolenko,DEF,Everton,4.5,1.8,4,3.018,,3.018,model,2.848,0.279,1.127,0.0,2.0,8.358,224967,1.694,0.258,-0.34
Davis,DEF,Ipswich,4.0,5.2,4,3.01,,3.01,model,3.123,0.929,0.686,0.0,2.0,8.358,455084,1.444,0.367,-0.415
Schade,MID,Brentford,6.0,4.2,4,2.993,,2.993,model,3.685,0.037,0.117,0.0,2.0,9.358,513418,1.356,1.483,0.0
Stach,MID,Leeds,6.0,2.9,4,2.976,,2.976,model,3.067,0.334,0.22,0.0,2.0,9.358,466525,1.425,0.997,0.0
Calafiori,DEF,Arsenal,5.7,46.4,4,2.964,4.39,3.677,blend(w_ours=0.5),3.794,0.215,1.03,0.0,1.0,9.896,466075,1.156,0.65,-0.087
James,DEF,Chelsea,5.4,7.9,4,2.963,5.08,4.021,blend(w_ours=0.5),4.066,0.214,0.885,0.0,1.0,10.286,225796,1.084,0.874,-0.094
Bogle,DEF,Leeds,4.5,0.9,4,2.962,,2.962,model,3.62,0.226,0.899,0.0,2.0,9.985,226182,1.335,0.754,-0.252
M.Sangaré,MID,Brentford,5.7,15.0,4,2.96,,2.96,model,2.807,0.202,0.149,0.0,2.0,8.358,513545,1.769,0.841,0.0
F.Kadıoğlu,DEF,Brighton,4.4,1.9,4,2.953,,2.953,model,3.548,0.077,1.108,0.0,2.0,9.985,231416,1.318,0.629,-0.18
Wirtz,MID,Liverpool,7.4,9.1,4,2.941,5.14,4.04,blend(w_ours=0.5),3.81,0.042,0.184,0.0,2.0,10.254,494595,1.27,1.445,0.0
Dunk,DEF,Brighton,4.5,1.3,4,2.939,,2.939,model,3.419,0.453,1.037,0.0,2.0,8.358,83299,1.297,0.354,-0.202
Rayan,MID,Bournemouth,6.5,2.2,4,2.926,,2.926,model,3.643,0.049,0.175,0.0,2.0,9.358,499604,1.345,1.357,0.0
E.Le Fée,MID,Sunderland,5.9,5.5,4,2.919,,2.919,model,2.922,0.343,0.17,0.0,2.0,9.358,484420,1.528,0.878,0.0
Scott,MID,Bournemouth,6.0,3.0,4,2.91,,2.91,model,3.106,0.493,0.175,0.0,2.0,9.358,503139,1.383,0.859,0.0
Dewsbury-Hall,MID,Everton,6.5,4.4,4,2.9,,2.9,model,3.027,0.137,0.206,0.0,2.0,9.358,215413,1.499,1.058,0.0
Milenković,DEF,Nott'm Forest,5.5,1.6,4,2.892,,2.892,model,2.954,0.495,0.888,0.0,2.0,8.358,227444,1.62,0.287,-0.398
Keane,DEF,Everton,4.9,1.0,4,2.828,,2.828,model,3.206,0.685,0.785,0.0,2.0,8.358,106611,1.291,0.317,-0.25
Muñoz,DEF,Nott'm Forest,5.4,6.3,4,2.811,,2.811,model,3.283,0.195,0.822,0.0,2.0,8.896,247348,1.502,0.648,-0.355
Cunha,MID,Man United,7.9,7.6,4,2.81,,2.81,model,3.602,0.067,0.124,0.0,2.0,9.358,430871,1.275,1.344,0.0
Colwill,DEF,Chelsea,4.9,1.2,4,2.809,,2.809,model,3.662,0.081,1.129,0.0,1.0,8.896,460028,1.133,0.58,-0.113
Pickford,GK,Everton,5.5,8.7,4,2.805,,2.805,model,2.575,0.0,1.225,0.0,2.0,6.51,111234,1.89,0.078,-0.389
Gakpo,MID,Liverpool,7.1,11.0,4,2.799,4.82,3.81,blend(w_ours=0.5),3.646,0.008,0.179,0.0,2.0,9.358,243298,1.223,1.389,0.0
O'Shea,DEF,Ipswich,4.0,3.2,4,2.797,,2.797,model,2.899,0.931,0.68,0.0,2.0,8.358,216616,1.465,0.173,-0.451
Pedro Porro,DEF,Tottenham,5.5,11.5,4,2.797,4.36,3.579,blend(w_ours=0.5),3.35,0.549,0.773,0.0,2.0,8.358,441164,1.278,0.465,-0.267
De Cuyper,DEF,Brighton,4.7,18.2,4,2.796,4.71,3.753,blend(w_ours=0.5),3.728,0.051,0.705,0.0,1.0,9.985,465730,1.156,1.017,-0.133
Murillo,DEF,Nott'm Forest,5.5,1.5,4,2.78,,2.78,model,2.942,0.664,0.786,0.0,2.0,8.358,575476,1.483,0.213,-0.366
Cash,DEF,Aston Villa,4.5,6.9,4,2.76,,2.76,model,2.994,0.089,1.045,0.0,2.0,8.358,199796,1.496,0.396,-0.265
Justin,DEF,Leeds,4.5,1.5,4,2.756,,2.756,model,3.379,0.498,0.811,0.0,1.0,8.358,220627,1.239,0.433,-0.225
Jacquet,DEF,Liverpool,5.0,2.6,4,2.721,,2.721,model,3.147,0.433,0.937,0.0,2.0,8.358,606702,1.39,0.226,-0.266
Silva,DEF,Bournemouth,5.0,0.4,4,2.671,,2.671,model,3.551,0.419,0.745,0.0,1.0,8.896,483067,1.267,0.526,-0.287
N.Williams,DEF,Nott'm Forest,5.0,8.3,4,2.665,,2.665,model,3.061,0.283,0.805,0.0,2.0,8.358,215136,1.501,0.426,-0.35
Gvardiol,DEF,Man City,5.6,19.2,4,2.664,,2.664,model,3.667,0.164,0.665,0.0,1.0,8.896,477424,1.267,0.872,-0.304
Andersen,DEF,Fulham,5.0,0.1,4,2.66,,2.66,model,3.09,0.842,0.549,0.0,2.0,8.358,174874,1.35,0.338,-0.419
Yalcouyé,MID,Brighton,4.5,2.4,4,2.64,,2.64,model,4.093,0.149,0.206,0.0,2.0,9.358,611695,1.111,1.174,0.0
Bruno G.,MID,Arsenal,6.8,2.0,4,2.639,,2.639,model,3.159,0.095,0.316,0.0,2.0,9.358,208706,1.261,0.967,0.0
Dedić,DEF,Newcastle,4.5,3.5,4,2.636,,2.636,model,2.926,0.602,0.689,0.0,2.0,8.358,463726,1.539,0.267,-0.461
Mukiele,DEF,Sunderland,5.5,2.4,4,2.616,,2.616,model,2.909,0.571,0.734,0.0,2.0,8.358,200834,1.443,0.251,-0.384
A.Becker,GK,Liverpool,5.5,3.7,4,2.601,,2.601,model,2.633,0.0,1.189,0.0,2.0,6.51,116535,1.69,0.066,-0.344
Hill,DEF,Bournemouth,5.5,0.8,4,2.593,,2.593,model,3.165,0.641,0.642,0.0,1.0,8.358,463981,1.234,0.34,-0.264
Aina,DEF,Nott'm Forest,4.5,3.0,4,2.577,,2.577,model,2.772,0.301,0.859,0.0,2.0,8.358,159506,1.574,0.225,-0.382
Ballard,DEF,Sunderland,5.0,3.8,4,2.565,,2.565,model,2.869,0.717,0.681,0.0,2.0,8.358,223827,1.331,0.174,-0.338
Xhaka,MID,Sunderland,5.5,4.6,4,2.54,,2.54,model,2.096,0.578,0.177,0.0,2.0,5.627,84450,1.51,0.275,0.0
O'Brien,DEF,Everton,4.9,0.3,4,2.536,,2.536,model,2.951,0.205,0.941,0.0,1.0,8.358,512462,1.396,0.285,-0.291
Bijol,DEF,Leeds,5.0,0.9,4,2.529,,2.529,model,3.223,0.637,0.683,0.0,1.0,8.358,434752,1.131,0.286,-0.208
Wilson,MID,Leeds,6.4,3.7,4,2.52,,2.52,model,3.262,0.017,0.162,0.0,2.0,9.358,153682,1.216,1.124,0.0
Gusto,DEF,Chelsea,5.0,1.1,4,2.499,,2.499,model,3.673,0.065,0.776,0.0,1.0,9.985,482609,0.987,0.752,-0.081
White,DEF,Arsenal,5.5,7.7,4,2.487,,2.487,model,3.383,0.134,0.992,0.0,1.0,8.358,198869,1.079,0.355,-0.073
Van de Ven,DEF,Tottenham,5.0,3.7,4,2.484,,2.484,model,3.15,0.469,0.751,0.0,1.0,8.358,491279,1.209,0.301,-0.245
Cherki,MID,Man City,7.8,30.7,4,2.476,,2.476,model,3.524,0.025,0.086,0.0,1.0,9.254,466052,1.05,1.314,0.0
Barry,FWD,Everton,5.6,5.2,4,2.473,,2.473,model,3.089,0.0,0.0,0.0,2.0,7.353,586309,1.252,1.22,0.0
Wharton,MID,Crystal Palace,5.5,0.9,4,2.465,,2.465,model,2.947,0.295,0.235,0.0,2.0,8.627,496221,1.193,0.741,0.0
Dasilva,DEF,Coventry,4.0,0.8,4,2.446,,2.446,model,2.943,0.824,0.54,0.0,2.0,8.358,173878,1.275,0.204,-0.398
Hall,DEF,Newcastle,5.1,10.5,4,2.444,,2.444,model,2.854,0.454,0.584,0.0,1.0,8.358,487838,1.398,0.401,-0.393
Kayode,DEF,Brentford,4.6,9.4,4,2.442,,2.442,model,2.889,0.304,0.606,0.0,1.0,8.358,607464,1.597,0.451,-0.516
Ajayi,DEF,Hull,4.1,10.1,4,2.434,,2.434,model,2.76,1.199,0.256,0.0,2.0,8.358,146426,1.562,0.407,-0.989
Wissa,FWD,Newcastle,6.2,16.2,4,2.427,,2.427,model,3.258,0.002,0.0,0.0,2.0,7.353,216646,1.188,1.238,0.0
Welbeck,FWD,Chelsea,5.9,0.8,4,2.425,,2.425,model,4.191,0.001,0.0,0.0,1.0,12.707,50175,0.826,1.599,0.0
Iwobi,MID,Fulham,5.5,0.8,4,2.42,,2.42,model,2.475,0.071,0.137,0.0,2.0,8.358,153133,1.478,0.734,0.0
Botman,DEF,Newcastle,5.0,0.7,4,2.411,,2.411,model,2.998,0.856,0.44,0.0,1.0,8.358,220237,1.142,0.297,-0.323
Kluivert,MID,Bournemouth,6.0,1.1,4,2.41,,2.41,model,3.334,0.026,0.132,0.0,1.0,9.254,222683,1.158,1.094,0.0
Canvot,DEF,Crystal Palace,4.9,0.3,4,2.407,,2.407,model,3.386,0.523,0.747,0.0,1.0,8.358,651426,0.943,0.276,-0.082
Khalaili,DEF,Crystal Palace,5.0,0.1,4,2.4,4.49,3.445,blend(w_ours=0.5),4.319,0.241,0.731,0.0,0.0,10.896,570794,0.786,0.74,-0.098
Bassey,DEF,Fulham,4.5,0.7,4,2.383,,2.383,model,2.71,0.557,0.622,0.0,1.5,8.358,232892,1.469,0.213,-0.477
Havertz,FWD,Arsenal,7.5,6.8,4,2.378,,2.378,model,3.412,0.002,0.0,0.0,1.0,7.353,219847,1.039,1.337,0.0
Amenda,DEF,Coventry,4.0,0.8,4,2.329,,2.329,model,2.694,0.785,0.607,0.0,2.0,8.358,539142,1.25,0.065,-0.377
Greaves,DEF,Ipswich,4.0,1.3,4,2.304,,2.304,model,2.719,0.777,0.538,0.0,2.0,8.358,449429,1.226,0.12,-0.357
Foden,MID,Man City,7.0,5.4,4,2.302,,2.302,model,3.597,0.034,0.09,0.0,1.0,9.358,209244,0.942,1.235,0.0
Gomez,MID,Brighton,5.0,5.0,4,2.297,4.44,3.368,blend(w_ours=0.5),3.202,0.049,0.172,0.0,1.0,8.627,514254,1.113,0.963,0.0
Struijk,DEF,Brighton,5.0,0.2,4,2.291,,2.291,model,3.391,0.311,0.773,0.0,0.0,8.358,222694,0.95,0.397,-0.14
Palacios,MID,Fulham,5.5,0.2,4,2.287,,2.287,model,3.388,0.139,0.103,0.0,2.0,8.358,571779,1.093,0.951,0.0
Garner,MID,Everton,6.0,0.1,4,2.272,,2.272,model,2.704,0.545,0.158,0.0,2.0,7.627,232928,1.103,0.466,0.0
McGinn,MID,Aston Villa,5.4,2.4,4,2.248,,2.248,model,2.69,0.026,0.208,0.0,2.0,8.358,122806,1.276,0.738,0.0
Mendy,DEF,Hull,4.0,6.0,4,2.238,,2.238,model,2.643,1.149,0.231,0.0,2.0,8.358,606930,1.478,0.31,-0.929
Petrović,GK,Bournemouth,4.5,3.4,4,2.237,,2.237,model,2.411,0.0,0.961,0.0,1.0,6.51,457569,1.644,0.026,-0.393
Donnarumma,GK,Man City,5.5,7.9,4,2.231,,2.231,model,2.457,0.0,0.932,0.0,1.0,6.51,204936,1.659,0.051,-0.411
Fofana,DEF,Chelsea,5.0,0.1,4,2.231,4.74,3.485,blend(w_ours=0.5),3.493,0.427,0.703,0.0,0.0,8.358,444463,0.841,0.33,-0.071
O.Dango,MID,Brentford,6.4,0.8,4,2.228,,2.228,model,3.24,0.057,0.081,0.0,1.0,8.358,533463,1.069,1.021,0.0
Fernandes,MID,Tottenham,5.9,1.1,4,2.21,,2.21,model,2.667,0.549,0.161,0.0,2.0,7.627,551226,1.083,0.417,0.0
Tielemans,MID,Man United,5.9,1.9,4,2.209,,2.209,model,2.71,0.284,0.111,0.0,2.0,8.358,166989,1.191,0.623,0.0
Estêvão,MID,Chelsea,6.4,0.8,4,2.202,,2.202,model,3.59,0.005,0.068,0.0,1.0,8.358,624773,0.849,1.281,0.0
Caicedo,MID,Chelsea,5.4,1.8,4,2.174,,2.174,model,2.993,0.369,0.215,0.0,0.0,8.627,486672,0.975,0.615,0.0
Roefs,GK,Sunderland,5.0,3.3,4,2.174,,2.174,model,2.351,0.0,0.92,0.0,1.0,6.51,498016,1.697,0.015,-0.458
Ødegaard,MID,Arsenal,6.6,11.1,4,2.158,,2.158,model,2.842,0.047,0.22,0.0,1.0,8.358,184029,1.089,0.801,0.0
Maguire,DEF,Man United,5.0,13.7,4,2.136,,2.136,model,2.834,0.494,0.427,0.0,1.0,8.358,95658,1.257,0.35,-0.392
Diop,DEF,Ipswich,4.0,15.3,4,2.135,,2.135,model,2.624,0.664,0.465,0.0,1.0,8.358,219924,1.2,0.135,-0.329
Schär,DEF,Newcastle,5.0,0.2,4,2.116,,2.116,model,3.068,0.675,0.388,0.0,1.0,8.358,119471,0.98,0.33,-0.257
Shaw,DEF,Man United,4.5,15.1,4,2.115,,2.115,model,2.619,0.279,0.546,0.0,1.0,7.896,106760,1.47,0.291,-0.471
Aaronson,MID,Leeds,5.4,0.7,4,2.111,,2.111,model,2.919,0.063,0.152,0.0,1.0,8.358,427637,1.1,0.796,0.0
Gravenberch,MID,Liverpool,5.9,1.5,4,2.098,,2.098,model,2.429,0.201,0.177,0.0,2.0,7.627,441266,1.211,0.509,0.0
Robinson,DEF,Fulham,4.5,1.6,4,2.094,,2.094,model,2.676,0.329,0.516,0.0,1.0,7.896,169528,1.332,0.319,-0.401
Sels,GK,Nott'm Forest,5.0,1.4,4,2.078,,2.078,model,2.374,0.0,0.866,0.0,1.0,6.51,85633,1.573,0.031,-0.391
Munoz,MID,Liverpool,6.5,1.3,4,2.074,,2.074,model,3.285,0.204,0.145,0.0,0.0,9.254,551499,0.963,0.762,0.0
Mosquera,DEF,Arsenal,5.5,4.1,4,2.066,,2.066,model,3.025,0.295,0.652,0.0,1.0,8.358,500040,0.961,0.209,-0.052
Barnes,MID,Newcastle,6.0,1.5,4,2.052,,2.052,model,2.873,0.005,0.082,0.0,1.0,8.358,201666,1.115,0.849,0.0
Nketiah,FWD,Crystal Palace,5.5,0.6,4,2.047,,2.047,model,2.892,0.014,0.0,0.0,1.0,7.353,205533,1.021,1.012,0.0
N.Jackson,FWD,Aston Villa,6.5,1.0,4,2.021,4.44,3.231,blend(w_ours=0.5),3.457,0.003,0.0,0.0,0.0,7.353,517052,0.866,1.152,0.0
Emersonn,FWD,Ipswich,5.5,1.7,4,2.018,,2.018,model,2.826,0.009,0.0,0.0,2.0,7.353,543968,1.197,0.812,0.0
O'Reilly,DEF,Man City,6.5,17.2,4,2.008,,2.008,model,3.492,0.043,0.395,0.0,1.0,8.896,472769,0.946,0.837,-0.213
Gudmundsson,DEF,Leeds,4.5,0.0,4,2.005,,2.005,model,3.009,0.217,0.58,0.0,1.0,8.358,243526,1.009,0.38,-0.181
Kerkez,DEF,Liverpool,5.5,2.9,4,2.001,,2.001,model,2.766,0.177,0.67,0.0,1.0,7.896,544877,1.129,0.235,-0.21
Hume,DEF,Sunderland,4.5,5.1,4,2.0,,2.0,model,2.528,0.151,0.639,0.0,1.0,6.358,487676,1.374,0.185,-0.349
Buendía,MID,Aston Villa,6.0,1.1,4,1.988,,1.988,model,2.793,0.012,0.105,0.0,1.0,8.358,195546,1.054,0.817,0.0
Rashford,MID,Man United,7.0,1.6,4,1.979,,1.979,model,2.9,0.057,0.073,0.0,1.0,8.358,176297,1.005,0.843,0.0
Enes Ünal,FWD,Bournemouth,5.5,0.0,4,1.947,,1.947,model,2.476,0.0,0.0,0.0,1.0,6.353,168636,0.93,1.017,0.0
Leno,GK,Fulham,4.5,3.1,4,1.941,,1.941,model,2.254,0.0,0.78,0.0,1.0,6.51,80201,1.698,0.011,-0.548
Araujo,DEF,Liverpool,5.4,2.2,4,1.939,,1.939,model,3.145,0.296,0.607,0.0,0.0,8.358,445087,0.936,0.283,-0.183
Damsgaard,MID,Brentford,5.5,0.5,4,1.935,,1.935,model,2.599,0.217,0.079,0.0,1.0,7.627,440089,1.058,0.58,0.0
Lewis-Potter,MID,Brentford,5.5,2.2,4,1.929,,1.929,model,2.535,0.005,0.094,0.0,2.0,8.358,249231,1.167,0.663,0.0
Kelleher,GK,Brentford,5.0,6.9,4,1.929,,1.929,model,2.193,0.0,0.699,0.0,1.0,6.51,200720,1.777,0.038,-0.586
Egan,DEF,Hull,4.0,5.6,4,1.924,,1.924,model,2.11,1.119,0.206,0.0,2.0,6.358,108416,1.466,0.062,-0.93
Rúben,DEF,Man City,5.5,1.8,4,1.923,,1.923,model,2.724,0.162,0.616,0.0,1.0,7.896,171314,1.177,0.258,-0.29
Trafford,GK,Leeds,5.0,5.3,4,1.923,,1.923,model,2.528,0.0,0.866,0.0,1.0,6.51,432720,1.241,0.053,-0.236
Alderete,DEF,Sunderland,4.9,0.3,4,1.92,,1.92,model,2.66,0.532,0.503,0.0,1.0,8.358,201895,1.044,0.109,-0.268
Okafor,MID,Leeds,5.9,0.3,4,1.92,,1.92,model,3.052,0.017,0.118,0.0,1.0,8.358,435997,0.968,0.817,0.0
Brooks,MID,Bournemouth,5.0,0.1,4,1.919,,1.919,model,3.11,0.009,0.046,0.0,1.0,8.358,111317,0.873,0.99,0.0
Cook,MID,Bournemouth,5.0,0.2,4,1.909,,1.909,model,2.383,0.465,0.111,0.0,1.0,5.627,155408,1.023,0.31,0.0
Suzuki,GK,Aston Villa,5.0,1.2,4,1.904,,1.904,model,2.449,0.0,0.909,0.0,1.0,6.51,433969,1.181,0.004,-0.19
Lammens,GK,Man United,5.0,13.2,4,1.901,,1.901,model,2.252,0.0,0.709,0.0,1.0,6.51,465247,1.681,0.037,-0.526
Ajer,DEF,Brentford,4.5,5.1,4,1.898,,1.898,model,2.598,0.491,0.379,0.0,1.0,8.358,191866,1.152,0.224,-0.349
Hincapie,DEF,Arsenal,5.3,1.1,4,1.893,,1.893,model,3.156,0.253,0.662,0.0,0.0,8.358,448104,0.801,0.237,-0.061
Eze,MID,Arsenal,6.4,1.4,4,1.89,,1.89,model,3.015,0.011,0.173,0.0,1.0,8.358,232413,0.892,0.813,0.0
George Hemmings,MID,Aston Villa,4.5,1.0,4,1.888,,1.888,model,2.2,0.16,0.204,0.0,2.0,5.0,577285,1.219,0.306,0.0
Dalot,DEF,Man United,4.9,2.1,4,1.885,,1.885,model,2.775,0.211,0.492,0.0,1.0,7.896,216051,1.148,0.373,-0.339
Adams,MID,Bournemouth,5.0,0.3,4,1.867,,1.867,model,2.402,0.316,0.124,0.0,1.0,6.627,200785,1.07,0.357,0.0
Mac Allister,MID,Liverpool,5.5,1.4,4,1.866,,1.866,model,2.616,0.061,0.143,0.0,1.0,8.358,243016,1.042,0.62,0.0
Yeremy,MID,Crystal Palace,5.5,0.3,4,1.863,,1.863,model,2.904,0.035,0.127,0.0,1.0,8.358,488024,0.889,0.812,0.0
Elanga,MID,Newcastle,6.1,10.7,4,1.854,,1.854,model,2.286,0.005,0.099,0.0,1.0,8.358,449434,1.185,0.565,0.0
Janelt,MID,Brentford,5.0,1.0,4,1.852,,1.852,model,2.361,0.297,0.082,0.0,1.0,6.627,204580,1.075,0.398,0.0
Frimpong,DEF,Liverpool,5.4,2.7,4,1.833,,1.833,model,2.664,0.006,0.522,0.0,1.0,6.358,216094,1.074,0.376,-0.145
Johnson,MID,Everton,5.9,0.1,4,1.826,,1.826,model,2.676,0.012,0.104,0.0,1.0,8.358,242898,1.017,0.693,0.0
George,MID,Everton,5.5,0.3,4,1.825,,1.825,model,2.35,0.023,0.083,0.0,1.0,7.358,550615,1.127,0.591,0.0
Maeda,MID,Ipswich,5.4,0.3,4,1.812,,1.812,model,2.469,0.135,0.111,0.0,2.0,8.358,442967,1.119,0.448,0.0
Pau,DEF,Aston Villa,4.5,0.4,4,1.81,,1.81,model,2.814,0.143,0.678,0.0,0.0,7.896,244954,0.932,0.204,-0.147
Meunier,DEF,Sunderland,4.5,0.3,4,1.803,,1.803,model,2.633,0.283,0.581,0.0,1.0,6.358,93605,1.118,0.125,-0.303
Hato,DEF,Chelsea,4.5,0.7,4,1.799,,1.799,model,2.911,0.134,0.511,0.0,1.0,8.358,551210,0.877,0.33,-0.053
Slater,MID,Hull,4.5,4.9,4,1.792,,1.792,model,1.616,0.14,0.053,0.0,2.0,4.0,243413,1.447,0.152,0.0
Grealish,MID,Everton,6.5,0.3,4,1.788,,1.788,model,2.517,0.071,0.127,0.0,1.0,7.358,114283,1.016,0.573,0.0
Sadiki,MID,Sunderland,5.0,0.3,4,1.776,,1.776,model,1.782,0.111,0.158,0.0,2.0,4.0,577669,1.295,0.212,0.0
Kamada,MID,Crystal Palace,5.0,0.3,4,1.773,,1.773,model,2.424,0.167,0.155,0.0,1.0,6.627,209400,1.004,0.447,0.0
Ayari,MID,Brighton,5.4,0.4,4,1.766,,1.766,model,2.63,0.191,0.132,0.0,1.0,7.627,509416,0.92,0.523,0.0
Reinildo,DEF,Sunderland,4.5,0.4,4,1.758,,1.758,model,2.396,0.279,0.545,0.0,1.0,6.358,434399,1.147,0.065,-0.278
Maatsen,DEF,Aston Villa,4.5,0.8,4,1.756,,1.756,model,2.726,0.071,0.481,0.0,1.0,6.358,441302,0.954,0.352,-0.102
Wan-Bissaka,DEF,Aston Villa,4.5,0.2,4,1.751,,1.751,model,2.705,0.129,0.652,0.0,0.0,6.358,214590,0.949,0.19,-0.169
Mings,DEF,Aston Villa,4.5,0.4,4,1.749,,1.749,model,2.871,0.157,0.585,0.0,0.0,7.896,149484,0.863,0.278,-0.134
Horníček,GK,Newcastle,5.0,1.2,4,1.732,,1.732,model,2.193,0.0,0.694,0.0,1.0,6.51,470551,1.453,0.007,-0.423
Sessegnon,DEF,Fulham,4.5,0.4,4,1.723,,1.723,model,2.83,0.353,0.259,0.0,1.0,8.358,184349,0.928,0.42,-0.237
Anthony,MID,Brentford,6.0,0.2,4,1.709,,1.709,model,2.564,0.074,0.086,0.0,1.0,8.358,444180,0.966,0.584,0.0
Berge,MID,Fulham,5.0,0.3,4,1.702,,1.702,model,1.86,0.17,0.114,0.0,2.0,5.0,207189,1.203,0.215,0.0
Castagne,DEF,Fulham,4.5,0.9,4,1.702,,1.702,model,2.538,0.215,0.402,0.0,1.0,6.627,166477,1.117,0.274,-0.306
Enciso,MID,Ipswich,5.5,0.8,4,1.695,,1.695,model,2.178,0.041,0.084,0.0,1.0,7.358,474120,1.13,0.44,0.0
Tonali,MID,Tottenham,5.4,2.8,4,1.683,,1.683,model,2.287,0.149,0.126,0.0,1.0,6.627,432422,1.014,0.394,0.0
Kinsky,GK,Tottenham,4.5,19.1,4,1.682,,1.682,model,2.383,0.0,0.737,0.0,1.0,6.51,485055,1.139,0.038,-0.231
Barkley,MID,Aston Villa,5.0,0.3,4,1.679,,1.679,model,2.25,0.033,0.078,0.0,1.0,7.358,88894,1.016,0.552,0.0
Awoniyi,FWD,Coventry,5.5,0.7,4,1.673,,1.673,model,2.227,0.002,0.0,0.0,1.0,6.353,210156,1.008,0.663,0.0
Merino,MID,Arsenal,5.9,0.5,4,1.67,,1.67,model,2.869,0.063,0.09,0.0,1.0,7.358,195384,0.81,0.707,0.0
Gittens,MID,Chelsea,5.9,0.0,4,1.66,,1.66,model,2.592,0.001,0.016,0.0,1.0,7.358,463936,0.877,0.766,0.0
Gyökeres,FWD,Arsenal,7.3,4.4,4,1.653,,1.653,model,2.64,0.0,0.0,0.0,1.0,7.353,224117,0.876,0.776,0.0
King,MID,Fulham,5.5,0.9,4,1.644,,1.644,model,2.044,0.022,0.062,0.0,1.0,7.358,577725,1.116,0.444,0.0
Palestra,DEF,Chelsea,5.4,1.2,4,1.64,,1.64,model,4.13,0.185,0.551,0.0,0.0,8.358,620109,0.507,0.45,-0.052
Wood,FWD,Nott'm Forest,5.9,1.2,4,1.639,,1.639,model,2.551,0.001,0.0,0.0,1.0,7.353,60689,0.945,0.694,0.0
Dubravka,GK,Tottenham,4.0,18.0,4,1.636,,1.636,model,2.371,0.0,0.713,0.0,1.0,6.51,67089,1.118,0.033,-0.228
Armstrong,MID,Everton,5.0,0.4,4,1.631,,1.631,model,2.332,0.079,0.114,0.0,1.0,7.358,609873,1.008,0.43,0.0
Tete,DEF,Fulham,4.5,0.2,4,1.631,,1.631,model,2.671,0.318,0.375,0.0,0.0,8.358,167074,0.944,0.272,-0.278
I.Sangaré,MID,Nott'm Forest,4.9,0.6,4,1.63,,1.63,model,2.129,0.312,0.104,0.0,1.0,5.0,210462,0.983,0.231,0.0
McBurnie,FWD,Hull,5.5,2.0,4,1.626,,1.626,model,2.382,0.008,0.0,0.0,2.0,7.353,169432,1.039,0.579,0.0
Hughes,MID,Crystal Palace,4.5,9.3,4,1.626,,1.626,model,2.108,0.074,0.149,0.0,1.0,6.627,108413,1.011,0.392,0.0
Kostoulas,FWD,Brighton,5.5,0.5,4,1.624,,1.624,model,2.536,0.011,0.0,0.0,1.0,6.353,647850,0.84,0.773,0.0
Danso,DEF,Sunderland,5.0,0.2,4,1.621,,1.621,model,2.346,0.463,0.359,0.0,1.0,8.358,135720,0.92,0.06,-0.181
Zubimendi,MID,Arsenal,5.4,0.8,4,1.621,,1.621,model,2.268,0.056,0.216,0.0,1.0,6.627,481655,0.964,0.384,0.0
Lavia,MID,Chelsea,5.0,0.2,4,1.618,,1.618,model,2.486,0.031,0.075,0.0,1.0,7.358,514356,0.903,0.608,0.0
Yarmoliuk,MID,Brentford,4.9,0.9,4,1.617,,1.617,model,2.118,0.275,0.08,0.0,1.0,5.0,508395,1.001,0.26,0.0
Martinez,DEF,Man United,5.0,1.2,4,1.614,,1.614,model,2.501,0.254,0.368,0.0,1.0,6.933,221820,1.044,0.237,-0.289
Brobbey,FWD,Sunderland,5.9,8.7,4,1.607,,1.607,model,1.885,0.001,0.0,0.0,2.0,7.353,441264,1.21,0.396,0.0
Acheampong,DEF,Chelsea,4.5,0.4,4,1.6,,1.6,model,3.084,0.063,0.407,0.0,1.0,7.896,577016,0.754,0.417,-0.04
Christie,MID,Bournemouth,5.0,0.0,4,1.598,,1.598,model,2.464,0.101,0.067,0.0,1.0,7.358,158499,0.891,0.539,0.0
Kamara,MID,Aston Villa,5.0,0.3,4,1.596,,1.596,model,1.985,0.166,0.163,0.0,1.0,5.0,226944,1.043,0.224,0.0
Disasi,DEF,Crystal Palace,4.5,0.1,4,1.59,,1.59,model,2.704,0.0,0.662,0.0,0.0,6.358,220362,0.813,0.206,-0.091
Strand Larsen,FWD,Crystal Palace,6.0,0.5,4,1.586,,1.586,model,2.418,0.001,0.0,0.0,1.0,7.353,247412,0.974,0.612,0.0
Bobb,MID,Fulham,5.5,0.3,4,1.576,,1.576,model,2.132,0.023,0.056,0.0,1.0,5.627,477555,1.044,0.453,0.0
Giles,DEF,Hull,4.0,1.1,4,1.573,,1.573,model,2.082,0.909,0.177,0.0,1.0,4.0,232351,1.157,0.049,-0.72
Carvalho,MID,Brentford,5.0,0.0,4,1.572,,1.572,model,2.236,0.012,0.01,0.0,1.0,7.358,244858,0.903,0.648,0.0
Ngumoha,MID,Liverpool,5.9,0.7,4,1.559,,1.559,model,2.433,0.006,0.053,0.0,1.0,7.358,611922,0.869,0.631,0.0
Nmecha,FWD,Leeds,5.5,0.5,4,1.556,,1.556,model,2.3,0.0,0.0,0.0,1.0,6.353,174594,0.845,0.711,0.0
Šeško,FWD,Man United,7.0,1.6,4,1.552,,1.552,model,2.603,0.0,0.0,0.0,1.0,7.353,485711,0.787,0.765,0.0
Wilson,FWD,Brentford,5.5,0.4,4,1.549,,1.549,model,2.183,0.0,0.0,0.0,1.0,6.353,75115,0.88,0.669,0.0
Grimes,MID,Coventry,5.0,0.2,4,1.533,,1.533,model,1.939,0.115,0.111,0.0,2.0,4.0,168144,1.103,0.204,0.0
Igor Jesus,FWD,Nott'm Forest,5.9,2.9,4,1.53,,1.53,model,2.14,0.002,0.0,0.0,1.0,7.353,482973,1.024,0.504,0.0
Garnacho,MID,Aston Villa,5.9,0.4,4,1.518,,1.518,model,2.619,0.004,0.071,0.0,1.0,7.358,493105,0.773,0.669,0.0
Smith Rowe,MID,Fulham,5.4,0.3,4,1.499,,1.499,model,2.253,0.026,0.064,0.0,1.0,7.358,209289,0.939,0.471,0.0
Lukić,MID,Ipswich,5.0,0.1,4,1.496,,1.496,model,1.873,0.146,0.102,0.0,1.0,5.0,212314,1.028,0.22,0.0
McNeil,MID,Crystal Palace,5.4,0.1,4,1.486,,1.486,model,2.569,0.101,0.106,0.0,1.0,7.358,433154,0.77,0.508,0.0
Pope,GK,Newcastle,5.0,1.1,4,1.481,,1.481,model,2.173,0.0,0.589,0.0,1.0,6.51,98747,1.239,0.027,-0.373
Abraham,FWD,Aston Villa,5.5,0.2,4,1.477,,1.477,model,2.125,0.001,0.0,0.0,1.0,6.353,173879,0.835,0.641,0.0
Matheus N.,DEF,Man City,5.9,1.0,4,1.475,,1.475,model,2.525,0.071,0.449,0.0,0.0,6.358,465351,0.891,0.275,-0.211
Elliott,MID,Liverpool,5.4,0.0,4,1.467,,1.467,model,2.103,0.002,0.006,0.0,1.0,7.358,444884,0.875,0.584,0.0
L.Miley,MID,Newcastle,5.5,0.1,4,1.452,,1.452,model,2.07,0.107,0.065,0.0,1.0,5.627,547719,0.93,0.35,0.0
Belloumi,MID,Hull,5.0,0.9,4,1.451,,1.451,model,1.866,0.097,0.04,0.0,2.0,4.0,540324,1.103,0.21,0.0
J.Murphy,MID,Newcastle,5.9,0.1,4,1.444,,1.444,model,2.427,0.003,0.057,0.0,1.0,7.358,114243,0.852,0.532,0.0
Muniz,FWD,Fulham,5.5,0.5,4,1.439,,1.439,model,2.121,0.001,0.0,0.0,1.0,6.353,244042,0.871,0.568,0.0
Diouf,DEF,Brentford,4.5,0.1,4,1.437,,1.437,model,2.49,0.171,0.369,0.0,0.0,6.358,613804,0.973,0.248,-0.325
N.Gonzalez,MID,Newcastle,5.5,0.3,4,1.432,,1.432,model,2.076,0.299,0.071,0.0,1.0,5.0,465694,0.852,0.211,0.0
Mainoo,MID,Man United,5.5,1.2,4,1.43,,1.43,model,1.978,0.149,0.056,0.0,1.0,5.031,516895,0.942,0.282,0.0
Tomiyasu,DEF,Crystal Palace,4.5,0.3,4,1.428,,1.428,model,2.702,0.19,0.578,0.0,0.0,7.896,223723,0.638,0.107,-0.085
Delap,FWD,Nott'm Forest,5.5,0.8,4,1.42,,1.42,model,2.133,0.0,0.0,0.0,1.0,7.353,463034,0.902,0.517,0.0
Zirkzee,FWD,Man United,5.4,0.5,4,1.414,,1.414,model,2.089,0.001,0.0,0.0,1.0,6.353,458249,0.817,0.595,0.0
Coyle,DEF,Hull,4.0,0.5,4,1.412,,1.412,model,2.104,0.784,0.161,0.0,0.0,4.0,193278,1.024,0.073,-0.63
Sávio,MID,Tottenham,6.5,0.7,4,1.41,,1.41,model,2.48,0.02,0.049,0.0,1.0,7.358,510281,0.766,0.576,0.0
Rushworth,GK,Coventry,4.5,1.0,4,1.393,,1.393,model,2.09,0.0,0.558,0.0,1.0,6.51,472739,1.199,0.007,-0.371
Livramento,DEF,Newcastle,4.9,0.0,4,1.389,,1.389,model,2.293,0.169,0.366,0.0,0.0,6.358,441191,0.939,0.162,-0.247
Fatawu,MID,Ipswich,5.5,0.2,4,1.383,,1.383,model,1.664,0.08,0.077,0.0,1.0,4.0,531442,1.036,0.19,0.0
Ndoye,MID,Nott'm Forest,5.5,0.7,4,1.382,,1.382,model,1.765,0.041,0.083,0.0,1.0,4.627,456512,0.99,0.267,0.0
Robertson,DEF,Tottenham,4.5,3.1,4,1.38,,1.38,model,2.382,0.074,0.334,0.0,1.0,6.358,122798,0.855,0.235,-0.119
Khusanov,DEF,Man City,5.5,1.6,4,1.38,,1.38,model,2.365,0.095,0.372,0.0,1.0,6.358,578153,0.911,0.195,-0.193
Madueke,MID,Arsenal,6.3,0.2,4,1.379,,1.379,model,2.448,0.001,0.092,0.0,1.0,7.358,248857,0.718,0.567,0.0
Lerma,MID,Crystal Palace,4.9,0.1,4,1.377,,1.377,model,2.137,0.189,0.098,0.0,1.0,5.0,152551,0.812,0.278,0.0
Boscagli,DEF,Brighton,4.5,0.3,4,1.37,,1.37,model,2.526,0.148,0.452,0.0,0.0,7.627,204120,0.704,0.149,-0.083
Tel,MID,Tottenham,5.9,0.3,4,1.37,,1.37,model,2.141,0.03,0.062,0.0,1.0,6.627,511499,0.838,0.441,0.0
Tanaka,MID,Leeds,4.9,0.2,4,1.36,,1.36,model,2.245,0.077,0.064,0.0,1.0,5.627,248056,0.799,0.42,0.0
O'Nien,DEF,Sunderland,4.0,2.9,4,1.357,,1.357,model,2.213,0.14,0.362,0.0,1.0,6.358,167512,0.92,0.125,-0.19
Solanke,FWD,Tottenham,5.9,1.0,4,1.353,,1.353,model,2.759,0.007,0.0,0.0,0.0,7.353,154566,0.648,0.698,0.0
Marc Guiu,FWD,Chelsea,5.0,0.3,4,1.35,,1.35,model,2.519,0.0,0.0,0.0,1.0,6.353,499309,0.57,0.78,0.0
Onyeka,MID,Coventry,5.0,0.1,4,1.349,,1.349,model,2.5,0.099,0.083,0.0,0.0,5.0,428580,0.815,0.351,0.0
Smith,DEF,Bournemouth,4.5,0.1,4,1.339,,1.339,model,2.164,0.053,0.4,0.0,1.0,6.358,54469,0.916,0.129,-0.158
Barcola,MID,Liverpool,8.0,1.5,4,1.334,,1.334,model,3.26,0.116,0.084,0.0,0.0,8.358,482616,0.551,0.582,0.0
Chiesa,MID,Liverpool,5.4,0.1,4,1.332,,1.332,model,1.929,0.0,0.001,0.0,1.0,7.358,223541,0.791,0.541,0.0
Rudoni,MID,Coventry,5.0,0.1,4,1.33,,1.33,model,2.331,0.079,0.075,0.0,0.0,8.358,480457,0.787,0.389,0.0
Hackney,MID,Everton,5.5,0.2,4,1.328,,1.328,model,2.62,0.073,0.119,0.0,0.0,5.0,244860,0.743,0.393,0.0
McAtee,MID,Nott'm Forest,5.5,0.1,4,1.327,,1.327,model,1.879,0.054,0.041,0.0,1.0,5.031,432714,0.89,0.342,0.0
Scherpen,GK,Ipswich,4.5,0.6,4,1.324,,1.324,model,2.067,0.0,0.547,0.0,0.0,6.51,240514,1.104,0.0,-0.327
Mason-Clark,MID,Coventry,5.4,0.1,4,1.308,,1.308,model,2.464,0.091,0.08,0.0,0.0,5.0,241293,0.803,0.335,0.0
Kudus,MID,Tottenham,6.5,0.1,4,1.305,,1.305,model,2.388,0.054,0.098,0.0,0.0,6.627,460842,0.714,0.439,0.0
Röhl,MID,Everton,5.0,0.1,4,1.3,,1.3,model,1.944,0.068,0.079,0.0,1.0,5.0,513466,0.869,0.284,0.0
Willock,MID,Newcastle,5.0,0.4,4,1.296,,1.296,model,1.717,0.025,0.054,0.0,1.0,4.627,200089,0.935,0.282,0.0
Bentancur,MID,Tottenham,5.5,0.2,4,1.294,,1.294,model,1.992,0.265,0.082,0.0,0.0,5.0,202993,0.777,0.17,0.0
Florentino,MID,Ipswich,4.9,0.1,4,1.292,,1.292,model,1.828,0.349,0.067,0.0,0.0,5.0,216055,0.791,0.085,0.0
Harwood-Bellis,DEF,Aston Villa,4.5,0.0,4,1.289,,1.289,model,2.567,0.165,0.42,0.0,0.0,6.358,245719,0.639,0.162,-0.096
James,MID,Leeds,5.0,0.1,4,1.289,,1.289,model,1.994,0.001,0.023,0.0,1.0,6.627,200617,0.815,0.449,0.0
J.Ramsey,MID,Newcastle,4.9,0.3,4,1.282,,1.282,model,1.824,0.064,0.052,0.0,1.0,5.0,232653,0.879,0.287,0.0
McAteer,MID,Ipswich,4.5,1.3,4,1.281,,1.281,model,1.788,0.058,0.054,0.0,1.0,4.0,461587,0.911,0.257,0.0
Yates,MID,Nott'm Forest,4.5,1.4,4,1.278,,1.278,model,1.656,0.082,0.05,0.0,1.0,4.0,204968,0.924,0.222,0.0
Jair Cunha,DEF,Nott'm Forest,4.5,0.2,4,1.278,,1.278,model,2.105,0.134,0.304,0.0,1.0,6.358,575458,0.856,0.131,-0.146
Alcaraz,MID,Everton,5.0,0.1,4,1.276,,1.276,model,1.733,0.029,0.057,0.0,1.0,4.627,502697,0.886,0.304,0.0
Hudson-Odoi,MID,Nott'm Forest,5.9,0.2,4,1.268,,1.268,model,1.937,0.005,0.072,0.0,1.0,5.0,209046,0.871,0.32,0.0
A.García,DEF,Aston Villa,4.0,1.7,4,1.266,,1.266,model,2.551,0.154,0.446,0.0,0.0,6.358,606798,0.646,0.135,-0.115
Osula,FWD,Newcastle,5.9,0.5,4,1.264,,1.264,model,1.88,0.0,0.0,0.0,1.0,6.353,538207,0.738,0.525,0.0
Kusi-Asare,FWD,Fulham,4.5,6.5,4,1.253,,1.253,model,2.58,0.012,0.0,0.0,0.0,7.353,631786,0.733,0.508,0.0
Longstaff,MID,Leeds,4.9,0.1,4,1.241,,1.241,model,1.946,0.05,0.041,0.0,1.0,5.0,180135,0.785,0.366,0.0
Clarke,MID,Ipswich,5.5,0.2,4,1.237,,1.237,model,1.758,0.019,0.028,0.0,1.0,5.0,443261,0.846,0.345,0.0
Reed,MID,Fulham,4.5,1.3,4,1.228,,1.228,model,2.565,0.115,0.064,0.0,0.0,4.0,153366,0.705,0.343,0.0
Yirenkyi,MID,Coventry,5.0,0.2,4,1.219,,1.219,model,1.798,0.089,0.093,0.0,0.0,4.0,661888,0.871,0.166,0.0
Mundle,MID,Sunderland,5.0,0.0,4,1.218,,1.218,model,1.324,0.007,0.01,0.0,1.0,2.0,461199,0.974,0.227,0.0
Mazraoui,DEF,Man United,4.5,0.6,4,1.218,,1.218,model,2.05,0.289,0.206,0.0,0.0,6.358,230001,0.798,0.122,-0.197
Isidor,FWD,Sunderland,5.5,1.2,4,1.217,,1.217,model,1.767,0.001,0.0,0.0,1.0,6.353,437505,0.857,0.359,0.0
Udogie,DEF,Tottenham,4.5,0.4,4,1.213,,1.213,model,2.203,0.099,0.357,0.0,0.0,6.358,487053,0.758,0.119,-0.121
N.Angulo,MID,Sunderland,5.0,0.1,4,1.208,,1.208,model,1.638,0.0,0.079,0.0,1.0,3.0,536661,0.932,0.197,0.0
Andrey Santos,MID,Man United,4.9,0.8,4,1.206,,1.206,model,2.011,0.043,0.038,0.0,1.0,4.627,532605,0.798,0.327,0.0
Dorgu,MID,Man United,5.9,0.7,4,1.206,,1.206,model,1.872,0.039,0.044,0.0,1.0,5.627,596777,0.804,0.319,0.0
Guessand,MID,Crystal Palace,5.5,0.0,4,1.2,,1.2,model,1.879,0.017,0.041,0.0,1.0,7.358,485337,0.75,0.392,0.0
Marmoush,FWD,Tottenham,7.0,2.2,4,1.198,4.39,2.794,blend(w_ours=0.5),1.916,0.009,0.0,0.0,1.0,6.353,438234,0.753,0.436,0.0
Lindelöf,DEF,Aston Villa,4.5,0.3,4,1.186,,1.186,model,1.965,0.018,0.4,0.0,1.0,6.358,184667,0.8,0.062,-0.093
Kevin,MID,Fulham,5.4,0.0,4,1.178,,1.178,model,1.479,0.015,0.016,0.0,1.0,4.627,560552,0.879,0.268,0.0
Stroud,MID,Hull,5.0,0.1,4,1.176,,1.176,model,1.582,0.087,0.031,0.0,0.0,4.0,608227,0.941,0.118,0.0
Schlager,MID,Nott'm Forest,5.0,0.1,4,1.173,,1.173,model,1.929,0.099,0.096,0.0,0.0,4.0,204561,0.801,0.178,0.0
Hinshelwood,MID,Brighton,6.0,1.2,4,1.17,,1.17,model,2.507,0.009,0.076,0.0,0.0,7.358,532529,0.602,0.483,0.0
Yoro,DEF,Man United,4.9,0.5,4,1.164,,1.164,model,2.098,0.173,0.173,0.0,1.0,6.358,550864,0.776,0.167,-0.126
Ouattara,DEF,Ipswich,4.0,0.9,4,1.163,,1.163,model,2.387,0.339,0.32,0.0,0.0,7.896,572584,0.591,0.077,-0.164
Flemming,FWD,Ipswich,5.5,0.0,4,1.161,,1.161,model,1.936,0.001,0.0,0.0,1.0,6.353,431639,0.792,0.368,0.0
Tchaouna,MID,Coventry,5.5,0.1,4,1.15,,1.15,model,1.504,0.001,0.047,0.0,1.0,3.0,469272,0.898,0.204,0.0
Chavarria,DEF,Chelsea,4.9,0.2,4,1.149,,1.149,model,3.653,0.129,0.366,0.0,0.0,7.919,498444,0.362,0.328,-0.036
Aït-Nouri,DEF,Man City,5.4,0.5,4,1.14,,1.14,model,2.362,0.038,0.269,0.0,0.0,6.358,448514,0.668,0.313,-0.147
Endo,MID,Liverpool,5.0,0.1,4,1.138,,1.138,model,1.594,0.011,0.01,0.0,1.0,4.0,158983,0.826,0.291,0.0
Dominguez,MID,Nott'm Forest,4.9,0.1,4,1.133,,1.133,model,1.665,0.075,0.042,0.0,1.0,4.0,250199,0.802,0.215,0.0
Núñez,MID,Ipswich,5.0,0.1,4,1.132,,1.132,model,1.86,0.089,0.089,0.0,0.0,4.0,501390,0.79,0.163,0.0
Elvedi,DEF,Leeds,4.5,0.0,4,1.112,,1.112,model,2.391,0.221,0.365,0.0,0.0,6.358,173774,0.558,0.079,-0.111
Mount,MID,Man United,5.4,0.0,4,1.11,,1.11,model,1.923,0.011,0.017,0.0,1.0,4.646,184341,0.709,0.373,0.0
Georginio,FWD,Brighton,5.5,0.7,4,1.096,,1.096,model,2.004,0.008,0.0,0.0,0.0,6.353,463067,0.669,0.419,0.0
G.Jesus,FWD,Arsenal,5.9,0.2,4,1.095,,1.095,model,1.825,0.0,0.0,0.0,1.0,6.353,205651,0.634,0.461,0.0
Lewis-Skelly,MID,Arsenal,5.5,0.7,4,1.087,,1.087,model,1.361,0.003,0.103,0.0,1.0,3.0,499169,0.857,0.124,0.0
Gnonto,MID,Leeds,5.0,0.0,4,1.081,,1.081,model,1.479,0.003,0.003,0.0,1.0,4.627,492859,0.777,0.298,0.0
Gallagher,MID,Tottenham,5.4,0.2,4,1.079,,1.079,model,1.822,0.092,0.081,0.0,0.0,4.0,232787,0.713,0.192,0.0
Hirst,FWD,Ipswich,5.0,0.1,4,1.076,,1.076,model,1.285,0.0,0.0,0.0,1.0,2.0,222625,0.824,0.252,0.0
Adli,MID,Bournemouth,4.9,0.0,4,1.074,,1.074,model,1.742,0.002,0.002,0.0,1.0,4.627,489888,0.694,0.376,0.0
Diomande,DEF,Nott'm Forest,5.4,0.6,4,1.064,,1.064,model,2.457,0.175,0.292,0.0,0.0,6.358,568420,0.607,0.145,-0.155
Henderson,MID,Chelsea,5.0,0.0,4,1.063,,1.063,model,2.097,0.036,0.059,0.0,0.0,5.0,56979,0.614,0.354,0.0
Pinnock,DEF,Coventry,4.5,0.1,4,1.058,,1.058,model,2.242,0.431,0.2,0.0,0.0,6.358,231065,0.506,0.07,-0.15
Diakité,DEF,Bournemouth,5.0,0.2,4,1.051,,1.051,model,2.184,0.233,0.27,0.0,0.0,6.358,242882,0.575,0.077,-0.105
Maddison,MID,Tottenham,6.4,0.5,4,1.05,,1.05,model,2.14,0.023,0.026,0.0,0.0,5.627,172780,0.569,0.432,0.0
J.Cuenca,DEF,Fulham,4.5,0.0,4,1.05,,1.05,model,2.037,0.249,0.177,0.0,0.0,6.358,246301,0.657,0.113,-0.147
Simms,FWD,Coventry,5.0,0.8,4,1.043,,1.043,model,2.199,0.002,0.0,0.0,0.0,7.353,218997,0.669,0.373,0.0
Lewis,DEF,Man City,4.5,0.2,4,1.042,,1.042,model,2.06,0.019,0.17,0.0,0.0,6.358,477064,0.637,0.284,-0.069
Furlong,DEF,Ipswich,4.0,0.5,4,1.026,,1.026,model,2.256,0.329,0.231,0.0,0.0,6.358,176420,0.548,0.081,-0.163
Nwaneri,MID,Arsenal,5.4,0.0,4,1.022,,1.022,model,1.412,0.002,0.003,0.0,1.0,4.627,499175,0.733,0.284,0.0
Tsimikas,DEF,Liverpool,5.0,0.1,4,1.021,,1.021,model,1.906,0.06,0.097,0.0,1.0,4.627,214285,0.658,0.232,-0.026
Taylor,MID,Ipswich,4.5,0.0,4,1.015,,1.015,model,0.985,0.001,0.002,0.0,1.0,1.0,231899,0.888,0.124,0.0
Dibling,MID,Everton,5.4,0.0,4,1.012,,1.012,model,1.707,0.043,0.046,0.0,1.0,4.031,496661,0.679,0.244,0.0
Nelson,MID,Arsenal,5.5,0.0,4,1.008,,1.008,model,1.76,0.007,0.005,0.0,1.0,4.646,200641,0.608,0.387,0.0
Davies,DEF,Tottenham,4.0,0.9,4,1.006,,1.006,model,2.217,0.187,0.208,0.0,0.0,6.358,115556,0.561,0.125,-0.075
Martinelli,MID,Arsenal,6.3,0.1,4,0.983,,0.983,model,1.766,0.0,0.004,0.0,1.0,4.627,444145,0.6,0.379,0.0
Steur,MID,Newcastle,4.9,0.1,4,0.981,,0.981,model,2.182,0.109,0.063,0.0,0.0,4.0,636852,0.589,0.22,0.0
Bergvall,MID,Tottenham,5.4,0.2,4,0.972,,0.972,model,1.478,0.011,0.034,0.0,1.0,3.0,570526,0.74,0.187,0.0
Talbi,MID,Sunderland,5.4,0.2,4,0.967,,0.967,model,1.485,0.006,0.045,0.0,1.0,3.0,549912,0.758,0.157,0.0
Tosin,DEF,Tottenham,4.4,0.2,4,0.966,,0.966,model,2.006,0.18,0.148,0.0,0.0,4.0,109646,0.572,0.112,-0.045
Charles,MID,Fulham,5.0,0.1,4,0.958,,0.958,model,2.05,0.076,0.048,0.0,0.0,4.0,463210,0.602,0.232,0.0
O'Riley,MID,Brighton,5.5,0.1,4,0.955,,0.955,model,1.928,0.005,0.027,0.0,0.0,4.627,219249,0.574,0.35,0.0
Soler,DEF,Bournemouth,4.0,0.3,4,0.952,,0.952,model,2.372,0.133,0.302,0.0,0.0,6.358,575901,0.495,0.13,-0.109
Timber,MID,Crystal Palace,5.0,0.0,4,0.946,,0.946,model,2.491,0.07,0.11,0.0,0.0,4.0,450063,0.499,0.267,0.0
Kipré,DEF,Ipswich,4.0,0.5,4,0.945,,0.945,model,2.318,0.294,0.216,0.0,0.0,6.358,183015,0.487,0.093,-0.146
Gray,MID,Tottenham,5.0,0.2,4,0.938,,0.938,model,1.543,0.047,0.066,0.0,0.0,3.0,547701,0.678,0.146,0.0
Sanchez,DEF,Bournemouth,4.5,0.2,4,0.937,,0.937,model,2.574,0.159,0.266,0.0,0.0,6.358,494928,0.455,0.166,-0.109
Henry,DEF,Brentford,4.5,0.2,4,0.934,,0.934,model,1.628,0.022,0.147,0.0,1.0,4.0,194010,0.78,0.116,-0.13
Walle Egeli,FWD,Ipswich,4.5,3.4,4,0.929,,0.929,model,2.002,0.007,0.0,0.0,0.0,2.0,557012,0.632,0.29,0.0
Palacios,MID,Ipswich,5.0,0.0,4,0.921,,0.921,model,2.043,0.077,0.06,0.0,0.0,4.0,218543,0.571,0.213,0.0
Burrowes,MID,Aston Villa,4.5,0.7,4,0.908,,0.908,model,2.443,0.059,0.086,0.0,0.0,4.0,645618,0.501,0.261,0.0
Beto,FWD,Everton,5.4,1.3,4,0.907,,0.907,model,1.611,0.0,0.0,0.0,1.0,6.353,486385,0.562,0.345,0.0
Maitland-Niles,DEF,Everton,4.5,0.0,4,0.905,,0.905,model,2.419,0.131,0.289,0.0,0.0,6.358,154043,0.446,0.13,-0.092
Tzolakis,GK,Hull,4.6,8.4,4,0.903,,0.903,model,1.734,0.0,0.278,-1.0,1.0,6.51,473284,1.617,0.011,-1.003
Kovačić,MID,Man City,5.4,0.1,4,0.898,,0.898,model,1.78,0.047,0.027,0.0,0.0,4.0,91651,0.57,0.254,0.0
Buonanotte,MID,Brighton,5.0,0.0,4,0.894,,0.894,model,1.565,0.003,0.005,0.0,1.0,4.627,536916,0.579,0.307,0.0
Hickey,DEF,Brentford,4.5,0.1,4,0.884,,0.884,model,1.355,0.027,0.081,0.0,1.0,2.0,472713,0.729,0.105,-0.058
Cairney,MID,Fulham,5.0,0.0,4,0.878,,0.878,model,1.335,0.003,0.001,0.0,1.0,1.0,76357,0.661,0.212,0.0
Chilwell,DEF,Crystal Palace,4.5,0.2,4,0.877,,0.877,model,2.45,0.1,0.339,0.0,0.0,6.358,172850,0.363,0.127,-0.051
Barco,MID,Chelsea,5.5,0.1,4,0.874,,0.874,model,3.57,0.036,0.069,0.0,0.0,4.0,543158,0.287,0.482,0.0
Philogene,MID,Ipswich,5.4,0.1,4,0.873,,0.873,model,1.299,0.001,0.002,0.0,1.0,1.0,481624,0.681,0.189,0.0
Bailey,MID,Aston Villa,5.4,0.1,4,0.87,,0.87,model,1.406,0.003,0.002,0.0,1.0,3.0,215711,0.605,0.26,0.0
Thomas-Asante,FWD,Coventry,5.0,0.8,4,0.866,,0.866,model,1.661,0.004,0.0,0.0,0.0,2.0,230730,0.662,0.2,0.0
Iroegbunam,MID,Hull,5.0,0.0,4,0.861,,0.861,model,1.267,0.087,0.009,0.0,1.0,4.0,490094,0.678,0.087,0.0
Anselmino,DEF,Chelsea,4.5,0.0,4,0.846,,0.846,model,2.9,0.098,0.289,0.0,0.0,6.358,622758,0.289,0.196,-0.026
Heaven,DEF,Man United,4.4,0.3,4,0.845,,0.845,model,1.743,0.15,0.129,0.0,0.0,4.0,606745,0.585,0.088,-0.107
Mingueza,DEF,Crystal Palace,4.4,0.1,4,0.843,,0.843,model,2.446,0.113,0.315,0.0,0.0,6.358,242313,0.337,0.121,-0.043
Targett,DEF,Hull,4.0,2.0,4,0.84,,0.84,model,1.814,0.454,0.099,0.0,0.0,4.0,169359,0.603,0.06,-0.376
Harrison,MID,Leeds,5.0,0.0,4,0.84,,0.84,model,1.5,0.003,0.004,0.0,1.0,2.0,221399,0.566,0.267,0.0
Steele,GK,Brighton,4.0,4.2,4,0.824,,0.824,model,1.93,0.0,0.425,0.0,0.0,6.51,49262,0.463,0.004,-0.068
Devenny,MID,Crystal Palace,5.0,0.0,4,0.822,,0.822,model,1.389,0.002,0.003,0.0,1.0,1.0,489706,0.577,0.24,0.0
Kroupi.Jr,MID,Bournemouth,7.4,0.2,4,0.819,,0.819,model,1.902,0.0,0.001,0.0,0.0,7.358,560262,0.404,0.414,0.0
Collins,DEF,Brentford,5.5,2.0,4,0.815,,0.815,model,2.061,0.229,0.139,0.0,0.0,4.031,432830,0.433,0.143,-0.13
Odobert,MID,Tottenham,5.5,0.0,4,0.811,,0.811,model,1.32,0.001,0.002,0.0,1.0,1.0,550839,0.6,0.208,0.0
Zepa,MID,Fulham,4.5,0.3,4,0.802,,0.802,model,1.992,0.071,0.049,0.0,0.0,4.0,616069,0.488,0.194,0.0
Bogarde,MID,Aston Villa,5.0,0.1,4,0.8,,0.8,model,1.052,0.005,0.035,0.0,1.0,2.0,515597,0.699,0.061,0.0
Gomez,DEF,Liverpool,5.0,0.0,4,0.799,,0.799,model,1.184,0.003,0.01,0.0,1.0,1.0,171287,0.646,0.145,-0.005
Rodríguez,FWD,Bournemouth,6.0,0.1,4,0.799,,0.799,model,2.628,0.005,0.0,0.0,0.0,7.353,561245,0.371,0.423,0.0
Gannon-Doak,MID,Bournemouth,5.0,0.1,4,0.794,,0.794,model,2.364,0.055,0.056,0.0,0.0,4.0,496208,0.395,0.288,0.0
Rigg,MID,Sunderland,5.0,0.1,4,0.79,,0.79,model,1.251,0.006,0.024,0.0,1.0,2.0,554197,0.629,0.131,0.0
Netz,DEF,Nott'm Forest,4.5,0.0,4,0.788,,0.788,model,1.251,0.002,0.065,0.0,1.0,2.0,470315,0.675,0.081,-0.036
Lienou,DEF,Leeds,4.0,0.1,4,0.78,,0.78,model,2.422,0.125,0.238,0.0,0.0,6.358,643970,0.359,0.132,-0.074
Shahar,DEF,Newcastle,4.0,0.3,4,0.768,,0.768,model,2.05,0.181,0.193,0.0,0.0,6.358,553746,0.437,0.089,-0.132
Richarlison,FWD,Tottenham,5.9,1.4,4,0.76,,0.76,model,1.439,0.001,0.0,0.0,0.0,4.627,212319,0.486,0.274,0.0
Mheuka,FWD,Chelsea,4.5,0.4,4,0.76,,0.76,model,2.891,0.002,0.0,0.0,0.0,2.0,567119,0.292,0.466,0.0
Quenda,MID,Chelsea,5.4,0.0,4,0.758,,0.758,model,3.178,0.033,0.051,0.0,0.0,3.0,593117,0.258,0.416,0.0
Tóth.A,MID,Bournemouth,5.0,0.0,4,0.749,,0.749,model,2.374,0.05,0.054,0.0,0.0,3.0,614574,0.375,0.269,0.0
Svoboda,DEF,Brighton,5.0,0.1,4,0.736,,0.736,model,2.624,0.075,0.238,0.0,0.0,6.358,454490,0.309,0.16,-0.047
Drakes-Thomas,MID,Crystal Palace,4.5,0.1,4,0.734,,0.734,model,2.422,0.049,0.079,0.0,0.0,3.05,672492,0.333,0.272,0.0
Bidwell,DEF,Coventry,4.0,0.1,4,0.732,,0.732,model,1.964,0.252,0.16,0.0,0.0,4.0,80178,0.388,0.062,-0.13
Adingra,MID,Sunderland,4.9,0.0,4,0.731,,0.731,model,1.102,0.0,0.003,0.0,1.0,1.0,535818,0.593,0.135,0.0
Ahanor,DEF,Crystal Palace,4.5,0.0,4,0.729,,0.729,model,2.168,0.091,0.279,0.0,0.0,6.358,605972,0.309,0.097,-0.046
Ruggeri,DEF,Aston Villa,4.5,0.1,4,0.726,,0.726,model,2.122,0.093,0.27,0.0,0.0,6.358,487992,0.337,0.083,-0.057
Torp,MID,Coventry,5.4,0.1,4,0.725,,0.725,model,2.118,0.043,0.034,0.0,0.0,4.0,226965,0.383,0.264,0.0
Rowe,DEF,Aston Villa,4.0,0.1,4,0.724,,0.724,model,2.098,0.076,0.286,0.0,0.0,6.358,569577,0.335,0.078,-0.052
Jebbison,FWD,Bournemouth,5.0,0.1,4,0.717,,0.717,model,2.444,0.005,0.0,0.0,0.0,2.0,523700,0.343,0.369,0.0
Shepherd,MID,Coventry,4.5,0.3,4,0.716,,0.716,model,1.84,0.05,0.049,0.0,0.0,3.0,684268,0.459,0.158,0.0
P.M.Sarr,MID,Tottenham,4.9,0.1,4,0.708,,0.708,model,1.193,0.007,0.003,0.0,1.0,1.0,482442,0.55,0.147,0.0
Bakwa,MID,Nott'm Forest,5.5,0.0,4,0.708,,0.708,model,1.176,0.001,0.002,0.0,1.0,1.0,476887,0.552,0.152,0.0
J.Timber,DEF,Arsenal,6.5,0.1,4,0.704,,0.704,model,2.006,0.032,0.244,0.0,0.0,6.358,445122,0.329,0.115,-0.016
Costinha,DEF,Brighton,4.5,0.0,4,0.698,,0.698,model,2.541,0.067,0.224,0.0,0.0,6.358,451490,0.282,0.172,-0.046
Furo,FWD,Brentford,4.5,1.1,4,0.694,,0.694,model,2.132,0.003,0.0,0.0,0.0,2.0,593174,0.402,0.289,0.0
Palmer,GK,Ipswich,4.0,4.3,4,0.693,,0.693,model,1.644,0.0,0.29,0.0,0.0,6.51,112520,0.581,0.0,-0.178
Doucouré,MID,Crystal Palace,4.9,0.1,4,0.687,,0.687,model,2.318,0.041,0.069,0.0,0.0,3.0,438464,0.311,0.266,0.0
Bard,DEF,Leeds,4.5,0.0,4,0.685,,0.685,model,2.097,0.131,0.205,0.0,0.0,6.358,437497,0.325,0.097,-0.072
Arrizabalaga,GK,Arsenal,4.9,0.1,4,0.681,,0.681,model,1.848,0.0,0.364,0.0,0.0,6.51,109745,0.336,0.01,-0.029
Latibeaudiere,DEF,Coventry,4.0,0.0,4,0.675,,0.675,model,2.04,0.213,0.135,0.0,0.0,4.0,204813,0.347,0.086,-0.107
David,FWD,Brighton,6.0,0.2,4,0.672,,0.672,model,2.445,0.007,0.0,0.0,0.0,5.627,538007,0.267,0.397,0.0
Coppola,DEF,Brighton,4.5,0.0,4,0.672,,0.672,model,2.264,0.087,0.228,0.0,0.0,6.358,550090,0.287,0.114,-0.045
Doku,MID,Man City,7.4,0.8,4,0.669,,0.669,model,1.426,0.001,0.003,0.0,0.0,2.0,248875,0.426,0.24,0.0
Matthews,GK,Crystal Palace,4.0,1.8,4,0.668,,0.668,model,1.813,0.0,0.347,0.0,0.0,6.51,169593,0.364,0.007,-0.051
Ekitiké,FWD,Liverpool,7.5,0.1,4,0.666,,0.666,model,1.678,0.001,0.0,0.0,0.0,6.353,510663,0.325,0.341,0.0
Travers,GK,Everton,5.0,0.0,4,0.662,,0.662,model,1.732,0.0,0.296,0.0,0.0,6.51,229600,0.442,0.015,-0.091
Akpom,FWD,Ipswich,5.0,1.1,4,0.658,,0.658,model,1.64,0.004,0.0,0.0,0.0,2.0,147675,0.457,0.198,0.0
Cresswell,MID,Leeds,4.5,0.1,4,0.654,,0.654,model,2.121,0.051,0.049,0.0,0.0,3.0,592740,0.348,0.206,0.0
Crooks,MID,Hull,4.5,0.5,4,0.654,,0.654,model,1.596,0.047,0.02,0.0,0.0,3.0,101282,0.456,0.131,0.0
Goretzka,MID,Aston Villa,6.0,0.1,4,0.648,,0.648,model,2.188,0.033,0.054,0.0,0.0,3.0,119090,0.313,0.249,0.0
Bradley,DEF,Liverpool,5.0,0.0,4,0.648,,0.648,model,1.198,0.005,0.017,0.0,0.0,1.0,492777,0.498,0.131,-0.003
Morita,MID,Hull,5.0,0.0,4,0.647,,0.647,model,1.61,0.04,0.014,0.0,0.0,2.0,445028,0.459,0.134,0.0
Bahoya,MID,Leeds,5.0,0.0,4,0.646,,0.646,model,2.049,0.039,0.052,0.0,0.0,3.0,587982,0.339,0.216,0.0
Olusesi,MID,Tottenham,4.5,0.7,4,0.643,,0.643,model,1.857,0.055,0.053,0.0,0.0,3.0,499726,0.361,0.173,0.0
M.França,MID,Crystal Palace,4.9,0.0,4,0.643,,0.643,model,2.178,0.045,0.069,0.0,0.0,3.0,536694,0.315,0.214,0.0
Schuster,DEF,Brentford,4.5,0.1,4,0.641,,0.641,model,2.029,0.119,0.158,0.0,0.0,4.0,513086,0.341,0.135,-0.111
King,GK,Everton,4.5,0.0,4,0.64,,0.64,model,1.68,0.0,0.302,0.0,0.0,6.51,138001,0.417,0.004,-0.083
Dowman,MID,Arsenal,5.4,0.1,4,0.639,,0.639,model,1.954,0.049,0.083,0.0,0.0,3.0,616077,0.321,0.186,0.0
Darlow,GK,Man United,4.5,0.0,4,0.635,,0.635,model,1.524,0.0,0.206,0.0,0.0,2.0,59735,0.613,0.018,-0.202
Forster,GK,Bournemouth,4.0,3.4,4,0.631,,0.631,model,1.724,0.0,0.274,0.0,0.0,6.51,40383,0.433,0.026,-0.101
Burns,MID,Ipswich,5.0,0.0,4,0.625,,0.625,model,1.048,0.001,0.002,0.0,1.0,1.0,149929,0.512,0.109,0.0
C.Jones,MID,Liverpool,5.5,0.0,4,0.621,,0.621,model,1.224,0.007,0.002,0.0,0.0,1.0,206915,0.446,0.166,0.0
Mbaye,MID,Aston Villa,6.0,0.0,4,0.62,,0.62,model,2.076,0.046,0.057,0.0,0.0,3.0,638987,0.295,0.222,0.0
O.Richards,DEF,Nott'm Forest,4.0,0.2,4,0.62,,0.62,model,1.815,0.079,0.203,0.0,0.0,6.358,204822,0.366,0.059,-0.087
Bamba,MID,Newcastle,4.9,0.1,4,0.619,,0.619,model,1.927,0.054,0.036,0.0,0.0,3.0,632794,0.355,0.173,0.0
Touré,MID,Newcastle,5.9,0.1,4,0.617,,0.617,model,1.899,0.057,0.037,0.0,0.0,3.0,611665,0.344,0.179,0.0
Oriola,MID,Brighton,4.5,0.3,4,0.616,,0.616,model,1.903,0.049,0.059,0.0,0.0,3.0,556637,0.339,0.17,0.0
Sakamoto,MID,Coventry,4.9,0.1,4,0.611,,0.611,model,1.652,0.045,0.045,0.0,0.0,3.0,501459,0.389,0.132,0.0
Hadjam,DEF,Brighton,4.5,0.0,4,0.601,,0.601,model,2.261,0.059,0.202,0.0,0.0,6.358,512123,0.252,0.126,-0.038
Emegha,FWD,Chelsea,5.0,0.2,4,0.599,,0.599,model,2.315,0.003,0.0,0.0,0.0,2.0,503037,0.257,0.339,0.0
Yohanna,MID,Brighton,4.9,0.1,4,0.596,,0.596,model,2.223,0.042,0.047,0.0,0.0,3.0,700308,0.256,0.251,0.0
Obi,FWD,Man United,4.5,1.2,4,0.595,,0.595,model,1.968,0.001,0.0,0.0,0.0,2.0,596047,0.319,0.274,0.0
J.Rak-Sakyi,MID,Crystal Palace,5.0,0.0,4,0.587,,0.587,model,2.171,0.053,0.061,0.0,0.0,3.0,450542,0.293,0.18,0.0
Gozo,MID,Crystal Palace,5.0,0.0,4,0.581,,0.581,model,2.049,0.046,0.061,0.0,0.0,3.0,559152,0.304,0.17,0.0
Gruev,MID,Leeds,5.0,0.0,4,0.58,,0.58,model,1.176,0.009,0.016,0.0,0.0,2.0,486520,0.443,0.113,0.0
Mateta,FWD,Crystal Palace,6.4,2.2,4,0.579,,0.579,model,1.615,0.0,0.0,0.0,0.0,2.0,231747,0.287,0.292,0.0
Osorio,MID,Crystal Palace,5.5,0.0,4,0.577,,0.577,model,2.081,0.051,0.055,0.0,0.0,3.0,533646,0.282,0.189,0.0
Larsson,MID,Fulham,5.0,0.0,4,0.577,,0.577,model,1.753,0.054,0.029,0.0,0.0,3.0,551050,0.34,0.154,0.0
Methalie,DEF,Sunderland,4.5,0.0,4,0.577,,0.577,model,1.784,0.089,0.17,0.0,0.0,4.0,638411,0.339,0.064,-0.086
Ángel,MID,Fulham,5.0,0.0,4,0.577,,0.577,model,1.751,0.051,0.034,0.0,0.0,3.0,500033,0.349,0.143,0.0
Fletcher,MID,Man United,4.5,0.3,4,0.575,,0.575,model,1.914,0.039,0.031,0.0,0.0,3.0,519913,0.311,0.194,0.0
Ji-soo,DEF,Brentford,4.5,0.0,4,0.575,,0.575,model,1.909,0.107,0.145,0.0,0.0,4.0,570241,0.327,0.103,-0.107
Hamer,MID,Coventry,5.5,0.1,4,0.575,,0.575,model,1.591,0.048,0.035,0.0,0.0,3.0,196100,0.373,0.119,0.0
Ahoka,MID,Sunderland,4.5,0.2,4,0.575,,0.575,model,1.502,0.037,0.043,0.0,0.0,3.0,696104,0.395,0.1,0.0
Gourna-Douath,MID,Hull,5.0,0.0,4,0.575,,0.575,model,1.364,0.042,0.014,0.0,0.0,2.0,469266,0.448,0.071,0.0
B.Badiashile,DEF,Chelsea,4.5,0.0,4,0.571,,0.571,model,1.113,0.009,0.025,0.0,0.0,1.0,242880,0.462,0.078,-0.003
McConnell,MID,Liverpool,4.5,0.2,4,0.566,,0.566,model,1.956,0.045,0.044,0.0,0.0,3.0,491501,0.294,0.182,0.0
Affengruber,DEF,Fulham,4.5,0.0,4,0.564,,0.564,model,1.812,0.098,0.15,0.0,0.0,4.0,442299,0.341,0.084,-0.108
Cherif,FWD,Coventry,5.0,0.1,4,0.564,,0.564,model,1.912,0.004,0.0,0.0,0.0,2.0,627221,0.337,0.223,0.0
Szmodics,MID,Ipswich,5.0,0.0,4,0.558,,0.558,model,1.188,0.003,0.003,0.0,0.0,1.0,172453,0.41,0.141,0.0
Minteh,MID,Brighton,5.9,0.0,4,0.552,,0.552,model,1.43,0.001,0.006,0.0,0.0,1.0,592031,0.335,0.211,0.0
Xavi,MID,Tottenham,6.0,0.0,4,0.55,,0.55,model,1.251,0.003,0.004,0.0,0.0,1.0,493362,0.384,0.16,0.0
Lucky,DEF,Liverpool,4.0,0.1,4,0.547,,0.547,model,2.118,0.103,0.173,0.0,0.0,4.0,519440,0.235,0.079,-0.043
Eccles,MID,Coventry,4.9,0.0,4,0.546,,0.546,model,1.639,0.035,0.038,0.0,0.0,3.0,439668,0.341,0.132,0.0
Ugarte,MID,Man United,5.0,0.0,4,0.535,,0.535,model,0.942,0.011,0.001,0.0,0.0,1.0,232112,0.448,0.075,0.0
Jensen,MID,Brentford,5.5,0.1,4,0.534,,0.534,model,1.063,0.001,0.001,0.0,0.0,1.0,207283,0.395,0.136,0.0
Mehmeti,MID,Ipswich,4.9,0.0,4,0.532,,0.532,model,1.498,0.037,0.04,0.0,0.0,3.0,232457,0.351,0.105,0.0
Woltemade,FWD,Newcastle,5.9,0.8,4,0.531,,0.531,model,1.125,0.0,0.0,0.0,0.0,1.0,470313,0.38,0.151,0.0
Fofana,MID,Sunderland,5.5,0.0,4,0.528,,0.528,model,1.441,0.039,0.039,0.0,0.0,3.0,549940,0.343,0.106,0.0
Reijnders,MID,Man City,6.0,0.0,4,0.527,,0.527,model,1.389,0.0,0.003,0.0,0.0,1.0,433036,0.319,0.205,0.0
Kalimuendo,FWD,Nott'm Forest,5.4,0.1,4,0.524,,0.524,model,1.843,0.002,0.0,0.0,0.0,2.0,465680,0.299,0.223,0.0
Osman,MID,Brighton,5.0,0.0,4,0.516,,0.516,model,1.836,0.047,0.047,0.0,0.0,3.0,612855,0.261,0.161,0.0
Morato,DEF,Nott'm Forest,5.0,0.0,4,0.513,,0.513,model,0.944,0.01,0.012,0.0,0.0,1.0,485047,0.44,0.055,-0.004
Benitez,GK,Crystal Palace,4.5,0.1,4,0.512,,0.512,model,1.595,0.0,0.278,0.0,0.0,6.51,121709,0.268,0.0,-0.034
Meslier,GK,Arsenal,4.9,0.0,4,0.509,,0.509,model,1.612,0.0,0.274,0.0,0.0,6.51,437495,0.262,0.004,-0.031
Andrés,MID,Brighton,5.5,0.0,4,0.508,,0.508,model,1.831,0.045,0.049,0.0,0.0,3.0,592984,0.257,0.157,0.0
Fernandez-Pardo,FWD,Newcastle,6.0,0.1,4,0.508,,0.508,model,1.851,0.001,0.0,0.0,0.0,2.0,613221,0.291,0.215,0.0
Alysson,MID,Aston Villa,5.0,0.0,4,0.506,,0.506,model,1.581,0.035,0.051,0.0,0.0,3.0,653481,0.298,0.122,0.0
Wieffer,DEF,Brighton,5.0,0.4,4,0.505,,0.505,model,1.077,0.014,0.017,0.0,0.0,1.0,467779,0.396,0.08,-0.003
Amass,DEF,Man United,4.0,0.2,4,0.503,,0.503,model,1.779,0.117,0.109,0.0,0.0,4.0,577974,0.299,0.075,-0.097
Herrington,DEF,Hull,4.0,0.6,4,0.493,,0.493,model,1.426,0.281,0.051,0.0,0.0,3.0,597462,0.381,0.032,-0.251
Wilson,GK,Coventry,4.5,0.4,4,0.489,,0.489,model,1.436,0.0,0.203,0.0,0.0,2.0,110690,0.407,0.004,-0.124
Dowell,MID,Hull,4.5,0.4,4,0.488,,0.488,model,1.471,0.031,0.009,0.0,0.0,2.0,171270,0.344,0.104,0.0
Di Gregorio,GK,Bournemouth,4.5,0.0,4,0.485,,0.485,model,1.459,0.0,0.21,0.0,0.0,2.0,230650,0.357,0.004,-0.086
Johnson,DEF,Ipswich,4.0,0.1,4,0.478,,0.478,model,0.878,0.012,0.01,0.0,0.0,1.0,222018,0.411,0.051,-0.007
Jocelin.T,MID,Sunderland,5.0,0.0,4,0.477,,0.477,model,1.405,0.038,0.038,0.0,0.0,3.0,699989,0.314,0.087,0.0
Cairns,GK,Leeds,4.0,0.2,4,0.475,,0.475,model,1.442,0.0,0.21,0.0,0.0,2.0,97846,0.327,0.004,-0.065
Koumas,MID,Liverpool,5.0,0.0,4,0.465,,0.465,model,1.772,0.047,0.029,0.0,0.0,3.0,514514,0.227,0.162,0.0
Mitoma,MID,Brighton,5.9,0.0,4,0.463,,0.463,model,1.235,0.0,0.003,0.0,0.0,1.0,451340,0.291,0.169,0.0
Bornauw,DEF,Leeds,4.5,0.0,4,0.461,,0.461,model,0.967,0.003,0.004,0.0,0.0,1.0,437738,0.384,0.071,-0.001
M.Bizot,GK,Aston Villa,4.5,0.1,4,0.461,,0.461,model,1.487,0.0,0.194,0.0,0.0,2.0,72147,0.277,0.026,-0.035
Zetterer,GK,Leeds,4.0,0.3,4,0.459,,0.459,model,1.503,0.0,0.216,0.0,0.0,2.0,155465,0.287,0.009,-0.053
Hutchinson,MID,Nott'm Forest,5.4,0.1,4,0.458,,0.458,model,0.9,0.001,0.004,0.0,0.0,1.0,503301,0.37,0.082,0.0
J.Angulo,FWD,Sunderland,4.5,0.3,4,0.457,,0.457,model,1.4,0.004,0.0,0.0,0.0,2.0,661313,0.325,0.128,0.0
Baleba,MID,Man United,5.0,0.1,4,0.457,,0.457,model,0.876,0.003,0.001,0.0,0.0,1.0,535301,0.389,0.065,0.0
Penders,GK,Chelsea,4.5,0.1,4,0.455,,0.455,model,1.549,0.0,0.238,0.0,0.0,6.51,549939,0.235,0.007,-0.025
Byfield,DEF,Tottenham,4.0,0.1,4,0.453,,0.453,model,1.609,0.106,0.135,0.0,0.0,4.0,640419,0.219,0.036,-0.044
Sarr,MID,Crystal Palace,6.3,1.0,4,0.453,,0.453,model,1.42,0.001,0.004,0.0,0.0,1.0,232185,0.245,0.203,0.0
Bendito Mantato,MID,Man United,4.5,0.2,4,0.452,,0.452,model,1.487,0.029,0.029,0.0,0.0,2.0,576620,0.289,0.105,0.0
De Fougerolles,DEF,Fulham,4.0,0.1,4,0.45,,0.45,model,1.545,0.081,0.115,0.0,0.0,3.0,547686,0.298,0.048,-0.092
Rowswell,DEF,Tottenham,4.0,0.1,4,0.443,,0.443,model,1.611,0.109,0.128,0.0,0.0,4.0,499716,0.212,0.036,-0.042
J.Fletcher,MID,Man United,5.0,0.0,4,0.442,,0.442,model,1.89,0.032,0.02,0.0,0.0,2.0,547037,0.24,0.15,0.0
Amad,MID,Man United,5.8,0.5,4,0.432,,0.432,model,1.244,0.001,0.002,0.0,0.0,1.0,493250,0.281,0.148,0.0
Bouaddi,MID,Man City,5.5,0.2,4,0.429,,0.429,model,1.724,0.023,0.028,0.0,0.0,2.0,637238,0.224,0.154,0.0
Button,GK,Ipswich,4.0,0.5,4,0.426,,0.426,model,1.343,0.0,0.171,0.0,0.0,2.0,50093,0.347,0.007,-0.1
Nyoni,MID,Liverpool,4.9,0.0,4,0.413,,0.413,model,1.716,0.034,0.036,0.0,0.0,3.0,591386,0.218,0.125,0.0
Woodman,GK,Liverpool,4.0,1.1,4,0.412,,0.412,model,1.378,0.0,0.183,0.0,0.0,2.0,155503,0.272,0.007,-0.051
Lecomte,GK,Fulham,4.0,1.2,4,0.412,,0.412,model,1.26,0.0,0.153,0.0,0.0,2.0,86873,0.407,0.0,-0.149
Rodrigo,MID,Man City,6.5,0.0,4,0.409,,0.409,model,1.051,0.01,0.002,0.0,0.0,1.0,220566,0.3,0.097,0.0
Patterson,DEF,Everton,4.5,0.0,4,0.407,,0.407,model,0.859,0.005,0.012,0.0,0.0,1.0,243571,0.349,0.044,-0.002
Danns,FWD,Liverpool,4.5,0.1,4,0.405,,0.405,model,1.774,0.003,0.0,0.0,0.0,2.0,500058,0.203,0.199,0.0
Jaouen,GK,Newcastle,4.5,0.0,4,0.402,,0.402,model,1.345,0.0,0.167,0.0,0.0,2.0,554578,0.318,0.011,-0.094
Allan,MID,Man City,6.0,0.0,4,0.4,,0.4,model,1.857,0.035,0.023,0.0,0.0,2.0,624777,0.182,0.161,0.0
Gillespie,GK,Newcastle,4.5,0.0,4,0.396,,0.396,model,1.32,0.0,0.177,0.0,0.0,2.0,81441,0.302,0.0,-0.083
Vitor Reis,DEF,Man City,4.5,0.0,4,0.388,,0.388,model,2.079,0.04,0.097,0.0,0.0,2.0,616222,0.193,0.112,-0.055
Benda,GK,Nott'm Forest,4.5,0.1,4,0.386,,0.386,model,1.329,0.0,0.17,0.0,0.0,2.0,428971,0.285,0.004,-0.073
Lacey,MID,Man United,5.0,0.1,4,0.382,,0.382,model,1.436,0.023,0.021,0.0,0.0,2.0,576628,0.236,0.101,0.0
Digne,DEF,Aston Villa,4.5,0.1,4,0.38,,0.38,model,0.854,0.001,0.01,0.0,0.0,1.0,101188,0.306,0.066,-0.003
McNair,DEF,Hull,4.0,0.1,4,0.379,,0.379,model,1.386,0.205,0.042,0.0,0.0,3.0,160817,0.262,0.045,-0.175
Onana,MID,Aston Villa,5.0,0.0,4,0.376,,0.376,model,1.07,0.005,0.005,0.0,0.0,1.0,449871,0.268,0.098,0.0
Mamardashvili,GK,Liverpool,4.9,0.1,4,0.375,,0.375,model,1.275,0.0,0.144,0.0,0.0,2.0,449027,0.263,0.007,-0.039
Savona,DEF,Nott'm Forest,4.5,0.0,4,0.37,,0.37,model,0.818,0.003,0.016,0.0,0.0,1.0,500151,0.32,0.037,-0.005
McCarthy,DEF,Hull,4.0,0.1,4,0.37,,0.37,model,1.31,0.197,0.044,0.0,0.0,3.0,661800,0.247,0.04,-0.158
McAidoo,MID,Man City,4.5,0.1,4,0.369,,0.369,model,1.587,0.025,0.023,0.0,0.0,2.0,616288,0.201,0.119,0.0
Norton-Cuffy,DEF,Hull,4.0,0.1,4,0.368,,0.368,model,1.297,0.195,0.048,0.0,0.0,3.0,496181,0.249,0.023,-0.148
Hjertø-Dahl,MID,Hull,4.9,0.1,4,0.363,,0.363,model,1.122,0.028,0.008,0.0,0.0,2.0,552946,0.269,0.057,0.0
Mudryk,MID,Tottenham,5.4,0.1,4,0.357,,0.357,model,1.556,0.026,0.031,0.0,0.0,2.0,465920,0.186,0.114,0.0
Phillips,MID,Man City,5.0,0.0,4,0.353,,0.353,model,0.95,0.002,0.004,0.0,0.0,1.0,155405,0.27,0.078,0.0
Igor,DEF,Brighton,4.5,0.1,4,0.353,,0.353,model,0.78,0.006,0.012,0.0,0.0,1.0,223434,0.315,0.024,-0.003
Williams-Barnett,MID,Tottenham,4.5,0.1,4,0.349,,0.349,model,1.339,0.033,0.032,0.0,0.0,3.0,611917,0.205,0.078,0.0
Gelhardt,MID,Hull,5.0,0.0,4,0.343,,0.343,model,1.227,0.025,0.007,0.0,0.0,2.0,462635,0.237,0.073,0.0
Nørgaard,MID,Everton,4.9,0.1,4,0.337,,0.337,model,0.871,0.002,0.002,0.0,0.0,1.0,128295,0.27,0.064,0.0
Thomas,MID,Hull,5.5,0.0,4,0.335,,0.335,model,1.299,0.017,0.008,0.0,0.0,2.0,243951,0.218,0.093,0.0
Ömür,MID,Hull,4.9,0.0,4,0.334,,0.334,model,1.254,0.023,0.009,0.0,0.0,2.0,208481,0.229,0.074,0.0
Samba,MID,Man City,4.5,0.0,4,0.331,,0.331,model,1.355,0.03,0.022,0.0,0.0,2.0,595480,0.189,0.09,0.0
Walton,GK,Ipswich,4.5,0.4,4,0.33,,0.33,model,1.212,0.0,0.134,0.0,0.0,2.0,108813,0.271,0.009,-0.083
Valdimarsson,GK,Brentford,4.5,0.1,4,0.33,,0.33,model,1.272,0.0,0.134,0.0,0.0,2.0,507433,0.278,0.007,-0.089
Kulusevski,MID,Tottenham,6.5,0.0,4,0.326,,0.326,model,0.998,0.003,0.002,0.0,0.0,1.0,445044,0.22,0.1,0.0
Mouzakitis,MID,Hull,5.0,0.0,4,0.322,,0.322,model,1.149,0.025,0.007,0.0,0.0,2.0,647839,0.233,0.057,0.0
Braithwaite,DEF,Man City,4.0,0.1,4,0.32,,0.32,model,1.338,0.023,0.105,0.0,0.0,2.0,554054,0.205,0.04,-0.054
Cho,MID,Hull,5.0,0.0,4,0.319,,0.319,model,1.151,0.02,0.007,0.0,0.0,2.0,490884,0.229,0.062,0.0
Akintola,MID,Hull,5.0,0.0,4,0.316,,0.316,model,1.208,0.023,0.008,0.0,0.0,2.0,213292,0.222,0.063,0.0
Davies,GK,Liverpool,4.0,0.2,4,0.316,,0.316,model,1.214,0.0,0.149,0.0,0.0,2.0,464353,0.208,0.0,-0.041
Spence,DEF,Tottenham,4.5,0.3,4,0.313,,0.313,model,0.753,0.004,0.009,0.0,0.0,1.0,232859,0.269,0.035,-0.003
Ansah,FWD,Hull,5.0,0.0,4,0.307,,0.307,model,1.119,0.001,0.0,0.0,0.0,2.0,626751,0.225,0.081,0.0
Austin,GK,Tottenham,4.0,1.0,4,0.299,,0.299,model,1.169,0.0,0.135,0.0,0.0,2.0,214572,0.205,0.0,-0.042
Watkins,FWD,Aston Villa,7.8,3.8,4,0.298,,0.298,model,1.054,0.0,0.0,0.0,0.0,1.0,178301,0.182,0.116,0.0
Diarra,MID,Sunderland,5.4,0.0,4,0.29,,0.29,model,0.703,0.001,0.003,0.0,0.0,1.0,547027,0.253,0.033,0.0
John,GK,Nott'm Forest,4.5,0.1,4,0.289,,0.289,model,1.119,0.0,0.122,0.0,0.0,2.0,221389,0.224,0.0,-0.056
Milosavljević,DEF,Bournemouth,5.0,0.0,4,0.287,,0.287,model,0.938,0.005,0.012,0.0,0.0,1.0,620487,0.215,0.058,-0.003
Rulli,GK,Man City,5.0,0.0,4,0.277,,0.277,model,1.263,0.0,0.117,0.0,0.0,2.0,106921,0.198,0.011,-0.049
Chadi Riad,DEF,Crystal Palace,4.4,0.0,4,0.274,,0.274,model,0.831,0.003,0.019,0.0,0.0,1.0,515621,0.214,0.04,-0.001
Vaz,FWD,Hull,5.0,0.0,4,0.266,,0.266,model,0.995,0.003,0.0,0.0,0.0,2.0,631000,0.198,0.065,0.0
Bettinelli,GK,Man City,4.5,0.0,4,0.245,,0.245,model,1.206,0.0,0.102,0.0,0.0,2.0,122074,0.181,0.011,-0.049
Woolfenden,DEF,Coventry,4.0,0.1,4,0.242,,0.242,model,0.637,0.014,0.009,0.0,0.0,1.0,220583,0.213,0.011,-0.006
Joelinton,MID,Newcastle,5.4,0.0,4,0.235,,0.235,model,0.794,0.007,0.001,0.0,0.0,1.0,180974,0.182,0.045,0.0
Chalobah,DEF,Chelsea,5.5,0.1,4,0.232,,0.232,model,1.001,0.015,0.02,0.0,0.0,1.0,180736,0.142,0.057,-0.002
De Ligt,DEF,Man United,5.0,0.0,4,0.228,,0.228,model,0.923,0.014,0.015,0.0,0.0,1.0,209365,0.153,0.052,-0.006
Bentley,GK,Coventry,4.0,0.3,4,0.213,,0.213,model,1.077,0.0,0.078,0.0,0.0,1.0,79602,0.165,0.018,-0.048
Romero,DEF,Tottenham,5.0,0.1,4,0.206,,0.206,model,0.807,0.014,0.015,0.0,0.0,1.0,221632,0.154,0.027,-0.004
Phillips,GK,Hull,4.0,1.5,4,0.162,,0.162,model,0.776,0.0,0.045,0.0,0.0,1.0,167825,0.292,0.0,-0.175
Ellborg,GK,Sunderland,4.5,0.1,4,0.161,,0.161,model,0.847,0.0,0.068,0.0,0.0,1.0,515046,0.127,0.001,-0.035
Burn,DEF,Newcastle,4.9,1.1,4,0.159,,0.159,model,0.731,0.019,0.013,0.0,0.0,1.0,78916,0.119,0.016,-0.008
Gomes,MID,Aston Villa,5.5,0.0,4,0.154,,0.154,model,0.689,0.006,0.005,0.0,0.0,1.0,448089,0.11,0.032,0.0
Saliba,DEF,Arsenal,6.0,0.2,4,0.143,,0.143,model,0.69,0.007,0.022,0.0,0.0,1.0,462424,0.104,0.014,-0.003
Rodon,DEF,Leeds,4.4,2.0,4,0.118,,0.118,model,0.564,0.01,0.006,0.0,0.0,1.0,214225,0.099,0.008,-0.004
Jörgensen,GK,Chelsea,5.0,0.0,4,0.113,,0.113,model,0.582,0.0,0.024,0.0,0.0,1.0,508479,0.088,0.004,-0.002
Van den Berg,DEF,Brentford,4.9,0.1,4,0.11,,0.11,model,0.634,0.009,0.006,0.0,0.0,1.0,444765,0.082,0.022,-0.009
M.Sarr,DEF,Chelsea,4.5,0.0,4,0.068,,0.068,model,0.995,0.007,0.013,0.0,0.0,0.0,574458,0.019,0.03,-0.001
Cozier-Duberry,MID,Brighton,5.0,0.0,4,0.057,,0.057,model,0.762,0.003,0.005,0.0,0.0,0.0,519324,0.025,0.024,0.0
Sosa,DEF,Crystal Palace,4.5,0.0,4,0.057,,0.057,model,0.625,0.007,0.02,0.0,0.0,0.0,218364,0.025,0.007,-0.003
Esse,MID,Crystal Palace,5.0,0.0,4,0.053,,0.053,model,0.663,0.003,0.005,0.0,0.0,0.0,606921,0.023,0.022,0.0
Brau,DEF,Coventry,4.0,0.0,4,0.051,,0.051,model,0.556,0.015,0.013,0.0,0.0,0.0,577411,0.024,0.005,-0.006
Manzambi,MID,Aston Villa,5.9,0.1,4,0.051,,0.051,model,0.642,0.003,0.006,0.0,0.0,0.0,614071,0.023,0.019,0.0
Bajcetic,MID,Liverpool,5.0,0.0,4,0.051,,0.051,model,0.589,0.003,0.003,0.0,0.0,0.0,535928,0.023,0.021,0.0
Kesler-Hayden,DEF,Coventry,4.0,0.0,4,0.049,,0.049,model,0.497,0.017,0.01,0.0,0.0,0.0,465390,0.029,0.002,-0.009
Ferguson,FWD,Brighton,5.0,0.0,4,0.048,,0.048,model,0.92,0.0,0.0,0.0,0.0,0.0,487117,0.019,0.03,0.0
Mukasa,MID,Man City,4.5,0.1,4,0.047,,0.047,model,0.726,0.002,0.003,0.0,0.0,0.0,590039,0.022,0.02,0.0
Sánchez,GK,Chelsea,4.9,1.2,4,0.047,,0.047,model,0.398,0.0,0.014,0.0,0.0,0.0,215059,0.035,0.0,-0.002
Neave,FWD,Newcastle,4.5,0.8,4,0.047,,0.047,model,0.607,0.0,0.0,0.0,0.0,0.0,599303,0.021,0.026,0.0
Echeverri,MID,Man City,4.9,0.0,4,0.047,,0.047,model,0.616,0.001,0.002,0.0,0.0,0.0,575204,0.021,0.023,0.0
Nedeljkovic,DEF,Aston Villa,4.0,0.2,4,0.045,,0.045,model,0.514,0.007,0.017,0.0,0.0,0.0,578545,0.021,0.002,-0.002
Phillips,DEF,Tottenham,4.5,0.0,4,0.045,,0.045,model,0.617,0.009,0.01,0.0,0.0,0.0,548308,0.019,0.01,-0.004
Fábio Vieira,MID,Arsenal,5.5,0.0,4,0.044,,0.044,model,0.53,0.003,0.004,0.0,0.0,0.0,438098,0.023,0.015,0.0
Leoni,DEF,Liverpool,4.0,0.0,4,0.044,,0.044,model,0.506,0.007,0.019,0.0,0.0,0.0,647681,0.021,0.0,-0.003
Kitching,DEF,Coventry,4.0,0.5,4,0.043,,0.043,model,0.576,0.014,0.012,0.0,0.0,0.0,436761,0.02,0.005,-0.008
Souza,DEF,Tottenham,4.0,0.2,4,0.041,,0.041,model,0.52,0.009,0.015,0.0,0.0,0.0,616221,0.021,0.002,-0.005
Uche,FWD,Crystal Palace,5.0,0.0,4,0.041,,0.041,model,0.578,0.0,0.0,0.0,0.0,0.0,660392,0.02,0.021,0.0
Tzimas,FWD,Brighton,5.5,0.0,4,0.041,,0.041,model,0.687,0.0,0.0,0.0,0.0,0.0,608181,0.017,0.024,0.0
Milambo,MID,Brentford,5.0,0.0,4,0.041,,0.041,model,0.542,0.002,0.002,0.0,0.0,0.0,543295,0.024,0.013,0.0
Collyer,MID,Man United,5.0,0.0,4,0.04,,0.04,model,0.566,0.003,0.001,0.0,0.0,0.0,490881,0.019,0.017,0.0
Aznou,DEF,Everton,4.0,0.1,4,0.04,,0.04,model,0.483,0.005,0.016,0.0,0.0,0.0,499300,0.025,0.002,-0.008
Dasilva,MID,Brentford,5.0,0.0,4,0.04,,0.04,model,0.581,0.001,0.003,0.0,0.0,0.0,183656,0.019,0.016,0.0
J.Araujo,DEF,Bournemouth,4.5,0.0,4,0.04,,0.04,model,0.511,0.007,0.012,0.0,0.0,0.0,436893,0.022,0.005,-0.006
Seelt,DEF,Sunderland,4.5,0.0,4,0.039,,0.039,model,0.499,0.005,0.015,0.0,0.0,0.0,519634,0.018,0.005,-0.004
Ramsay,DEF,Liverpool,4.0,0.1,4,0.038,,0.038,model,0.452,0.011,0.01,0.0,0.0,0.0,489580,0.022,0.001,-0.006
Madjo,FWD,Aston Villa,5.5,0.3,4,0.038,,0.038,model,0.408,0.0,0.0,0.0,0.0,0.0,690838,0.025,0.012,0.0
Watson,MID,Brighton,5.0,0.0,4,0.038,,0.038,model,0.506,0.003,0.005,0.0,0.0,0.0,549074,0.022,0.008,0.0
Bassette,FWD,Coventry,4.5,0.0,4,0.037,,0.037,model,0.436,0.0,0.0,0.0,0.0,0.0,549653,0.023,0.014,0.0
Perri,GK,Leeds,4.5,0.4,4,0.037,,0.037,model,0.509,0.0,0.017,0.0,0.0,0.0,201595,0.021,0.004,-0.004
Mateo Joseph,FWD,Leeds,4.5,0.1,4,0.037,,0.037,model,0.498,0.0,0.0,0.0,0.0,0.0,565297,0.021,0.016,0.0
Ogbene,MID,Ipswich,4.9,0.0,4,0.036,,0.036,model,0.407,0.005,0.002,0.0,0.0,0.0,229164,0.023,0.006,0.0
Matusiwa,MID,Ipswich,5.0,0.0,4,0.035,,0.035,model,0.361,0.002,0.003,0.0,0.0,0.0,241117,0.025,0.005,0.0
Cardines,DEF,Crystal Palace,4.5,0.0,4,0.035,,0.035,model,0.465,0.006,0.013,0.0,0.0,0.0,590014,0.017,0.002,-0.003
Patterson,GK,Sunderland,4.0,0.1,4,0.035,,0.035,model,0.416,0.0,0.017,0.0,0.0,0.0,232571,0.023,0.0,-0.004
Howell,MID,Brighton,4.5,0.0,4,0.034,,0.034,model,0.372,0.002,0.004,0.0,0.0,0.0,597320,0.023,0.004,0.0
Lynch,MID,Aston Villa,4.5,0.1,4,0.034,,0.034,model,0.384,0.002,0.005,0.0,0.0,0.0,571380,0.02,0.006,0.0
D.Essugo,MID,Chelsea,4.5,0.1,4,0.033,,0.033,model,0.548,0.004,0.004,0.0,0.0,0.0,491007,0.014,0.012,0.0
Piroe,FWD,Leeds,5.0,0.1,4,0.033,,0.033,model,0.449,0.0,0.0,0.0,0.0,0.0,235826,0.017,0.016,0.0
Azeez,MID,Brighton,5.5,0.0,4,0.033,,0.033,model,0.473,0.004,0.002,0.0,0.0,0.0,471551,0.02,0.006,0.0
Monga,MID,Man City,4.9,0.0,4,0.033,,0.033,model,0.524,0.003,0.003,0.0,0.0,0.0,649208,0.017,0.011,0.0
Wright,FWD,Coventry,5.4,0.1,4,0.032,,0.032,model,0.494,0.0,0.0,0.0,0.0,0.0,176412,0.017,0.014,0.0
Al-Hamadi,FWD,Ipswich,5.0,0.1,4,0.031,,0.031,model,0.375,0.0,0.0,0.0,0.0,0.0,462387,0.02,0.011,0.0
Andrews,MID,Coventry,4.5,0.4,4,0.031,,0.031,model,0.435,0.001,0.003,0.0,0.0,0.0,629397,0.019,0.008,0.0
A.Murphy,DEF,Newcastle,4.0,0.1,4,0.031,,0.031,model,0.364,0.011,0.004,0.0,0.0,0.0,545477,0.021,0.002,-0.008
Hjelde,DEF,Sunderland,4.0,0.0,4,0.03,,0.03,model,0.472,0.005,0.006,0.0,0.0,0.0,477547,0.017,0.007,-0.005
Humphreys,MID,Ipswich,4.5,0.0,4,0.03,,0.03,model,0.362,0.003,0.002,0.0,0.0,0.0,524180,0.019,0.006,0.0
Iling Jr,MID,Aston Villa,5.0,0.0,4,0.03,,0.03,model,0.38,0.002,0.003,0.0,0.0,0.0,469247,0.018,0.007,0.0
Dennis,GK,Bournemouth,4.0,0.1,4,0.03,,0.03,model,0.38,0.0,0.014,0.0,0.0,0.0,444172,0.019,0.0,-0.003
Scarlett,FWD,Tottenham,4.5,1.6,4,0.029,,0.029,model,0.439,0.0,0.0,0.0,0.0,0.0,490145,0.018,0.011,0.0
Hughes,DEF,Hull,4.0,0.1,4,0.029,,0.029,model,0.423,0.016,0.004,0.0,0.0,0.0,501902,0.021,0.002,-0.015
Moore,MID,Tottenham,5.0,0.1,4,0.029,,0.029,model,0.39,0.002,0.002,0.0,0.0,0.0,499721,0.019,0.005,0.0
Vicario,GK,Tottenham,4.5,0.2,4,0.028,,0.028,model,0.361,0.0,0.012,0.0,0.0,0.0,184254,0.022,0.0,-0.006
McNally,GK,Fulham,4.0,0.1,4,0.028,,0.028,model,0.35,0.0,0.011,0.0,0.0,0.0,505079,0.025,0.0,-0.007
Borges Rodrigues,MID,Coventry,4.5,0.1,4,0.028,,0.028,model,0.33,0.001,0.001,0.0,0.0,0.0,492498,0.021,0.005,0.0
Abbott,DEF,Nott'm Forest,4.0,0.2,4,0.028,,0.028,model,0.387,0.002,0.01,0.0,0.0,0.0,549067,0.016,0.002,-0.003
Drameh,DEF,Hull,4.0,0.1,4,0.026,,0.026,model,0.346,0.016,0.0,0.0,0.0,0.0,433590,0.018,0.005,-0.013
Fredricson,DEF,Man United,4.0,0.0,4,0.025,,0.025,model,0.364,0.009,0.004,0.0,0.0,0.0,547676,0.017,0.002,-0.007
Gyabi,MID,Hull,4.5,0.0,4,0.025,,0.025,model,0.376,0.001,0.0,0.0,0.0,0.0,470294,0.016,0.008,0.0
Alleyne,DEF,Man City,5.0,0.0,4,0.025,,0.025,model,0.337,0.004,0.009,0.0,0.0,0.0,494307,0.016,0.0,-0.004
Dovin,GK,Coventry,4.0,1.3,4,0.024,,0.024,model,0.32,0.0,0.009,0.0,0.0,0.0,484389,0.023,0.0,-0.008
Markelo,FWD,Coventry,5.0,0.0,4,0.024,,0.024,model,0.335,0.0,0.0,0.0,0.0,0.0,551262,0.017,0.007,0.0
Jacob,DEF,Hull,4.0,0.0,4,0.023,,0.023,model,0.329,0.014,0.003,0.0,0.0,0.0,449428,0.018,0.002,-0.015
Jaros,GK,Liverpool,4.0,0.0,4,0.022,,0.022,model,0.298,0.0,0.008,0.0,0.0,0.0,432987,0.021,0.0,-0.007
Millar,MID,Hull,5.0,0.1,4,0.022,,0.022,model,0.267,0.002,0.001,0.0,0.0,0.0,232905,0.017,0.002,0.0
Zambrano,MID,Hull,4.5,0.1,4,0.021,,0.021,model,0.223,0.001,0.001,0.0,0.0,0.0,553783,0.019,0.0,0.0
Matazo,MID,Hull,4.5,0.0,4,0.021,,0.021,model,0.257,0.001,0.0,0.0,0.0,0.0,465525,0.017,0.002,0.0
Burstow,FWD,Hull,4.5,0.0,4,0.021,,0.021,model,0.294,0.0,0.0,0.0,0.0,0.0,534392,0.017,0.004,0.0
Bindon,DEF,Nott'm Forest,4.0,0.1,4,0.02,,0.02,model,0.301,0.005,0.006,0.0,0.0,0.0,538638,0.015,0.0,-0.005
Bayindir,GK,Man United,4.5,0.0,4,0.02,,0.02,model,0.292,0.0,0.008,0.0,0.0,0.0,451302,0.017,0.0,-0.004
Pecsi,GK,Liverpool,4.0,0.0,4,0.02,,0.02,model,0.293,0.0,0.008,0.0,0.0,0.0,586268,0.015,0.0,-0.003
Destan,FWD,Hull,4.5,0.2,4,0.019,,0.019,model,0.192,0.0,0.0,0.0,0.0,0.0,500957,0.019,0.0,0.0
Kamara,MID,Hull,5.0,0.0,4,0.019,,0.019,model,0.212,0.002,0.0,0.0,0.0,0.0,490161,0.017,0.0,0.0
Masuaku,DEF,Sunderland,4.0,0.2,4,0.019,,0.019,model,0.241,0.003,0.003,0.0,0.0,0.0,105717,0.017,0.0,-0.005
Heaton,GK,Man United,4.0,0.1,4,0.017,,0.017,model,0.282,0.0,0.008,0.0,0.0,0.0,21205,0.015,0.0,-0.006
Van Oevelen,GK,Ipswich,4.5,0.0,4,0.015,,0.015,model,0.261,0.0,0.006,0.0,0.0,0.0,546600,0.013,0.0,-0.004
Cartwright,GK,Hull,4.0,0.0,4,0.014,,0.014,model,0.257,0.0,0.006,0.0,0.0,0.0,494950,0.019,0.0,-0.011
Butland,GK,Hull,4.5,0.1,4,0.01,,0.01,model,0.194,0.0,0.003,0.0,0.0,0.0,105666,0.019,0.0,-0.013
Lo-Tutala,GK,Hull,4.0,0.0,4,0.005,,0.005,model,0.212,0.0,0.003,0.0,0.0,0.0,444307,0.015,0.0,-0.013
