Date,HomeTeam,AwayTeam,FTHG,FTAG,AvgH,AvgD,AvgA,Avg>2.5,Avg<2.5
01/11/2025,Brighton,Leeds,3,0,1.1438626858135108,10.979600840808288,28.825754224283717,1.4452830738586655,3.24576243452138
03/11/2025,Sunderland,Everton,1,1,2.285839057930731,3.4103083951994564,3.7133961067934154,2.8323143909429267,1.5457578704522374
01/11/2025,Fulham,Wolves,3,0,1.490494911056644,3.746030979916138,16.094584108033878,4.455879671478455,1.2893619266472294
02/11/2025,West Ham,Newcastle,3,1,1.4822104684521509,4.524791825328232,9.585215263241825,2.525313076947012,1.655603111986392
01/11/2025,Burnley,Arsenal,0,2,21.065116514671214,7.423032588918726,1.2227744351165983,1.8517612630232774,2.1740378946684635
01/11/2025,Nott'm Forest,Man United,2,2,1.7785157013472255,4.539300438225422,4.5990729599341185,1.7009170144703343,2.426702418909998
01/11/2025,Liverpool,Aston Villa,2,0,1.7875468763003617,3.193983799455313,7.844030244709227,4.615920555417718,1.2765547485554416
01/11/2025,Tottenham,Chelsea,0,1,349.42860592893726,31.22412872162446,1.0361495256106197,1.3738949948036105,3.6745477042966375
01/11/2025,Crystal Palace,Brentford,2,0,2.895329428284104,2.4416857228081814,4.080582677326151,7.733906288160132,1.1485022150899615
02/11/2025,Man City,Bournemouth,3,1,1.3964947913825265,5.625283645802611,9.420399419403111,1.7754612433490822,2.2895550984355766
08/11/2025,Sunderland,Arsenal,2,2,13.122319050767828,5.154256936839819,1.3702767795502733,2.397074376034687,1.7157815053757537
08/11/2025,Chelsea,Wolves,3,0,1.0617514346441808,19.708563174315547,134.75986729423792,1.4805213068520182,3.0810731714503574
09/11/2025,Man City,Liverpool,3,0,1.6891963119679287,3.8637855599797692,6.702908799622982,2.8108344127686737,1.552231608229187
09/11/2025,Brentford,Newcastle,3,1,1.2445771911398773,6.975387925267357,18.813585907857135,1.8933686449744567,2.1193587391111004
08/11/2025,Tottenham,Man United,2,2,2.460220221682967,2.8226033465169165,4.179737795495144,4.906656064944256,1.2559733908938997
08/11/2025,West Ham,Burnley,3,2,1.3050770341906754,7.503628019694005,9.950957722278039,1.2930156296131967,4.412787233636913
08/11/2025,Everton,Fulham,2,0,1.576031648558309,3.7829588466868738,9.88614823220534,3.5699958435791372,1.3891056876603105
09/11/2025,Nott'm Forest,Leeds,3,1,1.2885086965558237,6.89608726910107,12.67439389910667,1.5913896090871422,2.6909326519002943
09/11/2025,Crystal Palace,Brighton,0,0,2.468229585444198,2.378499426427109,5.73334808913168,9.279115454825535,1.120785850306888
09/11/2025,Aston Villa,Bournemouth,4,0,2.4745330741835403,4.354946849034572,2.7303051360051462,1.5562316315360654,2.797812176266285
24/11/2025,Man United,Everton,0,1,1.3240247328736061,4.897813435645814,24.65826265566577,3.3147517413167247,1.4320117713492504
22/11/2025,Brighton,Brentford,2,1,4.12544350512679,4.489143189529016,1.8697104895330967,1.6520841237834218,2.533544466928522
23/11/2025,Leeds,Aston Villa,1,2,2.322379986358597,4.418587938143144,2.9146820282061916,1.528029916509608,2.8938320893070153
22/11/2025,Liverpool,Nott'm Forest,0,3,2.1655124551249436,4.5620467408099925,3.134642145724094,1.4684321706468502,3.1347807914625436
22/11/2025,Fulham,Sunderland,1,0,1.1874866350020628,7.329260445049741,46.629078775262016,2.42776947888559,1.700393176061254
22/11/2025,Burnley,Chelsea,0,2,11.237879265828855,4.533657760906577,1.4483459251383612,2.7281990116353647,1.578637062784637
22/11/2025,Bournemouth,West Ham,2,2,1.0838779477284435,18.43314915034939,43.22118145293705,1.179663194102065,6.565970286779545
22/11/2025,Wolves,Crystal Palace,0,2,2.014899871472156,4.315159001102708,3.6770620098395974,1.6945787915227943,2.439721471782345
22/11/2025,Newcastle,Man City,2,1,2.7661934139819024,5.320209675128896,2.2196086951496876,1.1755198775726763,6.697360400595862
23/11/2025,Arsenal,Tottenham,4,1,1.1972160024846963,6.483151810997024,95.39367383668218,3.09287676511155,1.4778112197861302
29/11/2025,Sunderland,Bournemouth,3,2,3.461094049616829,4.199196174979955,2.1144635134839205,1.7472920197293025,2.338164965768319
30/11/2025,Chelsea,Arsenal,1,1,4.288254758391333,3.4185557889893357,2.108442638186397,2.9686422800442225,1.5079643011515207
29/11/2025,Man City,Leeds,3,2,1.4559285404944324,6.6402846749348825,6.151682653542711,1.1882589530812242,6.31183236511759
30/11/2025,West Ham,Liverpool,0,2,11.619103443359236,3.3146811768474174,1.6333285274689304,5.0321911816054845,1.248004113634769
29/11/2025,Everton,Newcastle,1,4,5.224221211797516,4.5474650972209565,1.6987123738175132,1.8049342523742211,2.242337491603092
30/11/2025,Crystal Palace,Man United,1,2,1.9098146535513905,4.366510186057283,4.042476092447671,1.720353786831032,2.3882067648997625
30/11/2025,Aston Villa,Wolves,1,0,2.215688091127589,2.7556125346445834,5.382791439554787,5.7538090759967035,1.2103576277493509
29/11/2025,Brentford,Burnley,3,1,1.262478588204773,8.060418766730299,11.926865617180503,1.3100008462711847,4.225797645485176
29/11/2025,Tottenham,Fulham,1,2,2.3112895306000336,2.598832462553618,5.4778636529809415,6.887215017877738,1.1698596020297025
30/11/2025,Nott'm Forest,Brighton,0,2,6.270518847022736,4.801426153026639,1.5816475465399702,1.8125152684372579,2.2307461026835087
02/12/2025,Bournemouth,Everton,0,1,6.3707095933015685,3.532679563276094,1.7858406657990924,3.3147517413167247,1.4320117713492504
02/12/2025,Fulham,Man City,4,5,7.141492671131768,5.305420167639377,1.4892326261568074,1.6639000903410028,2.506250736441931
03/12/2025,Liverpool,Sunderland,1,1,1.5778663652981963,3.8238275907709283,9.549757555609224,3.4378052493966806,1.4102050400652328
04/12/2025,Man United,West Ham,1,1,1.6289227365061119,4.421280248707738,6.253184859410995,2.0874338769364464,1.9195961439211662
03/12/2025,Arsenal,Brentford,2,0,1.3905974704872373,4.681195594299434,14.866793489629742,2.944996140985705,1.5141398375696569
02/12/2025,Newcastle,Tottenham,2,2,1.541629858734269,4.796099936238729,7.00117733549897,1.9284792785654634,2.07702995972623
03/12/2025,Wolves,Nott'm Forest,0,1,3.346452153978283,2.723528004580873,2.993964922189287,5.231406849359603,1.2363280194036042
03/12/2025,Brighton,Aston Villa,3,4,4.44975358104473,5.7325761337309205,1.664373129286418,1.216733674469225,5.613957671547689
03/12/2025,Leeds,Chelsea,3,1,1.3733236914245732,6.679683477638082,8.187872005046595,1.3307438562412688,4.023487756853529
03/12/2025,Burnley,Crystal Palace,0,1,2.484994830315891,2.73432113712325,4.312888203562042,5.444812274895746,1.2249813801244183
06/12/2025,Leeds,Liverpool,3,3,3.088979132089369,4.407336877903528,2.2253175717986595,1.5514115755393498,2.8135273983355797
07/12/2025,Fulham,Crystal Palace,1,2,5.6274539004907735,4.104722356998923,1.728077031926009,2.2690851417911557,1.7879691969197784
06/12/2025,Aston Villa,Arsenal,2,1,2.077189959410473,4.999673363757087,3.13905399456922,1.2860489352694735,4.495905338916736
06/12/2025,Everton,Nott'm Forest,3,0,1.9997679782466027,2.9976557889028914,6.011494594124028,4.786553315441735,1.2640924124643789
06/12/2025,Bournemouth,Chelsea,0,0,2.071801266161334,3.6192100019490607,4.148950124816607,2.5597658416199023,1.64112187439715
06/12/2025,Man City,Sunderland,3,0,1.3755139037143085,5.874270228133243,9.730932306870445,1.7009170144703347,2.426702418909997
06/12/2025,Tottenham,Brentford,2,0,1.233865618878218,6.640682220898471,25.672601247243836,2.2690851417911566,1.7879691969197777
06/12/2025,Newcastle,Burnley,2,1,2.2375629183501773,4.530815825952928,3.008655392491356,1.4724226982861301,3.1167484196416284
07/12/2025,Brighton,West Ham,1,1,1.8374342795586274,4.433280267253023,4.344119649018827,1.7269767270361491,2.375559853307759
08/12/2025,Wolves,Man United,1,4,88.52332964726115,25.72590945650566,1.052817511910189,1.208395553565513,5.798566873863893
14/12/2025,Crystal Palace,Man City,0,3,1.7290142116366516,4.783725880531298,4.703808776762611,1.5760116046458805,2.736076134463955
15/12/2025,Man United,Bournemouth,4,4,1.5222186941767624,6.633962591209071,5.199540109200001,1.126854133543417,8.883069885600065
13/12/2025,Chelsea,Everton,2,0,1.6307196350597228,4.849980102819808,5.537485196446734,1.6699039070753479,2.4927514072365673
13/12/2025,Liverpool,Brighton,2,0,2.5548043905658244,4.690292120206641,2.529249095419529,1.370831374881536,3.696643455045991
14/12/2025,Brentford,Leeds,1,1,5.389108110745693,3.6889875251913766,1.8403887884248957,2.768873286183395,1.565331619744028
13/12/2025,Burnley,Fulham,2,3,2.183798133301776,5.342917961305314,2.8175476826195136,1.172813045095041,6.786600192422026
14/12/2025,Sunderland,Newcastle,1,0,4.92861859072813,1.5980325917291127,5.83655569258003,56.808510982813495,1.0179184139191235
14/12/2025,West Ham,Aston Villa,2,3,2.2202664817810382,2.994204969574736,4.637678107297506,4.305578512344947,1.3025189074364503
13/12/2025,Arsenal,Wolves,2,1,1.9526626538890053,2.8421328765627103,7.35130136652566,6.005924416429282,1.1997633038001996
14/12/2025,Nott'm Forest,Tottenham,3,0,1.3354810713100012,5.308203940113827,15.918871785455021,2.5084617194293037,1.6629269984911053
20/12/2025,Man City,West Ham,3,0,1.4478209837560128,5.764085567157877,7.362749943356172,1.5057923867784744,2.9770957929384125
20/12/2025,Newcastle,Chelsea,2,2,1.6627002595123637,5.090656363918711,4.947302228527304,1.4684321706468504,3.1347807914625427
20/12/2025,Wolves,Brentford,0,2,2.7063472502345824,3.7635587776231043,2.7412858856953943,2.109645487373919,1.901188723226005
20/12/2025,Everton,Arsenal,0,1,28.430667181440484,5.3457985790199025,1.2857371889032356,3.067199892992343,1.483746155071857
20/12/2025,Bournemouth,Burnley,1,1,1.4176420848936533,4.585106909241849,13.070885391596816,2.876308428797908,1.532961417564312
20/12/2025,Tottenham,Liverpool,1,2,2.2438593281169874,2.9355246249719946,4.679793274653298,4.561440631627316,1.2807852505302253
21/12/2025,Aston Villa,Man United,2,1,3.4463782567761614,3.6003979141950744,2.314315278386728,2.42776947888559,1.700393176061254
22/12/2025,Fulham,Nott'm Forest,1,0,1.6886346667310144,3.8448374631874613,6.769720860621452,2.8541366511292665,1.5393345735283035
20/12/2025,Leeds,Crystal Palace,4,1,1.4887836138676112,6.456847470475199,5.765803189659717,1.1897328785823513,6.270567797588972
20/12/2025,Brighton,Sunderland,0,0,3.254581910067576,3.7473882384876847,2.34803323159122,2.1798390627626194,1.8475732255028732
27/12/2025,Arsenal,Brighton,2,1,1.2694332216239685,7.539053130495155,12.56214917415417,1.434199318313145,3.3030897512344755
27/12/2025,Chelsea,Aston Villa,1,2,1.6056677646756061,4.984398528437711,5.663150911549932,1.618109040573681,2.6178375243822307
27/12/2025,Liverpool,Wolves,2,1,2.0767552923786043,3.9251689868578765,3.7919937122016742,2.065782939713372,1.9382773571783167
27/12/2025,Nott'm Forest,Man City,1,2,6.338407942009061,3.6134687294901777,1.7683801247388036,3.1455408354318055,1.46608294910348
27/12/2025,Burnley,Everton,0,0,1.799914418621673,4.086035838765653,5.007961517271998,2.1558277718838808,1.8651808031659447
28/12/2025,Sunderland,Leeds,1,1,9.236151015137175,5.164443465413717,1.4324634628220407,1.9941627127777717,2.0058715612114626
26/12/2025,Man United,Newcastle,1,0,2.596307170883052,3.663903190200368,2.9247925885385992,2.2558163399686353,1.7962947830611724
27/12/2025,Brentford,Bournemouth,4,1,1.6927243571071802,6.476696867230351,3.9240820429976386,1.0741207596329327,14.491496916009595
27/12/2025,West Ham,Fulham,0,1,3.83837497150804,3.4785109514648096,2.2124199641774296,2.728199011635364,1.5786370627846371
28/12/2025,Crystal Palace,Tottenham,0,1,2.1011291907521517,3.5143607938337262,4.1750398467993115,2.748378575539146,1.5719585071509075
30/12/2025,Man United,Wolves,1,1,3.5507733139514155,3.0962699536152143,2.5290719808302256,3.6045764543018803,1.3839395838614519
01/01/2026,Liverpool,Leeds,0,0,1.4333889817332506,5.249424201531077,8.940099066513065,1.9107138912505333,2.0980396912875294
30/12/2025,Chelsea,Bournemouth,2,2,3.04459534683191,5.784214435393959,2.005355086963631,1.1071158694994534,10.33568484924732
30/12/2025,Arsenal,Aston Villa,4,1,2.0106935849759746,6.032096951549805,2.9684217863241775,1.0746914826436045,14.388407414156832
30/12/2025,West Ham,Brighton,2,2,3.4858246408900957,5.698448293721252,1.859989417882344,1.145739950818447,7.861536554556224
30/12/2025,Nott'm Forest,Everton,0,2,2.0744774829150847,4.477438305336976,3.394330498469941,1.5466402346860173,2.8293567442476797
30/12/2025,Burnley,Newcastle,1,3,5.1522524069071665,4.710530593211277,1.6845798714760867,1.6883093047718318,2.4528352196713232
01/01/2026,Brentford,Tottenham,0,0,2.8488373276643553,3.0221068647808664,3.1438174835809423,3.787457036025259,1.3587499240619465
01/01/2026,Sunderland,Man City,0,0,7.491853900284557,5.412920209860906,1.4667519740484931,1.6579604511234554,2.519848188888129
01/01/2026,Crystal Palace,Fulham,1,1,2.3464644022870207,4.63708765401634,2.791936731980432,1.4027789883819195,3.4827511584387536
16/08/2025,Wolves,Man City,0,4,15.476397952590528,7.035705912525339,1.2606313250607057,1.7138035264105695,2.400945726660384
17/08/2025,Man United,Arsenal,0,1,2.3670746995912753,4.004776699504114,3.0503073863681514,1.8598881233789635,2.1629419837437243
16/08/2025,Sunderland,West Ham,3,0,2.773196112074961,2.527718593381653,4.101864441905279,6.887215017877743,1.1698596020297023
17/08/2025,Nott'm Forest,Brentford,3,1,2.1831767934414525,4.421532803571768,3.166701704844106,1.5514115755393498,2.8135273983355797
15/08/2025,Liverpool,Bournemouth,4,2,2.01312296745083,4.910074542199554,3.3378231524662696,1.3361650275301125,3.9747294278267047
16/08/2025,Aston Villa,Newcastle,0,0,20.135433280664838,3.904700048095625,1.440435082622983,4.455879671478455,1.2893619266472294
16/08/2025,Brighton,Fulham,1,1,1.8402543450214697,3.7822478209473105,5.202810383995637,2.577377047031389,1.6339638337466569
17/08/2025,Chelsea,Crystal Palace,0,0,1.6639028012504993,4.0439284047917265,6.591129819148213,2.5424128377475115,1.648334852723585
16/08/2025,Tottenham,Burnley,3,0,1.4652023543932635,5.541530290841081,7.296881515565522,1.5810847743675907,2.720919294587137
18/08/2025,Leeds,Everton,1,0,1.4702346583554806,5.226764455078051,7.781282730620683,1.7827043050430331,2.277621693859241
03/01/2026,Bournemouth,Arsenal,2,3,2.277240951707125,3.806304289704357,3.3540154950313736,2.1209674684111355,1.8920865486109106
04/01/2026,Everton,Brentford,2,4,9.879078195756932,6.6985223509193395,1.3342418182620455,1.4528511575895708,3.208231078226198
04/01/2026,Newcastle,Crystal Palace,2,0,1.438521948501655,5.233449572415262,8.790167893913274,1.9019895578772235,2.1086602846638693
03/01/2026,Aston Villa,Nott'm Forest,3,1,1.8581455638853637,3.978015907431882,4.751780500878803,2.2170667655359724,1.8216476107287505
04/01/2026,Leeds,Man United,1,1,4.664407078296157,3.9607337688645794,1.8757080468777088,2.217066765535973,1.8216476107287503
04/01/2026,Tottenham,Sunderland,1,1,1.827370527132965,3.1768279277248292,7.247101301545593,4.508104175664854,1.2850542486556804
04/01/2026,Fulham,Liverpool,2,2,4.947294239235352,3.583696074308412,1.9274218152593576,2.8323143909429276,1.545757870452237
04/01/2026,Man City,Chelsea,1,1,4.858318754976992,4.42296551215624,1.7603314784710495,1.8279414970746322,2.207814807608149
03/01/2026,Wolves,West Ham,3,0,1.2909728985718552,5.4628197468941995,23.62125451909115,2.8108344127686737,1.552231608229187
03/01/2026,Brighton,Burnley,2,0,1.4976200166188889,3.876051263947921,13.462690370198318,3.9057876431911045,1.344140771037835
06/01/2026,West Ham,Nott'm Forest,1,2,3.866736961240638,3.659352269821404,2.136242699182828,2.4277694788855895,1.7003931760612543
07/01/2026,Man City,Brighton,1,1,1.4827806664012804,5.824281545237321,6.497876699568867,1.396150176060272,3.5242952305235273
07/01/2026,Crystal Palace,Aston Villa,0,0,2.9970559217680153,4.330303251931082,2.296693707091654,1.5913896090871418,2.690932651900296
07/01/2026,Everton,Wolves,1,1,2.6951105977588528,2.8659235911560748,3.5710452287304655,4.508104175664854,1.2850542486556804
07/01/2026,Newcastle,Leeds,4,3,1.9870996959198863,5.188611056246946,3.28921204967988,1.2420188701991914,5.131909215082935
07/01/2026,Fulham,Chelsea,2,1,5.632112808927504,5.398624511013627,1.5693305834524276,1.4378586765026717,3.283841919012191
08/01/2026,Arsenal,Liverpool,0,0,2.899543381376631,2.0350972632368522,6.107201991524062,16.777346081818234,1.0633820158862077
07/01/2026,Burnley,Man United,2,2,45.31179618467443,9.508536942725769,1.1457876866594163,1.8933686449744573,2.1193587391110995
07/01/2026,Bournemouth,Tottenham,3,2,2.700039405466507,3.720658391982009,2.7711163264979706,2.1677545428755156,1.8563443457368776
07/01/2026,Brentford,Sunderland,3,0,1.4822354589081295,6.708092095349783,5.673125650833046,1.1468701036941893,7.808737618121282
19/01/2026,Brighton,Bournemouth,1,1,3.4034199554414766,3.5757869654255754,2.344560442216129,2.4593513785862866,1.6852359306150977
17/01/2026,Sunderland,Crystal Palace,2,1,1.5602591152084297,4.332315001477069,7.796824659527947,2.443447493776936,1.6927858507574751
17/01/2026,Chelsea,Brentford,2,0,2.524090929505051,4.203017815976955,2.733035881695928,1.6639000903410022,2.5062507364419324
17/01/2026,Liverpool,Burnley,1,1,1.1111566828233386,13.099943480221283,42.19283886503777,1.4415531242883075,3.2647331543895053
17/01/2026,Leeds,Fulham,1,0,1.575117376108275,3.76230185712598,10.06725425406071,3.639800485945384,1.3788165072792888
17/01/2026,Man United,Man City,2,0,1.2669596935838576,6.560368337528555,17.159003524657788,1.95594422634224,2.046086133943538
18/01/2026,Wolves,Newcastle,0,0,8.954992453309288,2.648522798315531,1.9578610087218646,7.868883539197361,1.1455840667982633
18/01/2026,Aston Villa,Everton,0,1,1.6611445570322327,3.7371556111597926,7.667403532790653,3.2279628326645655,1.4488405216365459
17/01/2026,Nott'm Forest,Arsenal,0,0,20.559066564232783,6.194865113701218,1.265925910901294,2.2690851417911557,1.7879691969197784
17/01/2026,Tottenham,West Ham,1,2,5.847638013357753,6.174088666754256,1.4991974219249395,1.2478357266620959,5.034930772363661
24/01/2026,Bournemouth,Liverpool,3,2,1.4489670493790707,5.638989629615122,7.5462330714532735,1.5709903637911222,2.7513430408184907
25/01/2026,Brentford,Nott'm Forest,0,2,1.6162244757276965,4.449838458576153,6.387865879814722,2.087433876936446,1.9195961439211666
24/01/2026,West Ham,Sunderland,3,1,1.7299695180529502,3.869783336366184,6.114609818715853,2.6694884021219667,1.5989858921625162
24/01/2026,Burnley,Tottenham,2,2,3.707916540338059,4.68778366430472,1.9342870740801792,1.4764522533592868,3.0988461969680565
24/01/2026,Fulham,Brighton,2,1,3.9900432996130113,3.9923696614175705,2.0044163476066177,2.034318022829119,1.966820627629353
25/01/2026,Crystal Palace,Chelsea,1,3,3.170471741075198,4.908880434434653,2.0795334774158616,1.3201879731925035,4.123165401964613
26/01/2026,Everton,Leeds,1,1,5.520848896806966,3.3055993096646334,1.9366654954819926,3.6045764543018803,1.3839395838614519
24/01/2026,Man City,Wolves,2,0,2.564465062830258,2.722447636439642,4.119657848076746,5.444812274895746,1.2249813801244183
25/01/2026,Newcastle,Aston Villa,0,2,1.651167459647594,4.9897509881948094,5.15577910268463,1.5419169964912423,2.8453010451318455
25/01/2026,Arsenal,Man United,2,3,2.1085930139190494,3.275740289889307,4.535649173847755,3.3751896615885832,1.4210190100487285
31/01/2026,Liverpool,Newcastle,4,1,1.2310036338255115,6.9877234661346606,22.448408070236358,2.0343180228291193,1.9668206276293525
02/02/2026,Sunderland,Burnley,3,0,1.3334087175359917,4.236222192245844,71.515322082123,5.032191181605487,1.2480041136347688
01/02/2026,Tottenham,Man City,2,2,5.44860103520357,4.857498337656193,1.6377350827360408,1.6520841237834218,2.533544466928522
01/02/2026,Man United,Fulham,3,2,2.755780540276343,4.661193849689279,2.3663649254139094,1.389643690001967,3.5664473098356897
31/01/2026,Brighton,Everton,1,1,2.347199617247925,3.8556857880721895,3.178607611105369,2.0343180228291193,1.9668206276293525
31/01/2026,Chelsea,West Ham,3,2,1.4132081640219523,6.296663093371143,7.48638127248326,1.361807124625467,3.7639035605923263
31/01/2026,Leeds,Arsenal,0,4,54.87173417627146,7.6530517925729455,1.1749378430174684,2.4123131389072414,1.7080582715344113
01/02/2026,Nott'm Forest,Crystal Palace,1,1,11.535370881816164,5.025878874200304,1.399893730224855,2.3382163934312152,1.7472633012931331
01/02/2026,Aston Villa,Brentford,0,1,1.2132616357297976,7.524331682699399,23.324538710169353,1.9019895578772235,2.1086602846638693
31/01/2026,Wolves,Bournemouth,0,2,2.655395532785924,3.906639635933419,2.72157867721375,1.93752364166212,2.0666397683871915
08/02/2026,Brighton,Crystal Palace,0,1,4.263847842865881,3.243756075166199,2.187296116416819,3.375189661588582,1.4210190100487288
07/02/2026,Arsenal,Sunderland,3,0,1.4036832744146654,4.115390985355462,22.422380248717065,4.210405956192919,1.3114870871925046
07/02/2026,Wolves,Chelsea,1,3,13.176875573767909,9.305238991786394,1.224525082809838,1.2100356546699773,5.7610964032333944
08/02/2026,Liverpool,Man City,1,2,6.968367337302019,6.272584726702475,1.4345752296892769,1.3227917648769942,4.097972466494207
07/02/2026,Bournemouth,Aston Villa,1,1,1.3202289784025312,5.709587584327549,14.83423413924024,2.1920840664595884,1.8388670129363731
07/02/2026,Fulham,Everton,1,2,2.4267698966607254,4.7351452226133635,2.6543303823335513,1.3530264866463027,3.8326486476973622
07/02/2026,Newcastle,Brentford,2,3,2.061515151095286,4.9574145040337125,3.192829308719643,1.3050408095755675,4.278249888568667
06/02/2026,Leeds,Nott'm Forest,3,1,1.5886067876118473,5.514337779808547,5.286189813216481,1.3588535706188296,3.786651943508705
07/02/2026,Man United,Tottenham,2,0,1.4503095239272386,4.649412269917657,10.480964659122305,2.5253130769470125,1.6556031119863917
07/02/2026,Burnley,West Ham,0,2,2.2707529346442143,3.6380447064463493,3.5119202370473275,2.3820491869741405,1.7235632489965143
11/02/2026,Crystal Palace,Burnley,2,3,1.4645304282313154,4.6566754596315905,9.761639789281217,2.42776947888559,1.700393176061254
10/02/2026,Chelsea,Leeds,2,2,1.4085113760154817,6.899575611122526,6.892077449641449,1.1988342230268971,6.0293152998351065
12/02/2026,Brentford,Arsenal,1,1,1.6812716070490523,3.866822419734985,6.821197137803291,2.8323143909429276,1.545757870452237
11/02/2026,Nott'm Forest,Wolves,0,0,1.1982621605090253,8.141070679159627,23.460896399924962,1.7542161662390183,2.3258798269819776
10/02/2026,Tottenham,Newcastle,1,2,3.4595579265611036,5.250811102079642,1.9212334252978305,1.2401124957834802,5.164714529899951
18/02/2026,Wolves,Arsenal,2,2,15.891580133121046,4.352897855344267,1.413744121791153,3.406218828447699,1.415589799305627
10/02/2026,Everton,Bournemouth,1,2,1.4269754731679734,6.561287959015709,6.811617611875862,1.249807789559014,5.003077733345708
11/02/2026,Sunderland,Liverpool,0,1,14.002888458849387,7.028732778579789,1.2717581834938165,1.6348265743966308,2.5752333634590636
10/02/2026,West Ham,Man United,1,1,2.052713185800605,3.0834789558099844,5.30417104695765,4.2104059561929175,1.3114870871925048
11/02/2026,Man City,Fulham,3,0,2.762234790353992,3.948857096517708,2.5991817570674582,1.8933686449744567,2.1193587391111004
11/02/2026,Aston Villa,Brighton,1,0,2.750836365865549,2.430311800386321,4.444358328149311,8.007768226805364,1.1426987833551496
22/02/2026,Sunderland,Fulham,1,3,2.5873868689164907,4.64970169154383,2.5097748746314514,1.389643690001967,3.5664473098356897
22/02/2026,Nott'm Forest,Liverpool,0,1,3.806954706995782,4.21916766189866,1.9987636410163163,1.790030015850048,2.2657746920210755
21/02/2026,Aston Villa,Leeds,1,1,2.5064804535274723,3.970539344337297,2.8638586979251133,1.876430806271467,2.140991385565535
22/02/2026,Crystal Palace,Wolves,1,0,2.142035759356824,4.653937014647653,3.1418624965301944,1.4234277483246107,3.361678005177341
22/02/2026,Tottenham,Arsenal,1,4,7.921894407186641,5.11726525122546,1.4741637555491607,1.8598881233789637,2.162941983743724
21/02/2026,West Ham,Bournemouth,0,0,1.153042534262647,11.051984033829596,23.669864006887675,1.3334422938497859,3.9990196758018195
21/02/2026,Chelsea,Burnley,1,1,1.5625315235856454,4.81259953824587,6.569223114190553,1.8517612630232774,2.1740378946684635
21/02/2026,Man City,Newcastle,2,1,1.8319138481081623,3.5335509463032424,5.8438057256850335,3.1725477624997054,1.4602890750026194
21/02/2026,Brentford,Brighton,0,2,2.0328449701241014,4.015210976680168,3.860621423664521,1.9844313383134906,2.0158148781744205
23/02/2026,Everton,Man United,0,1,5.41639913304938,3.385087653214326,1.9232168321129681,3.3751896615885806,1.421019010048729
01/03/2026,Arsenal,Chelsea,2,1,2.6744667857784905,3.4176032659944497,2.998581886500463,2.688760046965815,1.5921504371190531
28/02/2026,Newcastle,Everton,2,3,5.757118368715169,4.978477895023754,1.5988810777854283,1.6348265743966304,2.575233363459064
27/02/2026,Wolves,Aston Villa,2,0,3.381786098754512,3.1485200487373803,2.586059326067041,3.4062188284477,1.4155897993056268
28/02/2026,Bournemouth,Sunderland,1,1,2.2468602446162245,4.2623107948882675,3.121878408540048,1.6520841237834218,2.533544466928522
28/02/2026,Burnley,Brentford,3,4,6.698042555677403,5.319303700267677,1.5089599315942175,1.6019103970611017,2.661376850911062
28/02/2026,Leeds,Man City,0,1,3.4711077967109705,4.624337506938202,2.01751060573525,1.4764522533592868,3.0988461969680565
01/03/2026,Man United,Crystal Palace,2,1,1.2965545668789251,5.8415399495156874,17.380012150277118,2.2825353380484863,1.7797056114817125
01/03/2026,Brighton,Nott'm Forest,2,1,2.204718236544417,3.5532200520599013,3.7736925899509037,2.577377047031388,1.6339638337466573
01/03/2026,Fulham,Tottenham,2,1,1.5086704660565864,5.149990820631332,6.993514449427747,1.720353786831032,2.3882067648997625
28/02/2026,Liverpool,West Ham,5,2,2.577442954178572,4.6287830609814105,2.5253860233163086,1.3994491185260316,3.503447757476604
03/03/2026,Bournemouth,Brentford,0,0,1.346760037716371,5.276028202226499,14.718715761636092,2.4434474937769357,1.6927858507574753
04/03/2026,Newcastle,Man United,2,1,1.6821851676082151,5.3646530278663045,4.563505762725354,1.3227917648769942,4.097972466494207
03/03/2026,Everton,Burnley,2,0,2.0581214775046126,3.480699908796194,4.4087533053295305,2.8763084287979073,1.5329614175643123
04/03/2026,Aston Villa,Chelsea,1,4,23.346769728733094,12.253920179203732,1.1421248981845682,1.2308179701708173,5.332418308938201
05/03/2026,Tottenham,Crystal Palace,1,3,2.8996688066749963,4.409056633783348,2.3346640989921945,1.5326124261530143,2.87753786974679
03/03/2026,Wolves,Liverpool,2,1,13.015578270138409,5.119379657685481,1.3739418804824326,2.412313138907242,1.7080582715344108
04/03/2026,Man City,Nott'm Forest,2,2,1.5685971990553478,5.007417445799272,6.143111264345046,1.6759727819069148,2.479349504545148
03/03/2026,Leeds,Sunderland,0,1,2.358874923804844,3.2992434450968324,3.6634156880512445,3.067199892992343,1.483746155071857
04/03/2026,Brighton,Arsenal,0,1,2.4295444300275357,2.5508233907427793,5.092429536552016,7.112838340694451,1.163590126920712
04/03/2026,Fulham,West Ham,0,1,3.408302510690503,3.2444735300249343,2.510151059240651,3.1455408354318055,1.46608294910348
23/08/2025,Brentford,Aston Villa,1,0,2.7281521399709923,3.61526429660441,2.8023247619803002,2.3240072677100225,1.7552828631594906
24/08/2025,Everton,Brighton,2,0,4.028392124069625,5.2261035191504375,1.7843923896876865,1.3050408095755672,4.27824988856867
24/08/2025,Fulham,Man United,1,1,2.4162088680668243,4.41827696285347,2.7793533567194633,1.5190015730584898,2.926776433656981
23/08/2025,Bournemouth,Wolves,1,0,1.7400977739664636,3.4102248138859435,7.570948351261684,3.9057876431911063,1.3441407710378348
23/08/2025,Man City,Tottenham,0,2,2.1066481264704446,3.951095439856626,3.673527566958437,2.0139904280955925,1.9862026033895919
25/08/2025,Newcastle,Liverpool,2,3,2.427825263062583,2.952068298362052,4.010214939324957,4.257507434118811,1.3069831827630227
23/08/2025,Arsenal,Leeds,5,0,1.09239633668148,13.597459640216584,90.59462441258081,1.700917014470335,2.4267024189099966
23/08/2025,Burnley,Sunderland,2,0,2.508755969792883,3.039473994549462,3.6711828675915528,3.8261473541693545,1.3538385917934257
22/08/2025,West Ham,Chelsea,1,5,13.571359491116919,7.556554641544714,1.2594776127883824,1.4846303368936873,3.0634283986628943
24/08/2025,Crystal Palace,Nott'm Forest,1,1,2.550519392324968,3.2871015965735704,3.292683837232042,3.0171091537375543,1.4957589915979876
15/03/2026,Nott'm Forest,Fulham,0,0,3.086909842224305,3.2253824353199634,2.7321606662280016,3.1455408354318055,1.46608294910348
14/03/2026,West Ham,Man City,1,1,12.285386542489524,5.6793492380547725,1.34675424488192,2.013990428095593,1.9862026033895914
14/03/2026,Arsenal,Everton,2,0,1.384796203992378,6.439500046666021,8.157902869226577,1.3832568115523838,3.6092165092891495
14/03/2026,Burnley,Bournemouth,0,0,5.097793567224539,5.556565880953541,1.6028995032999491,1.3254188439093568,4.072962794614756
14/03/2026,Sunderland,Brighton,0,1,4.9874221445763744,4.138071266644681,1.792637901528618,2.098468425769237,1.9103584377491036
16/03/2026,Brentford,Wolves,2,2,1.5930169489070085,5.58581013938143,5.175039832665947,1.3254188439093566,4.0729627946147575
15/03/2026,Man United,Aston Villa,3,1,2.658683322431406,3.343872735115688,3.0786326402641553,2.8541366511292674,1.5393345735283033
14/03/2026,Chelsea,Newcastle,0,1,2.7095200998701663,3.9558339745335376,2.644524886258309,1.8848495764407063,2.1301355921110168
15/03/2026,Liverpool,Tottenham,1,1,2.01836803370002,4.175151837608875,3.773044268244084,1.8201839153222792,2.219238735749975
15/03/2026,Crystal Palace,Leeds,0,0,4.56364049941177,3.1465803380219466,2.159494365030976,3.749494940961629,1.3637031605703747
20/03/2026,Bournemouth,Man United,2,2,2.5257231416447787,4.538393046200507,2.605988971784058,1.4452830738586655,3.24576243452138
22/03/2026,Tottenham,Nott'm Forest,0,3,2.883572032766919,3.7851772501914827,2.570565364164068,2.087433876936446,1.9195961439211666
21/03/2026,Everton,Chelsea,3,0,2.403451612854051,3.3834576829870584,3.4676940955412228,2.8323143909429267,1.5457578704522374
22/03/2026,Newcastle,Sunderland,1,2,5.440026008221356,5.462967729995951,1.5794627844420668,1.3928818139495998,3.545294703124853
21/03/2026,Brighton,Liverpool,2,1,1.5787769852809768,5.066994934796893,5.908674965761382,1.6126528512509355,2.632245729303578
21/03/2026,Fulham,Burnley,3,1,1.3334767771032972,7.432114820487513,8.655799811347235,1.2290054790357106,5.366707749573374
22/03/2026,Aston Villa,West Ham,2,0,1.7455193707387526,4.167436870390378,5.343337031777997,2.14405607314865,1.874083030954784
21/03/2026,Leeds,Brentford,0,0,3.508381992998776,2.124952021962585,4.092164323445607,13.044674751482757,1.0830242427158023
12/04/2026,Nott'm Forest,Aston Villa,1,1,2.587744021442388,3.414188628655264,3.118493494600111,2.7083282352777798,1.5853676005287103
13/04/2026,Man United,Leeds,1,2,5.85027782343948,5.7309715052184425,1.527703074111364,1.3559267879695778,3.8095665563825825
11/04/2026,Burnley,Brighton,0,2,6.0567113458941675,4.651201258011773,1.6131746649635361,1.8764308062714665,2.1409913855655356
11/04/2026,Arsenal,Bournemouth,1,2,1.5967589042234818,5.256078728920188,5.450319721164094,1.4684321706468504,3.1347807914625427
11/04/2026,Brentford,Everton,2,2,1.5439685247718522,6.040791000460314,5.353973448455673,1.2326457345554989,5.298380977887411
12/04/2026,Sunderland,Tottenham,1,0,2.076407156660666,3.544720109091262,4.23210264120975,2.7083282352777798,1.5853676005287103
11/04/2026,Liverpool,Fulham,2,0,1.9948616313555054,3.990524647681236,4.030332552266376,2.0446744003587716,1.9572360533162971
10/04/2026,West Ham,Wolves,4,0,1.3011706379313972,6.4166760064812225,13.224475842550273,1.7754612433490824,2.2895550984355757
12/04/2026,Crystal Palace,Newcastle,2,1,1.4651656968401559,5.8940126573172025,6.765001022731716,1.4027789883819193,3.482751158438755
12/04/2026,Chelsea,Man City,0,3,5.639771675332865,5.234811944292852,1.5831326023309438,1.5014760426305553,2.9941132077902965
19/04/2026,Man City,Arsenal,2,1,3.106044285741299,4.137368974676417,2.2917509312873356,1.7472920197293025,2.338164965768319
22/04/2026,Bournemouth,Leeds,2,2,1.743713698801979,4.099444908848371,5.477174339979284,2.2427257441978736,1.8046827746740348
18/04/2026,Brentford,Fulham,0,0,1.8961500521841281,3.692788118375711,4.954972203026393,2.6505074064857563,1.6058742881555375
19/04/2026,Everton,Liverpool,1,2,4.893209238631454,3.7298424734914337,1.8956364670304984,2.577377047031389,1.6339638337466569
20/04/2026,Crystal Palace,West Ham,0,0,2.936049213366384,2.550457822513392,3.7408379521729906,6.570470844159091,1.1795180385960637
19/04/2026,Aston Villa,Sunderland,4,3,1.6424865739887435,5.8571383164977995,4.536481023959719,1.1988342230268971,6.0293152998351065
18/04/2026,Chelsea,Man United,0,1,1.4278160749462723,4.254631150996544,15.48187008968512,3.502703512740683,1.399567905230976
18/04/2026,Tottenham,Brighton,2,2,2.4082997644258914,3.193700873909693,3.6811676441427887,3.344704818670993,1.426492918015502
18/04/2026,Leeds,Wolves,3,0,1.1964468217469797,8.774139319271042,19.91216296679424,1.5190015730584896,2.9267764336569817
22/04/2026,Burnley,Man City,0,1,26.501792658294285,11.910359150842687,1.1385551232358126,1.315049278882572,4.174106614517054
19/04/2026,Nott'm Forest,Burnley,4,1,1.7397707573481849,3.1909177811570655,8.942770565125471,4.906656064944256,1.2559733908938997
21/04/2026,Brighton,Chelsea,3,0,1.2678800593620019,6.268333081198566,19.32374022741204,2.1798390627626194,1.8475732255028732
18/04/2026,Newcastle,Bournemouth,1,2,5.525570078219529,6.30374426524744,1.5142628691992575,1.197286075260326,6.068781456980498
27/04/2026,Man United,Brentford,2,1,2.4293762704595037,3.7495981996493764,3.108713568211346,2.155827771883881,1.8651808031659443
25/04/2026,West Ham,Everton,2,1,3.278789841417004,3.850708737586519,2.297176692562374,2.055161983081081,1.9477217868293477
25/04/2026,Arsenal,Newcastle,1,0,5.643584359425628,2.856385680482274,2.115440131288388,5.300901107845531,1.232509414870256
24/04/2026,Sunderland,Nott'm Forest,0,5,4.311490619719454,3.1320397585171147,2.228258794529691,3.7122430442907057,1.368698521360395
25/04/2026,Wolves,Tottenham,0,1,3.7906140732342894,2.8785818763770297,2.5720348461305975,4.508104175664852,1.2850542486556806
25/04/2026,Fulham,Aston Villa,1,0,2.403451612854051,3.3834576829870584,3.4676940955412228,2.8323143909429267,1.5457578704522374
25/04/2026,Liverpool,Crystal Palace,3,1,5.534637215482574,5.169896553429928,1.5977191824561696,1.5145546158587782,2.9434282954221027
01/05/2026,Leeds,Burnley,3,1,1.5735792469619914,4.1866482663576505,7.958516704801013,2.6318113116658424,1.612815950502969
02/05/2026,Wolves,Sunderland,1,1,1.5880222203663543,4.320190907156969,7.203851274597213,2.3526239741716024,1.7393037674143232
02/05/2026,Newcastle,Brighton,3,1,1.4334252991223841,6.813004094660767,6.427056863125361,1.1810668528853654,6.522822007808942
03/05/2026,Man United,Liverpool,3,2,1.4289906730695003,5.693693424275078,8.027457125211754,1.6019103970611017,2.661376850911062
02/05/2026,Arsenal,Fulham,3,0,1.1018077835635545,13.952792577718325,48.238254386673425,1.4378586765026715,3.283841919012192
03/05/2026,Bournemouth,Crystal Palace,3,0,1.5417879908587295,4.99007772114137,6.622309836868255,1.7542161662390179,2.325879826981978
03/05/2026,Aston Villa,Tottenham,1,2,8.4874380323687,2.7600515992698487,1.9235698424323189,6.887215017877743,1.1698596020297023
02/05/2026,Brentford,West Ham,3,0,1.4749428518444032,5.436432735033375,7.243045034948296,1.618109040573681,2.6178375243822307
04/05/2026,Chelsea,Nott'm Forest,1,3,2.3913981089128864,4.96601998944814,2.6283552213683135,1.2662042280694579,4.756514339580965
04/05/2026,Everton,Man City,3,3,1.5990046176676087,5.779319962185852,4.9608047210292945,1.2538025610672632,4.940070564279996
10/05/2026,Burnley,Aston Villa,2,2,2.176705285889145,4.358972680514328,3.213592441628385,1.5966226562517751,2.6761012836528946
09/05/2026,Sunderland,Man United,0,0,1.9350142950998872,3.346669203360213,5.422893567207567,3.4699622395517604,1.4048644890140005
10/05/2026,Crystal Palace,Everton,2,2,1.704113777171239,5.445231747551637,4.356580747287725,1.2770382134552334,4.60961034049402
09/05/2026,Liverpool,Chelsea,1,1,3.394372663654361,2.2199087272804516,3.922710349166365,10.90962768538705,1.1009119647829577
09/05/2026,Fulham,Bournemouth,0,1,2.0546378508717242,3.5378848870103496,4.335733815981069,2.748378575539146,1.5719585071509075
09/05/2026,Man City,Brentford,3,0,1.0977966551051146,13.501655643519436,66.58011588715095,1.6019103970611017,2.661376850911062
11/05/2026,Tottenham,Leeds,1,1,2.840381936039698,3.800381392027625,2.5987310816673483,2.0657829397133725,1.9382773571783163
13/05/2026,Man City,Crystal Palace,3,0,1.67544110284065,4.146029168772804,6.17483614313724,2.3382163934312157,1.7472633012931327
10/05/2026,Nott'm Forest,Newcastle,1,1,3.5521973195476977,3.854891014060841,2.178300894315622,2.098468425769237,1.9103584377491036
09/05/2026,Brighton,Wolves,3,0,1.5307799117401464,4.195580992114718,9.225754914553773,2.8323143909429267,1.5457578704522374
10/05/2026,West Ham,Arsenal,0,1,2.841773699365867,3.552701070813046,2.727537147886217,2.427769478885591,1.7003931760612536
17/05/2026,Newcastle,West Ham,3,1,1.7941884781303052,4.220683025769998,4.861059300816645,1.9941627127777712,2.005871561211463
19/05/2026,Chelsea,Tottenham,2,1,5.41639913304938,3.385087653214326,1.9232168321129681,3.3751896615885806,1.421019010048729
17/05/2026,Everton,Sunderland,1,3,2.4146460110661114,3.084982637344595,3.8210278272898632,3.7122430442907057,1.368698521360395
18/05/2026,Arsenal,Burnley,1,0,1.5162143833043873,3.484988314959774,18.685423367205832,5.372019422937434,1.2287272546763135
15/05/2026,Aston Villa,Liverpool,4,2,2.104429035002933,4.426192039684627,3.3457808873545174,1.5709903637911224,2.75134304081849
17/05/2026,Man United,Nott'm Forest,3,2,1.2364909816510625,10.668389444554181,10.25379055700935,1.0467386901485998,22.395550384930008
17/05/2026,Brentford,Crystal Palace,2,2,2.59558558319193,4.438113316286393,2.5679906735628606,1.5014760426305553,2.9941132077902965
19/05/2026,Bournemouth,Man City,1,1,1.818430399150064,4.977988314871023,4.012988844126065,1.389643690001967,3.5664473098356897
17/05/2026,Wolves,Fulham,1,1,2.9666998847183237,4.127522452484844,2.377278733301891,1.7404447855508964,2.3505395939225804
17/05/2026,Leeds,Brighton,1,0,39.39467690897419,12.113863237219507,1.1209935270353033,1.4929702756536944,3.028519871048955
24/05/2026,Man City,Aston Villa,1,2,3.43129354191261,4.304046389916308,2.0998468126240346,1.6639000903410022,2.5062507364419324
24/05/2026,Nott'm Forest,Bournemouth,1,1,1.7941884781303052,4.220683025769998,4.861059300816645,1.9941627127777712,2.005871561211463
24/05/2026,Liverpool,Brentford,1,1,1.483854225760136,6.461408405449346,5.837223202384309,1.1942276324499963,6.148598000119518
24/05/2026,West Ham,Leeds,3,0,1.678064916823683,5.533369186476752,4.477202095612967,1.2662042280694579,4.756514339580965
24/05/2026,Brighton,Man United,0,3,5.667062331565935,4.124841603681095,1.7208499771801766,2.2558163399686353,1.7962947830611724
24/05/2026,Tottenham,Everton,1,0,1.8290420263944944,3.11018379474439,7.590634089710922,4.845945307904031,1.2600140979500776
24/05/2026,Sunderland,Chelsea,2,1,1.6732646378052425,4.452879517449936,5.624546234354199,1.9466780450544194,2.0563253317473054
24/05/2026,Crystal Palace,Arsenal,1,2,7.974594441283773,6.068009549393374,1.4088414343702444,1.4684321706468504,3.1347807914625427
24/05/2026,Burnley,Wolves,1,1,5.949481430425698,4.930777002211776,1.5895463008571,1.6883093047718318,2.4528352196713232
24/05/2026,Fulham,Newcastle,2,0,1.3400789980028085,5.064855843761032,17.750528613436224,2.810834412768673,1.5522316082291872
30/08/2025,Man United,Burnley,3,2,1.2283325942950871,9.526046795718257,12.358967429148164,1.1624119635296233,7.157181886527736
31/08/2025,Brighton,Man City,2,1,2.035559855543806,5.030263504577079,3.2264525804916144,1.2837668503244128,4.524019803076937
31/08/2025,Aston Villa,Crystal Palace,0,3,7.08235105675958,6.1194312041281504,1.4380418202763616,1.370831374881536,3.696643455045991
30/08/2025,Chelsea,Fulham,2,0,1.493025209571655,5.50817704367927,6.726275937898253,1.528029916509608,2.8938320893070153
31/08/2025,Nott'm Forest,West Ham,0,3,10.724402826303715,6.2762866013924,1.337927180542747,1.6405180150612675,2.561236337598322
31/08/2025,Liverpool,Arsenal,1,0,3.5903856246096786,2.159344128943256,3.8703464268153422,12.172860382876113,1.0895025951933162
30/08/2025,Wolves,Everton,2,3,4.64613230833035,4.541982696896206,1.7711684124719689,1.7073249337444774,2.4137773918220904
30/08/2025,Tottenham,Bournemouth,0,1,24.563304056495742,4.473011713357437,1.3592019436595675,3.787457036025262,1.358749924061946
30/08/2025,Sunderland,Brentford,2,1,2.214365285142082,3.972132607956603,3.3709827880487144,1.9375236416621204,2.066639768387191
30/08/2025,Leeds,Newcastle,0,0,2.769004079009945,2.350734872285689,4.684708834474472,9.102918150175729,1.123412328924773
13/09/2025,Crystal Palace,Sunderland,0,0,1.3814161491331394,4.818997389372343,14.578719099580617,2.7896896673979934,1.5587560895146069
13/09/2025,West Ham,Tottenham,0,3,5.7762081825634715,3.4168153001733694,1.871937565132788,3.406218828447699,1.415589799305627
14/09/2025,Man City,Man United,3,0,1.6296997943405878,5.618493334837277,4.798317202372619,1.2770382134552334,4.60961034049402
14/09/2025,Burnley,Liverpool,0,1,98.53259397573333,11.720106451004328,1.1055494395789986,1.9019895578772235,2.1086602846638693
13/09/2025,Arsenal,Nott'm Forest,3,0,1.2766393617855636,5.480481082495125,29.21610589603788,2.992677122579293,1.501837447054952
13/09/2025,Bournemouth,Brighton,2,1,1.7439437514819733,3.7338818418264466,6.298450199114385,2.9217304454531337,1.5203643426506703
13/09/2025,Newcastle,Wolves,1,0,1.5789791208942277,4.0066904788403725,8.539938692224196,2.9686422800442216,1.507964301151521
13/09/2025,Brentford,Chelsea,2,2,2.4241076945040136,3.8748981308813826,3.0357695026952265,1.9941627127777712,2.005871561211463
13/09/2025,Everton,Aston Villa,0,0,1.3598180171867504,5.536707101379247,11.905511675044426,2.055161983081081,1.9477217868293477
13/09/2025,Fulham,Leeds,1,0,2.9145911737116146,2.8751618859549035,3.235280558714932,4.40473667362669,1.2937084702456036
21/09/2025,Sunderland,Aston Villa,1,1,2.4439251075799313,3.0993866887339223,3.728871087623076,3.639800485945384,1.3788165072792888
21/09/2025,Bournemouth,Newcastle,0,0,3.0286652171883617,1.710196224262839,11.751803476369039,43.26141256390353,1.0236622474103982
20/09/2025,Fulham,Brentford,3,1,2.2438593281169874,2.9355246249719946,4.679793274653298,4.561440631627316,1.2807852505302253
20/09/2025,Brighton,Tottenham,2,2,2.5635194515084323,3.7433842064060014,2.917379799566609,2.14405607314865,1.874083030954784
20/09/2025,Burnley,Nott'm Forest,1,1,3.5824357967082965,3.2276633589656134,2.4328611750567,3.227962832664567,1.4488405216365456
20/09/2025,West Ham,Crystal Palace,1,2,11.191140516953471,6.0644713646801565,1.3409341622868656,1.7542161662390183,2.3258798269819776
20/09/2025,Wolves,Leeds,1,3,1.4445077870510739,4.662889147351784,10.722325140456899,2.5424128377475124,1.6483348527235848
21/09/2025,Arsenal,Man City,1,1,2.951357739585764,2.9996208422730914,3.050664577572877,3.86558449267081,1.3489689459716367
20/09/2025,Liverpool,Everton,2,1,2.6190524772214068,2.852387831696427,3.736933837255267,4.615920555417715,1.2765547485554418
20/09/2025,Man United,Chelsea,2,1,1.3915416377442964,4.9330340530961045,12.713335644321743,2.5253130769470125,1.6556031119863917
27/09/2025,Crystal Palace,Liverpool,2,1,1.8307987877779486,5.787769464174473,3.558564382501954,1.1359617568725604,8.35500940119007
27/09/2025,Chelsea,Brighton,1,3,3.2152331211098866,5.0059731448005635,2.0440734858921585,1.2906731195685504,4.440290596819932
27/09/2025,Leeds,Bournemouth,2,2,1.6254210231024875,4.491602641700782,6.167619790361842,2.013990428095593,1.9862026033895914
28/09/2025,Newcastle,Arsenal,1,2,10.019011742664723,5.262823752788417,1.4080982961409574,2.0240907259131307,1.9764759846920301
27/09/2025,Man City,Burnley,5,1,1.315842964073519,5.6731016500231135,15.683697056451773,2.2690851417911566,1.7879691969197777
27/09/2025,Tottenham,Wolves,1,1,3.623223527100448,3.305730885591279,2.372492118442402,3.0419470912318163,1.4897286537413388
27/09/2025,Nott'm Forest,Sunderland,0,1,2.565107993091583,4.372800164262631,2.6214625218879073,1.5419169964912425,2.8453010451318446
29/09/2025,Everton,West Ham,1,1,4.413591719739995,3.2846861376503407,2.132268579138869,3.3147517413167247,1.4320117713492504
28/09/2025,Aston Villa,Fulham,3,1,2.5160527636230734,3.2912087955141414,3.347702535500692,3.017109153737555,1.4957589915979874
27/09/2025,Brentford,Man United,3,1,2.5874417106259973,4.898196448399258,2.442831115607172,1.2883509569985148,4.467996119760237
04/10/2025,Leeds,Tottenham,1,2,1.5242627389127847,4.321590355385215,8.88503241603802,2.6318113116658433,1.6128159505029689
04/10/2025,Arsenal,West Ham,2,0,1.1822449150841516,9.002625382838849,23.216472262806146,1.5810847743675904,2.720919294587138
04/10/2025,Man United,Sunderland,2,0,1.554025586777788,4.573418829896236,7.253991022945991,2.1324368268226945,1.8830514659309732
05/10/2025,Everton,Crystal Palace,2,1,2.025282920263535,4.6677071323930965,3.424612077858314,1.4490489434768596,3.226928744687119
05/10/2025,Aston Villa,Burnley,2,1,1.8083822257003563,3.1294015774728403,7.8450048613666254,4.845945307904028,1.2600140979500778
04/10/2025,Chelsea,Liverpool,2,1,5.30114644185432,4.621925921580739,1.6806679308760897,1.7682996414153993,2.3015755131132836
05/10/2025,Wolves,Brighton,1,1,4.668187653399956,2.770733298277667,2.3536676652537794,5.372019422937428,1.228727254676314
05/10/2025,Newcastle,Nott'm Forest,2,0,1.0728970273900313,18.20498935768409,76.83968954078897,1.3832568115523838,3.6092165092891495
03/10/2025,Bournemouth,Fulham,3,1,2.4392215077730213,3.274200213413892,3.5135178259432887,3.09287676511155,1.4778112197861302
05/10/2025,Brentford,Man City,0,1,3.606175871769909,2.788544604177608,2.7465892464143673,4.906656064944256,1.2559733908938997
18/10/2025,Brighton,Newcastle,2,1,4.228987273615487,3.750155651635108,2.0125536286795245,2.3820491869741405,1.7235632489965143
19/10/2025,Tottenham,Aston Villa,1,2,2.3531701485297614,2.3234006712339794,6.913823900512821,10.681804276279099,1.103286533322105
20/10/2025,West Ham,Brentford,0,2,25.039048874439374,7.521632599155432,1.2090253438696532,1.9559442263422395,2.0460861339435383
18/10/2025,Sunderland,Wolves,2,0,3.8018562143021057,2.717100179566004,2.7105327748283186,5.372019422937434,1.2287272546763135
18/10/2025,Fulham,Arsenal,0,1,12.700607686643787,5.01628020623452,1.385209033428512,2.459351378586286,1.685235930615098
18/10/2025,Man City,Everton,2,0,1.3837418506496444,5.950350921962343,9.152100418365508,1.6181090405736813,2.6178375243822303
18/10/2025,Nott'm Forest,Chelsea,0,3,1.8840980965167398,5.092417201365969,3.6647263053953862,1.3075098931760292,4.251927896276057
19/10/2025,Liverpool,Man United,0,1,1.4910683475748914,6.069693311363145,6.075815425169837,1.2906731195685504,4.440290596819932
18/10/2025,Burnley,Leeds,2,0,23.036703834917535,8.422755387944369,1.1935096676657762,1.6821076106697803,2.4660443372242575
18/10/2025,Crystal Palace,Bournemouth,3,3,1.2898697547883802,9.561881513434418,8.323206875624532,1.0460236909022702,22.72794011943692
26/10/2025,Bournemouth,Nott'm Forest,2,0,2.9895774240014372,2.1083883833533896,5.229888944448511,14.017751463415607,1.0768181819118567
25/10/2025,Newcastle,Fulham,2,1,1.9343368393366942,4.81174713301826,3.6336913777756354,1.409532923122669,3.4418061248288603
24/10/2025,Leeds,West Ham,2,1,1.736979781908929,3.8117130739381158,6.175171306193914,2.768873286183395,1.565331619744028
26/10/2025,Aston Villa,Man City,1,0,3.960271899774769,3.3102725461250913,2.245162012475993,3.1189871700949494,1.4719235746742116
25/10/2025,Chelsea,Sunderland,1,2,3.9415781784314254,3.5349009667136038,2.1579574849306264,2.650507406485756,1.6058742881555377
26/10/2025,Wolves,Burnley,2,3,1.7653095995765353,5.040604196733354,4.252817915528393,1.396150176060272,3.5242952305235273
26/10/2025,Everton,Tottenham,0,3,2.5509375266823002,4.459873160637593,2.6057569904275626,1.4887798288891922,3.0459109416863903
25/10/2025,Brentford,Liverpool,3,2,2.050259387631446,5.576639115826091,3.0035679886046522,1.137014164102622,8.298515496916163
25/10/2025,Man United,Brighton,4,2,2.4767242349972522,3.6403835870181145,3.109988937722663,2.3099930289097586,1.7633628408177484
26/10/2025,Arsenal,Crystal Palace,1,0,2.1962496479868117,2.6975299682780602,5.748155459388858,6.27747061680494,1.1894847120163436
