team,player,role,as_of
Crystal Palace,Henderson,start,2026-08-28
Crystal Palace,Richards,start,2026-08-28
Crystal Palace,Tomiyasu,start,2026-08-28
Crystal Palace,Canvot,start,2026-08-28
Crystal Palace,Mitchell,start,2026-08-28
Crystal Palace,Kamada,start,2026-08-28
Crystal Palace,Wharton,start,2026-08-28
Crystal Palace,Khalaili,start,2026-08-28
Crystal Palace,McNeil,start,2026-08-28
Crystal Palace,Yeremy,start,2026-08-28
Crystal Palace,Strand Larsen,start,2026-08-28
Man City,Donnarumma,start,2026-08-28
Man City,Gvardiol,start,2026-08-28
Man City,Guehi,start,2026-08-28
Man City,Rúben,start,2026-08-28
Man City,Khusanov,start,2026-08-28
Man City,O'Reilly,start,2026-08-28
Man City,Anderson,start,2026-08-28
Man City,Semenyo,start,2026-08-28
Man City,Cherki,start,2026-08-28
Man City,Foden,start,2026-08-28
Man City,Haaland,start,2026-08-28
Liverpool,A.Becker,start,2026-08-28
Liverpool,Kerkez,start,2026-08-28
Liverpool,Jacquet,start,2026-08-28
Liverpool,Virgil,start,2026-08-28
Liverpool,Frimpong,start,2026-08-28
Liverpool,Szoboszlai,start,2026-08-28
Liverpool,Gravenberch,start,2026-08-28
Liverpool,Gakpo,start,2026-08-28
Liverpool,Wirtz,start,2026-08-28
Liverpool,Munoz,start,2026-08-28
Liverpool,Isak,start,2026-08-28
Nott'm Forest,Sels,start,2026-08-28
Nott'm Forest,Milenkovic,start,2026-08-28
Nott'm Forest,Diomande,start,2026-08-28
Nott'm Forest,Murillo,start,2026-08-28
Nott'm Forest,Williams,start,2026-08-28
Nott'm Forest,Schlager,start,2026-08-28
Nott'm Forest,McAtee,start,2026-08-28
Nott'm Forest,Aina,start,2026-08-28
Nott'm Forest,Gibbs-White,start,2026-08-28
Nott'm Forest,Ndoye,start,2026-08-28
Nott'm Forest,Jesus,start,2026-08-28
Coventry,Rushworth,start,2026-08-28
Coventry,Dasilva,start,2026-08-28
Coventry,Thomas,start,2026-08-28
Coventry,Amenda,start,2026-08-28
Coventry,van Ewijk,start,2026-08-28
Coventry,Yirenkyi,start,2026-08-28
Coventry,Grimes,start,2026-08-28
Coventry,Hamer,start,2026-08-28
Coventry,Rudoni,start,2026-08-28
Coventry,Tchaouna,start,2026-08-28
Coventry,Awoniyi,start,2026-08-28
Hull,Tzolakis,start,2026-08-28
Hull,Giles,start,2026-08-28
Hull,Egan,start,2026-08-28
Hull,Mendy,start,2026-08-28
Hull,Coyle,start,2026-08-28
Hull,Slater,start,2026-08-28
Hull,Crooks,start,2026-08-28
Hull,Stroud,start,2026-08-28
Hull,Belloumi,start,2026-08-28
Hull,Hjerto-Dahl,start,2026-08-28
Hull,McBurnie,start,2026-08-28
Bournemouth,Petrovic,start,2026-08-28
Bournemouth,Truffert,start,2026-08-28
Bournemouth,Hill,start,2026-08-28
Bournemouth,Silva,start,2026-08-28
Bournemouth,Smith,start,2026-08-28
Bournemouth,Christie,start,2026-08-28
Bournemouth,Scott,start,2026-08-28
Bournemouth,Tavernier,start,2026-08-28
Bournemouth,Kluivert,start,2026-08-28
Bournemouth,Rayan,start,2026-08-28
Bournemouth,Evanilson,start,2026-08-28
Everton,Pickford,start,2026-08-28
Everton,Mykolenko,start,2026-08-28
Everton,Branthwaite,start,2026-08-28
Everton,Tarkowski,start,2026-08-28
Everton,Rohl,start,2026-08-28
Everton,Armstrong,start,2026-08-28
Everton,Garner,start,2026-08-28
Everton,George,start,2026-08-28
Everton,Dewsbury-Hall,start,2026-08-28
Everton,Ndiaye,start,2026-08-28
Everton,Barry,start,2026-08-28
Tottenham,Kinsky,start,2026-08-28
Tottenham,Robertson,start,2026-08-28
Tottenham,van Hecke,start,2026-08-28
Tottenham,van de Ven,start,2026-08-28
Tottenham,Porro,start,2026-08-28
Tottenham,Bentancur,start,2026-08-28
Tottenham,Tonali,start,2026-08-28
Tottenham,Fernandes,start,2026-08-28
Tottenham,Tel,start,2026-08-28
Tottenham,Savinho,start,2026-08-28
Tottenham,Solanke,start,2026-08-28
Newcastle,Hornicek,start,2026-08-28
Newcastle,Hall,start,2026-08-28
Newcastle,Thiaw,start,2026-08-28
Newcastle,Botman,start,2026-08-28
Newcastle,Dedic,start,2026-08-28
Newcastle,Ramsey,start,2026-08-28
Newcastle,Miley,start,2026-08-28
Newcastle,Barnes,start,2026-08-28
Newcastle,Willock,start,2026-08-28
Newcastle,Elanga,start,2026-08-28
Newcastle,Wissa,start,2026-08-28
Sunderland,Roefs,start,2026-08-28
Sunderland,Reinildo,start,2026-08-28
Sunderland,Ballard,start,2026-08-28
Sunderland,Alderete,start,2026-08-28
Sunderland,Mukiele,start,2026-08-28
Sunderland,Xhaka,start,2026-08-28
Sunderland,Sadiki,start,2026-08-28
Sunderland,Angulo,start,2026-08-28
Sunderland,Le Fee,start,2026-08-28
Sunderland,Hume,start,2026-08-28
Sunderland,Brobbey,start,2026-08-28
Fulham,Leno,start,2026-08-28
Fulham,Robinson,start,2026-08-28
Fulham,Andersen,start,2026-08-28
Fulham,Bassey,start,2026-08-28
Fulham,Castagne,start,2026-08-28
Fulham,Iwobi,start,2026-08-28
Fulham,Berge,start,2026-08-28
Fulham,Palacios,start,2026-08-28
Fulham,King,start,2026-08-28
Fulham,Bobb,start,2026-08-28
Fulham,Gonzalo,start,2026-08-28
Leeds,Trafford,start,2026-08-28
Leeds,Rodon,start,2026-08-28
Leeds,Bijol,start,2026-08-28
Leeds,Muharemovic,start,2026-08-28
Leeds,Justin,start,2026-08-28
Leeds,Ampadu,start,2026-08-28
Leeds,Stach,start,2026-08-28
Leeds,Bogle,start,2026-08-28
Leeds,Wilson,start,2026-08-28
Leeds,Aaronson,start,2026-08-28
Leeds,Calvert-Lewin,start,2026-08-28
Brentford,Kelleher,start,2026-08-28
Brentford,Lewis-Potter,start,2026-08-28
Brentford,Collins,start,2026-08-28
Brentford,Ajer,start,2026-08-28
Brentford,Kayode,start,2026-08-28
Brentford,Sangare,start,2026-08-28
Brentford,Janelt,start,2026-08-28
Brentford,Schade,start,2026-08-28
Brentford,Jensen,start,2026-08-28
Brentford,O.Dango,start,2026-08-28
Brentford,Thiago,start,2026-08-28
Chelsea,Sánchez,start,2026-08-28
Chelsea,Fofana,start,2026-08-28
Chelsea,Lacroix,start,2026-08-28
Chelsea,Colwill,start,2026-08-28
Chelsea,Hato,start,2026-08-28
Chelsea,Lavia,start,2026-08-28
Chelsea,James,start,2026-08-28
Chelsea,Gusto,start,2026-08-28
Chelsea,Palmer,start,2026-08-28
Chelsea,Rogers,start,2026-08-28
Chelsea,João Pedro,start,2026-08-28
Brighton,Verbruggen,start,2026-08-28
Brighton,Boscagli,start,2026-08-28
Brighton,Dunk,start,2026-08-28
Brighton,Vuskovic,start,2026-08-28
Brighton,Kadioglu,start,2026-08-28
Brighton,Gross,start,2026-08-28
Brighton,Ayari,start,2026-08-28
Brighton,De Cuyper,start,2026-08-28
Brighton,O'Riley,start,2026-08-28
Brighton,Gomez,start,2026-08-28
Brighton,Kostoulas,start,2026-08-28
Man United,Lammens,start,2026-08-28
Man United,Shaw,start,2026-08-28
Man United,Maguire,start,2026-08-28
Man United,Martinez,start,2026-08-28
Man United,Dalot,start,2026-08-28
Man United,Andrey Santos,start,2026-08-28
Man United,Tielemans,start,2026-08-28
Man United,Rashford,start,2026-08-28
Man United,B.Fernandes,start,2026-08-28
Man United,Mbeumo,start,2026-08-28
Man United,Cunha,start,2026-08-28
Ipswich,Scherpen,start,2026-08-28
Ipswich,Davis,start,2026-08-28
Ipswich,Diop,start,2026-08-28
Ipswich,Greaves,start,2026-08-28
Ipswich,O'Shea,start,2026-08-28
Ipswich,Lukic,start,2026-08-28
Ipswich,Nunez,start,2026-08-28
Ipswich,Maeda,start,2026-08-28
Ipswich,Enciso,start,2026-08-28
Ipswich,Fatawu,start,2026-08-28
Ipswich,Emersonn,start,2026-08-28
Aston Villa,Suzuki,start,2026-08-28
Aston Villa,Maatsen,start,2026-08-28
Aston Villa,Lindelof,start,2026-08-28
Aston Villa,Pau,start,2026-08-28
Aston Villa,Cash,start,2026-08-28
Aston Villa,Kamara,start,2026-08-28
Aston Villa,Goretzka,start,2026-08-28
Aston Villa,Hemmings,start,2026-08-28
Aston Villa,Barkley,start,2026-08-28
Aston Villa,McGinn,start,2026-08-28
Aston Villa,Buendia,start,2026-08-28
Arsenal,Raya,start,2026-08-28
Arsenal,Calafiori,start,2026-08-28
Arsenal,Gabriel,start,2026-08-28
Arsenal,Mosquera,start,2026-08-28
Arsenal,White,start,2026-08-28
Arsenal,Rice,start,2026-08-28
Arsenal,Lewis-Skelly,start,2026-08-28
Arsenal,Tzolis,start,2026-08-28
Arsenal,Odegaard,start,2026-08-28
Arsenal,Saka,start,2026-08-28
Arsenal,Havertz,start,2026-08-28
