player,pos,team,cost,own,gw1,gw2,gw3,gw4,gw5,gw6,gw7,gw8,gw9,gw10,total
Haaland,FWD,Man City,15.5,70.3,7.44,6.3,9.01,6.29,7.29,6.41,9.19,6.33,7.01,6.5,71.78
B.Fernandes,MID,Man United,12.0,44.9,6.67,6.92,4.96,5.05,4.96,5.93,5.08,5.83,5.09,5.64,56.12
Mbeumo,MID,Man United,8.0,13.6,5.66,6.69,4.67,4.61,4.63,5.71,4.82,5.57,4.66,5.39,52.4
Saka,MID,Arsenal,9.5,11.4,5.95,4.5,5.43,4.59,4.46,5.33,4.78,5.2,4.43,6.8,51.46
Palmer,MID,Chelsea,9.5,13.1,4.78,4.91,3.71,6.82,4.37,5.08,4.49,5.37,4.93,4.49,48.95
Gabriel,DEF,Arsenal,8.0,23.3,5.84,4.22,4.7,4.68,4.34,5.11,4.53,5.09,4.06,6.2,48.79
Semenyo,MID,Man City,8.5,20.0,5.04,4.35,5.98,4.25,5.07,4.21,6.15,4.19,4.68,4.39,48.32
O'Reilly,DEF,Man City,6.5,25.2,4.91,4.38,5.99,3.72,5.15,4.03,5.96,4.02,4.7,4.18,47.02
Thiago,FWD,Brentford,8.0,20.2,4.71,4.32,4.48,4.28,4.65,4.29,4.7,5.29,4.72,4.18,45.62
Guéhi,DEF,Man City,6.0,26.1,4.62,4.3,5.56,3.55,5.02,3.77,5.67,3.95,4.68,4.15,45.28
Kroupi.Jr,MID,Bournemouth,7.5,19.3,3.61,4.44,4.12,4.62,4.57,4.04,4.55,3.87,4.98,4.61,43.4
Cherki,MID,Man City,7.5,11.1,4.45,3.93,5.1,3.72,4.38,3.86,5.75,3.69,4.28,3.86,43.02
Enzo,MID,Chelsea,7.0,5.5,3.98,4.29,3.11,6.05,4.03,4.59,3.87,4.79,4.29,3.95,42.96
Cunha,MID,Man United,8.0,14.5,4.94,5.27,3.73,3.67,3.67,4.48,3.86,4.39,3.69,4.09,41.77
Isak,FWD,Liverpool,9.0,13.6,4.14,4.68,4.6,4.47,4.04,3.96,4.0,4.21,3.52,3.92,41.53
Senesi,DEF,Tottenham,6.0,15.7,3.64,4.35,3.87,4.54,4.28,3.3,5.03,3.69,4.71,3.96,41.37
Gvardiol,DEF,Man City,5.5,6.3,4.16,3.85,5.01,3.23,4.38,3.51,5.46,3.43,4.13,3.73,40.89
Ndiaye,MID,Everton,6.0,17.3,4.42,3.66,3.88,3.76,4.54,4.51,3.91,3.23,3.67,4.55,40.12
Thiaw,DEF,Newcastle,5.0,2.7,3.93,3.47,3.92,3.5,5.43,4.02,4.06,3.79,4.27,3.55,39.94
Rice,MID,Arsenal,7.5,23.9,4.7,3.54,4.0,3.6,3.4,4.21,3.56,4.15,3.68,5.07,39.92
Foden,MID,Man City,7.0,5.3,4.01,3.6,4.98,3.44,4.15,3.43,4.95,3.53,3.93,3.55,39.56
João Pedro,FWD,Chelsea,7.5,45.9,4.17,3.88,2.89,5.52,3.72,4.18,3.51,4.33,3.86,3.5,39.55
Watkins,FWD,Aston Villa,8.0,15.3,4.0,3.22,4.86,4.1,3.86,4.31,3.78,3.58,4.12,3.64,39.46
Calafiori,DEF,Arsenal,5.5,11.7,4.53,3.32,3.88,3.68,3.39,4.22,3.56,4.17,3.33,5.13,39.22
Wirtz,MID,Liverpool,7.5,14.8,4.0,4.26,4.44,4.32,3.76,3.55,3.69,3.92,3.3,3.66,38.89
Anderson,MID,Man City,6.5,12.6,4.23,3.62,4.31,3.41,3.92,3.44,4.47,3.55,3.73,3.58,38.25
Rogers,MID,Chelsea,7.5,37.4,3.46,3.86,2.85,5.32,3.55,3.97,3.61,4.2,3.84,3.56,38.22
Schade,MID,Brentford,6.0,2.5,4.25,3.51,3.75,3.61,4.07,3.32,3.91,4.7,3.79,3.3,38.22
Hincapie,DEF,Arsenal,5.5,6.3,4.36,3.33,3.85,3.78,3.45,4.08,3.64,3.96,3.15,4.6,38.19
Gibbs-White,MID,Nott'm Forest,8.0,13.5,4.61,3.44,4.13,3.41,4.76,3.54,3.2,4.01,3.53,3.41,38.04
Szoboszlai,MID,Liverpool,7.0,36.2,4.17,4.15,4.23,4.05,3.56,3.46,3.66,3.82,3.19,3.61,37.91
Raya,GK,Arsenal,6.0,29.0,4.47,3.29,3.66,3.74,3.45,3.87,3.53,4.02,3.08,4.57,37.68
Truffert,DEF,Bournemouth,5.5,5.5,2.86,4.16,3.55,4.04,3.82,3.23,4.36,3.13,4.09,4.18,37.42
Havertz,FWD,Arsenal,7.5,5.7,4.59,3.22,3.83,3.15,3.14,3.91,3.16,3.64,3.28,5.1,37.02
Gyökeres,FWD,Arsenal,7.5,16.6,4.46,3.22,3.72,3.16,3.02,3.97,3.21,3.68,3.2,5.31,36.95
Mosquera,DEF,Arsenal,5.5,13.7,4.85,3.28,3.45,3.44,3.4,3.73,3.45,3.77,3.23,4.28,36.9
Virgil,DEF,Liverpool,6.5,15.3,3.42,4.07,4.22,4.32,3.38,3.2,3.27,4.0,3.28,3.66,36.81
Eze,MID,Arsenal,6.5,3.1,4.47,3.03,3.74,3.18,3.05,3.84,3.15,3.8,3.29,5.05,36.61
Mukiele,DEF,Sunderland,5.5,9.5,4.12,4.04,3.33,3.27,2.7,3.86,3.32,4.04,3.94,3.88,36.5
Tarkowski,DEF,Everton,6.0,12.9,4.34,2.97,3.16,3.37,4.52,4.28,3.55,2.44,3.07,4.39,36.07
O.Dango,MID,Brentford,6.5,2.0,4.02,3.35,3.77,3.23,3.74,3.16,3.72,4.23,3.68,3.03,35.91
Bruno G.,MID,Newcastle,7.0,9.5,4.06,3.37,3.55,3.25,4.72,3.58,3.44,3.15,3.62,3.16,35.89
Gakpo,MID,Liverpool,7.0,4.4,3.46,3.75,3.99,3.97,3.53,3.25,3.42,3.81,3.01,3.44,35.62
Muñoz,DEF,Crystal Palace,5.5,14.2,3.33,2.92,3.26,4.67,3.36,3.99,3.16,3.85,3.39,3.65,35.58
Tavernier,MID,Bournemouth,6.0,1.8,2.79,4.0,3.25,3.83,3.69,3.34,3.5,3.14,3.8,3.86,35.19
Mateta,FWD,Crystal Palace,6.5,8.2,3.16,3.26,3.3,4.23,3.44,3.69,3.1,3.8,3.42,3.78,35.17
Calvert-Lewin,FWD,Leeds,6.0,16.4,3.44,3.66,3.22,3.8,3.8,2.91,3.71,3.23,3.42,3.79,34.99
Sarr,MID,Crystal Palace,6.5,9.7,3.25,3.12,3.13,4.39,3.33,3.74,3.1,3.71,3.48,3.65,34.9
Matheus N.,DEF,Man City,6.0,7.5,3.48,3.4,4.31,2.7,3.85,2.86,4.22,3.03,3.61,3.22,34.69
Van Hecke,DEF,Tottenham,5.0,8.1,3.0,3.73,3.2,3.86,3.58,2.6,4.25,2.97,3.98,3.23,34.4
Lacroix,DEF,Crystal Palace,6.0,13.6,3.37,2.86,3.29,4.33,3.2,3.82,3.01,3.78,3.27,3.42,34.35
Amad,MID,Man United,6.0,1.4,4.21,4.09,3.05,2.9,3.0,3.67,3.22,3.66,3.1,3.34,34.23
van Ewijk,DEF,Coventry,4.0,14.5,2.59,4.7,2.37,3.52,3.18,3.54,3.26,3.71,3.98,3.36,34.21
Doku,MID,Man City,7.5,7.7,3.41,3.2,4.11,2.92,3.34,3.16,4.19,2.96,3.42,3.08,33.79
Garner,MID,Everton,6.0,3.9,3.8,3.16,3.2,3.17,3.77,3.55,3.25,2.76,3.14,3.76,33.56
Rayan,MID,Bournemouth,6.5,4.5,2.7,3.46,3.19,3.36,3.46,3.09,3.53,2.99,3.74,3.64,33.15
Shaw,DEF,Man United,4.5,14.5,3.94,4.05,3.04,2.76,3.09,3.68,3.1,3.29,2.69,3.49,33.12
Ballard,DEF,Sunderland,5.0,2.3,3.63,3.67,2.99,3.06,2.46,3.43,3.02,3.73,3.64,3.34,32.97
Alderete,DEF,Sunderland,5.0,1.6,3.63,3.68,3.04,3.12,2.5,3.46,2.88,3.74,3.53,3.31,32.89
Struijk,DEF,Brighton,5.0,0.6,3.4,2.95,3.75,3.61,3.09,3.4,3.83,2.9,2.45,3.48,32.85
Palestra,DEF,Chelsea,5.5,1.9,3.09,3.48,2.31,4.61,2.79,3.34,3.15,3.62,3.12,3.26,32.77
Evanilson,FWD,Bournemouth,6.0,2.0,2.7,3.42,3.05,3.49,3.42,3.04,3.29,2.99,3.62,3.64,32.66
Manzambi,MID,Aston Villa,6.0,4.2,3.1,2.86,3.81,3.5,3.26,3.4,3.18,3.1,3.36,2.99,32.57
Donnarumma,GK,Man City,5.5,11.3,3.29,3.29,3.84,2.51,3.76,2.63,3.9,2.87,3.36,3.06,32.51
Ampadu,MID,Leeds,5.5,1.3,3.16,3.42,3.16,3.36,3.38,2.89,3.36,3.16,3.09,3.5,32.49
Vuskovic,DEF,Brighton,5.0,2.3,3.33,2.69,3.62,3.59,2.95,3.27,3.75,2.77,2.32,3.38,31.67
Collins,DEF,Brentford,5.5,2.5,3.52,2.87,3.59,2.67,3.18,2.64,3.18,3.75,3.39,2.82,31.62
Rúben,DEF,Man City,5.5,1.3,3.22,3.1,3.88,2.48,3.59,2.52,3.85,2.73,3.33,2.89,31.6
Aït-Nouri,DEF,Man City,5.5,1.0,3.21,2.99,3.89,2.54,3.51,2.52,4.07,2.7,3.29,2.86,31.57
Xhaka,MID,Sunderland,5.5,5.6,3.29,3.31,3.06,2.92,2.83,3.23,3.05,3.31,3.35,3.21,31.56
Robinson,DEF,Fulham,4.5,3.4,3.01,2.98,3.51,2.49,2.92,3.37,4.15,3.27,2.61,3.25,31.56
Welbeck,FWD,Brighton,6.0,3.1,3.37,3.09,3.36,3.5,2.69,2.96,3.31,3.02,2.75,3.49,31.55
Dalot,DEF,Man United,5.0,3.7,4.02,4.02,2.86,2.53,2.92,3.54,2.82,3.06,2.61,3.17,31.54
Kayode,DEF,Brentford,4.5,5.7,3.47,2.9,3.61,2.56,3.19,2.61,3.08,3.82,3.36,2.68,31.29
Pedro Porro,DEF,Tottenham,5.5,23.2,2.7,3.32,2.88,3.53,3.26,2.32,4.05,2.61,3.64,2.96,31.28
Dewsbury-Hall,MID,Everton,6.5,5.3,3.72,2.72,3.0,2.82,3.66,3.41,3.11,2.39,2.74,3.53,31.11
Wood,FWD,Nott'm Forest,6.0,1.8,3.43,2.92,3.34,2.84,3.69,2.92,2.64,3.38,3.05,2.85,31.07
Keane,DEF,Everton,5.0,1.6,3.42,2.59,2.86,2.91,3.85,3.64,3.04,2.22,2.67,3.82,31.04
Stach,MID,Leeds,6.0,1.3,2.95,3.28,2.91,3.29,3.27,2.63,3.22,3.09,2.94,3.45,31.03
Zubimendi,MID,Arsenal,5.5,1.2,3.49,2.82,3.04,2.86,2.79,3.2,2.89,3.24,2.86,3.81,31.0
Neto,MID,Chelsea,6.5,1.2,2.91,3.21,2.36,4.19,2.76,3.17,2.9,3.5,3.12,2.78,30.88
F.Kadıoğlu,DEF,Brighton,4.5,3.0,3.37,2.71,3.57,3.55,2.73,3.14,3.59,2.6,2.25,3.31,30.82
Van den Berg,DEF,Brentford,5.0,0.7,3.46,2.85,3.56,2.52,3.1,2.58,2.97,3.68,3.39,2.71,30.82
Rodon,DEF,Leeds,4.5,2.6,2.93,3.28,2.83,3.34,3.6,2.34,2.99,3.18,2.72,3.59,30.81
N.Williams,DEF,Nott'm Forest,5.0,9.4,3.97,2.43,3.55,2.65,3.9,3.03,2.65,3.34,2.58,2.58,30.68
E.Le Fée,MID,Sunderland,6.0,3.3,3.26,3.17,2.88,2.83,2.66,3.09,3.0,3.4,3.2,3.13,30.63
Richards,DEF,Crystal Palace,5.0,0.9,2.95,2.57,3.02,3.93,2.79,3.36,2.65,3.3,2.89,3.16,30.61
Thomas,DEF,Coventry,4.0,4.9,2.2,4.23,2.17,3.15,2.86,3.19,2.89,3.35,3.54,2.9,30.48
Wilson,MID,Leeds,6.5,10.7,2.87,3.32,2.77,3.33,3.3,2.38,3.22,2.94,2.87,3.44,30.45
Mitchell,DEF,Crystal Palace,4.5,7.3,2.9,2.55,2.88,3.85,2.76,3.35,2.67,3.27,2.91,3.01,30.14
Scott,MID,Bournemouth,6.0,1.6,2.69,3.15,2.88,3.25,2.98,2.87,3.07,2.85,3.13,3.24,30.12
Hill,DEF,Bournemouth,5.5,1.9,2.28,3.38,2.69,3.14,3.07,2.64,3.53,2.51,3.42,3.32,29.97
Chalobah,DEF,Chelsea,5.5,2.3,2.84,3.07,2.14,4.26,2.6,3.04,2.79,3.43,2.72,2.92,29.8
Merino,MID,Arsenal,6.0,1.1,3.58,2.53,3.02,2.65,2.57,3.13,2.58,3.09,2.61,3.98,29.74
Rashford,MID,Man United,7.0,1.4,3.43,3.74,2.57,2.58,2.62,3.04,2.82,3.08,2.69,3.14,29.73
Van de Ven,DEF,Tottenham,5.0,5.5,2.56,3.28,2.77,3.22,3.07,2.31,3.7,2.56,3.5,2.72,29.67
Iwobi,MID,Fulham,5.5,0.9,2.94,2.67,2.97,2.59,2.84,3.14,3.82,2.97,2.67,3.06,29.67
Ødegaard,MID,Arsenal,6.5,2.7,3.51,2.63,3.03,2.59,2.57,3.14,2.59,3.06,2.74,3.79,29.64
Fernandes,MID,Tottenham,6.0,5.4,2.74,3.15,2.79,3.05,2.97,2.69,3.49,2.83,3.06,2.86,29.62
Maguire,DEF,Man United,5.0,6.2,4.1,3.61,2.65,2.35,2.65,3.24,2.65,2.91,2.28,2.95,29.39
Botman,DEF,Newcastle,5.0,0.4,2.83,2.7,2.88,2.66,3.8,2.97,2.95,2.77,3.11,2.58,29.26
Estêvão,MID,Chelsea,6.5,1.5,2.62,2.94,2.17,4.03,2.72,3.11,2.82,3.22,2.94,2.63,29.21
Romero,DEF,Tottenham,5.0,0.8,2.6,3.13,2.74,3.33,2.92,2.22,3.65,2.5,3.31,2.69,29.1
Cash,DEF,Aston Villa,4.5,9.1,2.68,2.51,3.62,3.35,2.91,3.13,2.67,2.59,3.37,2.26,29.09
Milenković,DEF,Nott'm Forest,5.5,2.7,3.18,2.42,3.41,2.48,3.69,2.97,2.58,3.27,2.49,2.5,29.0
Barnes,MID,Newcastle,6.0,1.0,2.93,2.56,2.97,2.62,3.92,2.99,2.94,2.56,2.88,2.54,28.91
Hall,DEF,Newcastle,5.0,4.7,2.73,2.51,2.81,2.44,4.1,3.02,2.84,2.68,3.17,2.57,28.88
Solanke,FWD,Tottenham,6.0,3.9,2.68,3.11,2.74,2.94,2.83,2.72,3.48,2.61,2.98,2.74,28.83
Wieffer,DEF,Brighton,5.0,0.5,3.01,2.61,3.12,3.07,2.61,3.0,3.26,2.52,2.18,3.01,28.39
Mykolenko,DEF,Everton,4.5,1.9,3.27,2.22,2.61,2.6,3.57,3.5,2.76,1.87,2.39,3.56,28.36
Konsa,DEF,Aston Villa,4.5,16.9,2.53,2.61,3.59,3.27,2.82,3.13,2.54,2.47,3.28,2.11,28.35
Pickford,GK,Everton,5.5,10.1,3.26,2.29,2.56,2.57,3.49,3.37,2.78,1.99,2.38,3.53,28.22
Munoz,MID,Liverpool,6.5,1.1,2.82,2.95,3.26,2.95,2.75,2.67,2.81,2.88,2.48,2.66,28.22
Mitoma,MID,Brighton,6.0,0.9,3.04,2.63,3.22,3.0,2.45,2.72,2.99,2.73,2.37,3.02,28.17
Burn,DEF,Newcastle,5.0,2.3,2.65,2.45,2.68,2.52,3.72,2.88,2.81,2.68,2.88,2.54,27.8
Damsgaard,MID,Brentford,5.5,0.7,2.87,2.64,2.88,2.49,2.85,2.48,2.79,3.29,2.91,2.47,27.67
McGinn,MID,Aston Villa,5.5,2.6,2.66,2.44,3.36,2.92,2.68,2.9,2.65,2.61,2.89,2.55,27.65
Bogle,DEF,Leeds,4.5,0.5,2.68,2.88,2.64,2.96,3.32,1.92,2.7,2.87,2.4,3.28,27.65
Maddison,MID,Tottenham,6.5,2.8,2.51,3.04,2.59,2.89,2.7,2.54,3.42,2.48,2.84,2.63,27.63
O'Brien,DEF,Everton,5.0,0.6,3.17,2.27,2.5,2.53,3.55,3.29,2.66,1.79,2.36,3.43,27.55
Grealish,MID,Man City,6.5,0.4,2.79,2.63,3.21,2.4,2.86,2.46,3.26,2.44,2.82,2.64,27.51
Dunk,DEF,Brighton,4.5,0.7,3.01,2.42,3.07,3.12,2.51,2.83,3.23,2.32,1.98,2.98,27.47
Gomez,MID,Brighton,5.0,1.8,2.81,2.63,3.11,2.98,2.45,2.58,2.94,2.56,2.4,3.0,27.47
Lammens,GK,Man United,5.0,18.4,3.28,3.4,2.63,2.23,2.55,3.01,2.54,2.75,2.18,2.82,27.39
Khusanov,DEF,Man City,5.5,2.3,2.76,2.65,3.32,2.16,3.05,2.42,3.27,2.38,2.74,2.6,27.36
Sessegnon,DEF,Fulham,4.5,0.5,2.65,2.57,3.0,2.31,2.51,2.84,3.59,2.75,2.26,2.76,27.23
Hume,DEF,Sunderland,4.5,1.0,3.03,3.05,2.42,2.51,1.88,2.99,2.42,3.07,3.06,2.77,27.21
Aina,DEF,Nott'm Forest,4.5,4.3,3.09,2.2,3.2,2.32,3.5,2.71,2.48,2.97,2.42,2.27,27.14
Caicedo,MID,Chelsea,5.5,3.5,2.61,2.78,2.33,3.33,2.55,2.71,2.64,2.82,2.73,2.6,27.1
Verbruggen,GK,Brighton,4.5,16.0,2.86,2.33,3.08,2.98,2.55,2.86,3.27,2.28,1.89,2.94,27.04
Madueke,MID,Arsenal,6.5,0.3,3.34,2.39,2.67,2.36,2.33,2.83,2.36,2.66,2.43,3.67,27.03
Wissa,FWD,Newcastle,6.0,1.5,2.83,2.54,2.63,2.47,3.76,2.7,2.57,2.33,2.78,2.36,26.96
James,DEF,Chelsea,5.5,8.1,2.5,2.8,1.79,3.78,2.38,2.87,2.49,2.96,2.66,2.68,26.9
Mac Allister,MID,Liverpool,5.5,1.8,2.65,2.85,3.01,2.88,2.56,2.55,2.6,2.73,2.4,2.59,26.82
Bassey,DEF,Fulham,4.5,0.5,2.56,2.54,3.07,2.05,2.41,2.89,3.59,2.76,2.14,2.74,26.76
Anthony,MID,Brentford,6.0,0.3,2.87,2.55,2.73,2.47,2.77,2.37,2.76,3.09,2.76,2.4,26.76
Kelleher,GK,Brentford,5.0,5.8,3.04,2.48,3.19,2.18,2.59,2.29,2.54,3.25,2.91,2.27,26.74
Masuaku,DEF,Sunderland,4.0,1.9,3.03,3.02,2.32,2.46,1.93,2.91,2.2,2.97,2.95,2.7,26.49
Martinez,DEF,Man United,5.0,2.6,3.25,3.38,2.41,2.16,2.49,2.9,2.39,2.67,2.13,2.67,26.45
Colwill,DEF,Chelsea,5.0,2.3,2.49,2.79,1.85,3.83,2.25,2.69,2.46,2.96,2.55,2.56,26.44
Bijol,DEF,Leeds,5.0,0.4,2.55,2.7,2.54,2.81,3.04,2.09,2.62,2.66,2.43,2.98,26.43
Leno,GK,Fulham,4.5,3.4,2.49,2.61,3.03,1.92,2.34,2.8,3.56,2.78,2.13,2.69,26.34
Gudmundsson,DEF,Leeds,4.5,0.7,2.6,2.78,2.45,2.95,3.15,1.94,2.44,2.68,2.24,3.06,26.3
Woltemade,FWD,Newcastle,6.0,1.5,2.54,2.45,2.73,2.45,3.43,2.72,2.65,2.28,2.58,2.33,26.17
Aaronson,MID,Leeds,5.5,0.7,2.58,2.75,2.48,2.87,2.84,2.11,2.59,2.5,2.6,2.83,26.15
Roefs,GK,Sunderland,5.0,6.7,2.91,3.0,2.35,2.42,1.76,2.88,2.17,3.06,2.92,2.64,26.12
Ngumoha,MID,Liverpool,6.0,1.8,2.54,2.78,3.02,2.78,2.51,2.4,2.5,2.67,2.31,2.54,26.06
Martinelli,MID,Arsenal,6.5,0.3,3.14,2.38,2.63,2.21,2.12,2.76,2.29,2.62,2.22,3.68,26.05
A.Becker,GK,Liverpool,5.5,5.0,2.28,2.91,2.98,3.01,2.22,2.22,2.28,2.92,2.41,2.66,25.89
Beto,FWD,Everton,5.5,3.3,2.56,2.27,2.55,2.32,3.12,3.03,2.73,1.92,2.28,3.1,25.87
Gravenberch,MID,Liverpool,6.0,1.5,2.55,2.72,2.77,2.71,2.5,2.46,2.51,2.65,2.4,2.54,25.81
Kusi-Asare,FWD,Fulham,4.5,7.3,2.66,2.24,2.5,2.42,2.57,2.61,3.2,2.67,2.26,2.59,25.71
Groß,MID,Brighton,5.5,1.8,2.6,2.46,2.86,2.7,2.2,2.47,2.88,2.39,2.16,2.72,25.45
Okafor,MID,Leeds,6.0,1.1,2.41,2.76,2.34,2.73,2.82,2.04,2.58,2.36,2.38,2.92,25.36
N.Jackson,FWD,Chelsea,6.5,0.4,2.28,2.49,1.73,3.63,2.32,2.79,2.43,2.78,2.6,2.26,25.33
De Cuyper,DEF,Brighton,4.5,2.6,2.61,2.2,2.93,2.97,2.19,2.54,3.01,2.15,1.95,2.76,25.3
Kluivert,MID,Bournemouth,6.0,0.8,2.11,2.61,2.3,2.73,2.69,2.31,2.63,2.34,2.64,2.9,25.27
Minteh,MID,Brighton,6.0,0.8,2.71,2.4,2.79,2.71,2.21,2.39,2.66,2.38,2.13,2.72,25.11
Garnacho,MID,Chelsea,6.0,0.8,2.32,2.58,1.9,3.53,2.34,2.59,2.33,2.75,2.49,2.25,25.06
Kerkez,DEF,Liverpool,5.5,7.5,2.23,2.86,2.9,2.9,2.17,2.19,2.28,2.73,2.17,2.6,25.03
Buendía,MID,Aston Villa,6.0,0.8,2.35,2.25,2.83,2.68,2.5,2.66,2.43,2.27,2.68,2.33,24.98
Sánchez,GK,Chelsea,5.0,2.1,2.4,2.71,1.75,3.57,2.1,2.41,2.34,2.81,2.23,2.62,24.94
Branthwaite,DEF,Everton,5.5,2.4,2.79,2.04,2.23,2.34,3.13,3.06,2.44,1.7,2.18,3.03,24.94
Šeško,FWD,Man United,7.0,2.8,2.9,3.09,2.23,2.14,2.24,2.65,2.42,2.48,2.33,2.37,24.87
A.García,DEF,Aston Villa,4.0,1.5,2.24,2.2,3.05,2.78,2.57,2.6,2.37,2.17,2.9,2.0,24.87
Frimpong,DEF,Liverpool,5.5,3.1,2.41,2.81,2.9,2.78,2.22,2.16,2.16,2.67,2.13,2.48,24.72
Martinez,GK,Aston Villa,5.0,3.8,2.26,2.26,3.18,2.82,2.5,2.55,2.24,2.07,2.94,1.83,24.67
Hinshelwood,MID,Brighton,6.0,0.4,2.62,2.41,2.73,2.61,2.14,2.36,2.75,2.38,2.07,2.58,24.64
Muharemović,DEF,Leeds,5.0,0.7,2.4,2.55,2.19,2.75,3.0,1.78,2.38,2.6,2.09,2.88,24.61
Brobbey,FWD,Sunderland,6.0,19.2,2.59,2.61,2.36,2.08,2.13,2.49,2.47,2.62,2.68,2.49,24.51
Gusto,DEF,Chelsea,5.0,1.2,2.22,2.58,1.69,3.59,2.06,2.55,2.26,2.76,2.38,2.35,24.46
Tonali,MID,Tottenham,5.5,3.0,2.31,2.51,2.31,2.58,2.51,2.29,2.88,2.23,2.51,2.31,24.44
Sels,GK,Nott'm Forest,5.0,1.6,2.75,1.94,2.84,2.16,3.09,2.47,2.23,2.71,2.08,2.06,24.33
Reinildo,DEF,Sunderland,4.5,0.8,2.65,2.8,2.21,2.17,1.78,2.66,2.08,2.76,2.71,2.43,24.26
Spence,DEF,Tottenham,4.5,9.8,1.97,2.55,2.15,2.61,2.51,1.81,3.15,1.96,2.88,2.31,23.9
Reijnders,MID,Man City,6.0,0.3,2.48,2.15,2.92,2.1,2.34,2.17,3.07,2.1,2.39,2.17,23.88
J.Murphy,MID,Newcastle,6.0,0.2,2.43,2.26,2.36,2.15,3.08,2.41,2.42,2.12,2.45,2.17,23.84
A.Murphy,DEF,Newcastle,4.0,0.8,2.22,2.17,2.3,2.16,3.04,2.45,2.31,2.29,2.6,2.2,23.74
Reed,MID,Fulham,4.5,1.2,2.3,2.17,2.35,2.09,2.26,2.42,2.87,2.47,2.25,2.44,23.63
Dorgu,MID,Man United,6.0,2.1,2.68,2.86,2.18,2.14,2.07,2.41,2.21,2.44,2.17,2.4,23.56
Canvot,DEF,Crystal Palace,5.0,0.3,2.24,1.99,2.26,2.84,2.22,2.69,2.22,2.46,2.28,2.34,23.53
Savinho,MID,Man City,6.5,0.1,2.42,2.11,2.88,2.09,2.38,2.15,2.98,2.14,2.27,2.05,23.47
Lewis-Potter,MID,Brentford,5.5,0.9,2.44,2.19,2.38,2.26,2.39,2.15,2.33,2.65,2.5,2.17,23.46
Hughes,DEF,Hull,4.0,1.3,2.21,2.59,2.46,1.97,2.2,2.52,2.3,2.36,3.04,1.78,23.42
Osula,FWD,Newcastle,6.0,2.4,2.34,2.29,2.39,2.09,2.97,2.41,2.37,2.09,2.37,1.99,23.3
Brooks,MID,Bournemouth,5.0,0.2,1.91,2.44,2.34,2.39,2.37,2.14,2.33,2.11,2.53,2.64,23.2
Egan,DEF,Hull,4.0,1.2,2.13,2.56,2.46,1.96,2.12,2.57,2.26,2.45,2.95,1.69,23.16
Gomes,MID,Aston Villa,5.5,0.3,2.22,2.11,2.64,2.37,2.23,2.41,2.31,2.17,2.45,2.21,23.12
Sadiki,MID,Sunderland,5.0,0.5,2.45,2.43,2.3,2.17,2.09,2.35,2.18,2.34,2.32,2.31,22.95
Pope,GK,Newcastle,5.0,1.1,2.08,2.05,2.15,1.97,3.12,2.4,2.24,2.23,2.52,2.16,22.91
Burrowes,MID,Aston Villa,4.5,1.1,2.14,2.11,2.54,2.42,2.35,2.43,2.24,2.06,2.44,2.16,22.88
Smith Rowe,MID,Fulham,5.5,0.4,2.31,2.05,2.23,2.03,2.2,2.29,2.96,2.33,2.05,2.37,22.82
Tete,DEF,Fulham,4.5,0.2,2.16,2.16,2.47,1.72,2.05,2.45,3.13,2.4,1.92,2.35,22.8
Petrović,GK,Bournemouth,4.5,4.1,1.53,2.74,2.06,2.47,2.23,1.91,2.88,1.68,2.65,2.65,22.79
Meunier,DEF,Sunderland,4.5,0.7,2.52,2.53,2.11,2.04,1.66,2.5,2.02,2.55,2.5,2.3,22.74
Richarlison,FWD,Tottenham,6.0,1.4,2.09,2.38,2.13,2.24,2.37,2.07,2.77,2.07,2.38,2.12,22.62
Danso,DEF,Tottenham,5.0,0.2,2.06,2.38,2.1,2.48,2.3,1.85,2.66,1.93,2.61,2.12,22.48
Digne,DEF,Aston Villa,4.5,1.5,2.07,1.94,2.91,2.61,2.17,2.4,2.03,1.9,2.57,1.71,22.3
Dubravka,GK,Tottenham,4.0,23.1,1.91,2.38,2.13,2.57,2.27,1.57,2.88,1.71,2.71,2.1,22.22
Jacquet,DEF,Liverpool,5.0,1.6,2.08,2.46,2.45,2.49,2.03,2.04,1.98,2.44,1.97,2.23,22.17
Yarmoliuk,MID,Brentford,5.0,1.3,2.27,2.1,2.23,2.15,2.32,2.1,2.18,2.37,2.24,2.12,22.09
Davis,DEF,Ipswich,4.0,4.8,2.63,1.54,2.19,2.11,2.02,2.55,1.24,2.57,2.93,2.25,22.02
Jensen,MID,Brentford,5.5,0.1,2.27,2.11,2.22,2.05,2.23,1.96,2.33,2.57,2.28,1.91,21.93
Wright,FWD,Coventry,5.5,2.2,1.8,2.94,1.94,2.14,2.08,2.29,2.18,2.23,2.25,2.06,21.89
Yeremy,MID,Crystal Palace,5.5,0.2,2.05,2.07,1.98,2.7,2.06,2.27,1.92,2.37,2.11,2.27,21.8
Justin,DEF,Leeds,4.5,0.6,2.14,2.38,2.01,2.44,2.55,1.47,2.0,2.19,1.9,2.58,21.66
Ayari,MID,Brighton,5.5,0.6,2.29,2.03,2.35,2.33,1.94,2.07,2.32,2.14,1.87,2.28,21.62
Andrey Santos,MID,Man United,5.0,1.6,2.38,2.55,2.05,1.91,2.11,2.26,1.97,2.34,1.97,2.07,21.62
Barry,FWD,Everton,5.5,1.1,2.18,1.97,2.09,2.01,2.41,2.49,2.27,1.59,1.96,2.52,21.49
Sangaré,MID,Nott'm Forest,5.0,0.3,2.23,1.99,2.31,2.0,2.41,2.1,1.96,2.25,2.01,2.12,21.39
Marmoush,FWD,Man City,7.0,0.5,2.15,1.92,2.59,1.98,2.2,1.99,2.7,1.86,2.08,1.91,21.38
Amenda,DEF,Coventry,4.0,0.6,1.58,2.91,1.48,2.29,1.95,2.15,2.03,2.38,2.52,2.07,21.37
Tielemans,MID,Man United,6.0,1.1,2.48,2.48,1.93,2.0,1.89,2.32,2.0,2.13,1.95,2.16,21.35
Crooks,MID,Hull,4.5,0.7,2.07,2.15,2.12,2.03,2.11,2.26,2.07,2.12,2.44,1.91,21.27
Igor Jesus,FWD,Nott'm Forest,6.0,3.6,2.33,2.01,2.26,1.95,2.56,2.02,1.83,2.23,2.01,2.05,21.25
Soler,DEF,Bournemouth,4.0,0.6,1.62,2.38,1.95,2.27,2.13,1.85,2.5,1.68,2.44,2.38,21.21
Vicario,GK,Tottenham,4.5,1.8,1.78,2.23,1.99,2.44,2.25,1.49,2.77,1.72,2.58,1.95,21.2
Yoro,DEF,Man United,5.0,0.5,2.58,2.55,1.89,1.75,2.01,2.26,1.93,2.21,1.84,2.16,21.18
Ajayi,DEF,Hull,4.0,0.8,2.04,2.31,2.29,1.88,1.89,2.37,2.05,2.18,2.6,1.55,21.15
Nedeljkovic,DEF,Aston Villa,4.0,0.5,1.9,1.95,2.63,2.4,1.99,2.25,1.96,1.82,2.44,1.67,21.01
Dasilva,DEF,Coventry,4.0,0.6,1.46,2.88,1.47,2.2,1.96,2.16,2.01,2.37,2.41,2.05,20.98
Robertson,DEF,Tottenham,4.5,1.9,1.74,2.33,1.9,2.31,2.18,1.58,2.74,1.75,2.42,1.94,20.89
Delap,FWD,Chelsea,5.5,0.5,1.96,2.07,1.59,2.81,1.88,2.22,1.93,2.28,2.19,1.93,20.86
Giles,DEF,Hull,4.0,0.7,2.0,2.25,2.21,1.67,1.86,2.32,2.05,2.14,2.58,1.57,20.65
Berge,MID,Fulham,5.0,0.4,2.04,1.98,2.13,1.91,2.01,2.12,2.41,2.04,1.94,2.02,20.59
Lewis,DEF,Man City,4.5,0.2,2.06,1.95,2.49,1.65,2.25,1.69,2.61,1.85,2.08,1.9,20.53
Elanga,MID,Newcastle,6.0,0.6,2.09,1.97,2.11,1.86,2.51,2.1,2.06,1.89,2.07,1.86,20.51
Strand Larsen,FWD,Crystal Palace,6.0,0.7,1.95,1.95,1.91,2.41,1.96,2.14,1.89,2.11,1.96,2.22,20.48
Kinsky,GK,Tottenham,4.5,13.2,1.72,2.24,1.92,2.37,2.11,1.41,2.7,1.57,2.41,1.92,20.37
Kudus,MID,Tottenham,6.5,0.4,1.96,2.08,1.88,2.1,2.12,1.9,2.38,1.87,2.15,1.89,20.33
Ajer,DEF,Brentford,4.5,0.5,2.19,1.85,2.37,1.72,2.0,1.72,1.96,2.48,2.22,1.78,20.3
C.Jones,MID,Liverpool,5.5,0.1,1.97,2.21,2.2,2.22,1.97,1.89,1.97,2.13,1.78,1.94,20.28
Maatsen,DEF,Aston Villa,4.5,0.7,1.86,1.9,2.55,2.19,2.14,2.12,1.84,1.73,2.23,1.67,20.25
Mazraoui,DEF,Man United,4.5,0.9,2.47,2.54,1.82,1.66,1.87,2.25,1.89,2.01,1.64,2.08,20.22
Obi,FWD,Man United,4.5,1.2,2.42,2.39,1.83,1.81,1.77,2.13,1.81,2.08,1.8,2.13,20.18
Olusesi,MID,Tottenham,4.5,0.7,1.91,2.07,1.96,2.04,2.07,1.81,2.29,1.87,2.22,1.94,20.18
Hackney,MID,Everton,5.5,0.4,2.12,1.97,1.94,1.85,2.38,2.26,1.92,1.56,1.81,2.37,20.18
Bentancur,MID,Tottenham,5.5,0.1,1.99,2.06,1.89,2.03,2.12,1.91,2.2,1.89,2.09,1.97,20.16
Mainoo,MID,Man United,5.5,1.2,2.25,2.26,1.91,1.83,1.94,2.12,1.94,2.11,1.81,1.98,20.15
Adams,MID,Bournemouth,5.0,0.7,1.75,2.12,1.95,2.04,2.11,1.87,2.08,1.92,2.15,2.08,20.08
McAteer,MID,Ipswich,4.5,2.2,2.08,1.84,2.04,1.95,1.91,1.98,1.68,2.04,2.33,2.01,19.87
Hato,DEF,Chelsea,4.5,0.9,1.87,2.01,1.51,2.56,1.81,2.04,1.93,2.23,1.93,1.96,19.84
Castagne,DEF,Fulham,4.5,0.2,1.83,1.86,2.18,1.57,1.81,2.14,2.73,2.02,1.66,2.02,19.82
Diarra,MID,Sunderland,5.5,0.1,2.06,2.03,1.92,1.76,1.7,2.05,1.94,2.09,2.23,2.01,19.81
Hughes,MID,Crystal Palace,4.5,8.8,1.86,1.87,1.89,2.22,1.94,2.02,1.89,2.12,1.94,2.05,19.8
Souza,DEF,Tottenham,4.0,0.4,1.72,2.12,1.87,2.15,2.0,1.54,2.51,1.64,2.3,1.9,19.76
Bobb,MID,Fulham,5.5,0.5,2.0,1.85,1.96,1.74,1.93,2.08,2.37,1.96,1.8,2.0,19.69
Touré,MID,Newcastle,6.0,0.2,1.9,1.96,2.04,1.79,2.63,1.97,1.91,1.77,1.91,1.8,19.69
Henderson,GK,Crystal Palace,5.0,3.1,1.88,1.69,1.94,2.52,1.86,2.15,1.72,2.08,1.9,1.87,19.61
Amass,DEF,Man United,4.0,0.2,2.41,2.26,1.88,1.76,1.71,2.15,1.84,1.94,1.6,2.02,19.57
Hutchinson,MID,Nott'm Forest,5.5,0.2,2.1,1.84,2.06,1.82,2.4,1.88,1.79,2.06,1.78,1.83,19.56
Murillo,DEF,Nott'm Forest,5.5,0.1,3.1,1.52,2.17,1.61,2.37,1.89,1.62,2.04,1.55,1.63,19.49
Mings,DEF,Aston Villa,4.5,0.2,1.68,1.76,2.55,2.19,1.91,2.1,1.74,1.71,2.34,1.51,19.49
Kitching,DEF,Coventry,4.0,0.4,1.46,2.67,1.36,2.14,1.87,2.02,1.83,2.08,2.12,1.9,19.47
Palmer,GK,Ipswich,4.0,7.1,2.32,1.45,1.96,1.9,1.86,2.19,1.32,2.16,2.37,1.92,19.45
Kipré,DEF,Ipswich,4.0,0.4,2.21,1.54,1.86,1.9,1.96,2.19,1.37,2.13,2.38,1.89,19.44
Enes Ünal,FWD,Bournemouth,5.5,0.2,1.63,1.99,1.85,2.12,2.01,1.8,1.96,1.87,2.1,2.08,19.41
Lukić,MID,Fulham,5.0,0.1,1.91,1.76,1.98,1.75,1.95,1.99,2.34,1.91,1.75,2.02,19.35
Hjelde,DEF,Sunderland,4.0,0.4,2.15,2.2,1.75,1.77,1.37,2.14,1.77,2.18,2.06,1.94,19.33
Tel,MID,Tottenham,6.0,0.2,1.92,2.02,1.74,1.99,2.01,1.77,2.27,1.77,1.97,1.82,19.28
Pau,DEF,Aston Villa,4.5,0.2,1.79,1.65,2.46,2.22,1.87,2.12,1.82,1.71,2.17,1.46,19.26
Wilson,FWD,Brentford,5.5,0.4,2.03,1.72,2.01,1.77,2.05,1.69,2.0,2.31,1.88,1.76,19.24
Alleyne,DEF,Man City,5.0,0.0,2.01,1.74,2.35,1.47,2.12,1.65,2.36,1.62,2.08,1.81,19.21
Andrews,MID,Coventry,4.5,0.7,1.6,2.44,1.68,1.93,1.84,2.03,1.86,2.02,1.95,1.84,19.19
Muniz,FWD,Fulham,5.5,0.9,1.97,1.73,1.83,1.69,1.91,2.02,2.34,1.98,1.74,1.94,19.13
Diop,DEF,Ipswich,4.0,21.6,2.29,1.38,1.89,1.91,1.8,2.28,1.12,2.12,2.41,1.93,19.13
Kamada,MID,Crystal Palace,5.0,0.3,1.77,1.85,1.81,2.22,1.87,2.0,1.72,1.99,1.89,2.0,19.12
Dowman,MID,Arsenal,5.5,0.1,2.31,1.58,2.0,1.73,1.74,2.01,1.83,2.01,1.67,2.25,19.12
Fletcher,MID,Man United,4.5,0.3,2.1,2.27,1.81,1.66,1.78,2.05,1.8,1.92,1.84,1.84,19.07
Wharton,MID,Crystal Palace,5.5,0.2,1.79,1.68,1.88,2.32,1.86,1.95,1.76,2.0,1.78,1.98,19.01
Johnson,MID,Crystal Palace,6.0,0.1,1.87,1.81,1.77,2.26,1.81,1.94,1.76,2.02,1.8,1.93,18.98
Mount,MID,Man United,5.5,0.1,2.02,2.29,1.71,1.68,1.73,2.05,1.83,1.9,1.78,1.85,18.84
Jair Cunha,DEF,Nott'm Forest,4.5,1.3,2.03,1.61,2.17,1.65,2.39,1.85,1.71,2.01,1.68,1.75,18.84
Ramsay,DEF,Liverpool,4.0,0.2,1.74,2.15,2.13,1.98,1.7,1.75,1.67,2.11,1.77,1.8,18.8
Christie,MID,Bournemouth,5.0,0.2,1.62,1.93,1.79,2.03,1.92,1.76,1.93,1.79,2.02,1.97,18.77
Coyle,DEF,Hull,4.0,0.4,1.8,2.03,1.96,1.59,1.76,2.03,1.75,1.92,2.45,1.43,18.72
Furlong,DEF,Ipswich,4.0,0.3,2.21,1.4,1.8,1.89,1.78,2.05,1.29,2.13,2.19,1.97,18.71
O'Nien,DEF,Sunderland,4.0,2.4,2.04,2.17,1.75,1.69,1.36,2.03,1.62,2.06,2.07,1.9,18.68
Janelt,MID,Brentford,5.0,0.1,2.04,1.8,1.88,1.73,1.89,1.74,1.84,2.08,1.93,1.7,18.63
Nmecha,FWD,Leeds,5.5,0.7,1.82,1.97,1.69,2.08,1.99,1.47,1.88,1.8,1.78,2.12,18.61
Adli,MID,Bournemouth,5.0,0.2,1.57,1.96,1.77,1.96,1.95,1.75,1.88,1.75,2.04,1.97,18.6
Yates,MID,Nott'm Forest,4.5,6.2,1.89,1.76,2.07,1.67,2.14,1.81,1.67,1.94,1.87,1.77,18.59
Belloumi,MID,Hull,5.0,0.7,1.82,1.92,1.83,1.71,1.8,1.97,1.75,1.98,2.2,1.58,18.56
Zirkzee,FWD,Man United,5.5,0.3,2.14,2.17,1.62,1.62,1.75,2.03,1.75,1.91,1.68,1.79,18.46
Georginio,FWD,Brighton,5.5,1.0,1.98,1.86,2.01,1.96,1.62,1.75,1.93,1.8,1.64,1.83,18.38
J.Ramsey,MID,Newcastle,5.0,0.4,1.88,1.73,1.83,1.78,2.2,1.84,1.79,1.78,1.83,1.7,18.36
Baleba,MID,Brighton,5.0,0.5,1.86,1.75,1.95,1.98,1.75,1.81,1.95,1.72,1.62,1.94,18.31
Mason-Clark,MID,Coventry,5.5,0.4,1.49,2.41,1.63,1.81,1.74,1.91,1.75,1.93,1.85,1.72,18.25
Gallagher,MID,Tottenham,5.5,0.2,1.67,1.87,1.75,1.88,1.88,1.72,2.09,1.73,1.91,1.74,18.24
Udogie,DEF,Tottenham,4.5,0.4,1.6,1.88,1.78,2.0,1.91,1.33,2.33,1.54,2.19,1.69,18.24
Vitor Reis,DEF,Man City,4.5,0.0,1.84,1.77,2.16,1.59,2.0,1.45,2.23,1.61,1.83,1.74,18.21
Dowell,MID,Hull,4.5,0.8,1.74,1.84,1.85,1.86,1.79,1.93,1.87,1.79,1.96,1.58,18.21
N.Gonzalez,MID,Man City,5.5,0.1,1.78,1.75,2.05,1.66,1.89,1.68,2.05,1.76,1.8,1.75,18.17
Joelinton,MID,Newcastle,5.5,0.0,1.79,1.72,1.78,1.76,2.15,1.91,1.77,1.74,1.83,1.72,18.17
Bendito Mantato,MID,Man United,4.5,0.2,2.02,2.25,1.66,1.64,1.55,1.88,1.7,1.86,1.7,1.88,18.14
Schär,DEF,Newcastle,5.0,0.0,1.75,1.7,1.73,1.61,2.37,1.89,1.71,1.68,1.96,1.72,18.13
Awoniyi,FWD,Nott'm Forest,5.5,0.4,2.0,1.76,1.95,1.7,2.11,1.74,1.56,1.96,1.68,1.65,18.12
McBurnie,FWD,Hull,5.5,2.5,1.88,1.92,1.81,1.67,1.65,1.86,1.66,1.97,2.19,1.48,18.07
Furo,FWD,Brentford,4.5,1.0,1.92,1.66,1.85,1.66,1.86,1.65,1.82,2.07,1.87,1.52,17.88
Steele,GK,Brighton,4.0,6.4,1.91,1.52,2.1,2.03,1.7,1.93,2.18,1.49,1.2,1.8,17.86
Scarlett,FWD,Tottenham,4.5,1.6,1.62,1.94,1.68,1.84,1.76,1.62,2.3,1.73,1.79,1.58,17.86
O'Shea,DEF,Ipswich,4.0,1.3,2.22,1.23,1.75,1.78,1.61,2.06,0.99,1.99,2.36,1.82,17.82
Aznou,DEF,Everton,4.0,0.2,1.94,1.49,1.56,1.64,2.13,2.11,1.73,1.27,1.56,2.27,17.7
Fábio Vieira,MID,Arsenal,5.5,0.0,2.04,1.58,1.88,1.65,1.45,1.78,1.64,1.73,1.55,2.39,17.69
Fredricson,DEF,Man United,4.0,0.1,1.99,2.11,1.65,1.39,1.61,2.0,1.61,1.86,1.53,1.94,17.69
Walle Egeli,FWD,Ipswich,4.5,2.1,1.96,1.58,1.93,1.61,1.67,1.78,1.48,1.78,2.02,1.83,17.65
Bindon,DEF,Nott'm Forest,4.0,0.2,1.93,1.5,2.0,1.58,2.07,1.79,1.53,2.07,1.57,1.54,17.58
Destan,FWD,Hull,4.5,2.9,1.8,1.93,1.8,1.64,1.72,1.75,1.66,1.8,2.05,1.41,17.55
P.M.Sarr,MID,Tottenham,5.0,0.4,1.72,1.75,1.69,1.84,1.72,1.59,2.0,1.66,1.88,1.7,17.54
Bidwell,DEF,Coventry,4.0,0.2,1.27,2.45,1.21,1.88,1.61,1.94,1.7,1.91,1.9,1.61,17.48
Howell,MID,Brighton,4.5,0.3,1.89,1.7,1.95,1.84,1.62,1.68,1.92,1.64,1.48,1.67,17.39
Bassette,FWD,Coventry,4.5,2.1,1.43,2.19,1.49,1.75,1.62,1.94,1.75,1.74,1.86,1.61,17.38
Kesler-Hayden,DEF,Coventry,4.0,0.2,1.25,2.35,1.31,1.76,1.6,1.77,1.73,1.88,1.97,1.74,17.37
Latibeaudiere,DEF,Coventry,4.0,0.2,1.29,2.32,1.22,1.81,1.63,1.79,1.66,1.91,2.08,1.67,17.36
McNeil,MID,Everton,5.5,0.1,1.72,1.63,1.69,1.56,2.03,1.98,1.76,1.36,1.63,1.99,17.34
Schuster,DEF,Brentford,4.5,0.1,1.91,1.64,1.94,1.51,1.68,1.49,1.67,2.04,1.85,1.58,17.32
M.Sarr,DEF,Chelsea,4.5,0.1,1.61,1.81,1.33,2.44,1.57,1.73,1.65,1.86,1.61,1.71,17.31
Mukasa,MID,Man City,4.5,0.1,1.96,1.61,2.04,1.57,1.66,1.66,1.97,1.54,1.76,1.54,17.29
Abbott,DEF,Nott'm Forest,4.0,0.2,1.88,1.52,1.98,1.48,2.11,1.74,1.52,2.0,1.45,1.54,17.23
Ndoye,MID,Nott'm Forest,5.5,0.6,1.83,1.63,1.83,1.66,1.94,1.66,1.51,1.82,1.65,1.66,17.18
Lucky,DEF,Liverpool,4.0,0.1,1.58,1.91,1.93,2.02,1.5,1.6,1.56,1.76,1.63,1.71,17.18
Trafford,GK,Man City,5.0,1.0,1.7,1.71,2.06,1.35,1.99,1.36,2.08,1.5,1.74,1.68,17.17
Zambrano,MID,Hull,4.5,0.6,1.75,1.8,1.75,1.65,1.64,1.77,1.68,1.76,1.86,1.49,17.14
Arrizabalaga,GK,Arsenal,5.0,0.3,1.85,1.52,1.65,1.75,1.57,1.8,1.66,1.78,1.47,2.09,17.14
Nketiah,FWD,Crystal Palace,5.5,0.4,1.63,1.55,1.62,2.12,1.64,1.75,1.58,1.78,1.62,1.8,17.09
O.Richards,DEF,Nott'm Forest,4.0,0.2,2.01,1.42,1.94,1.52,2.12,1.69,1.47,1.85,1.5,1.5,17.04
Neave,FWD,Newcastle,4.5,0.7,1.72,1.52,1.74,1.52,2.38,1.7,1.67,1.48,1.65,1.64,17.02
Phillips,DEF,Tottenham,4.5,0.1,1.57,1.82,1.63,1.81,1.78,1.36,2.15,1.42,1.89,1.55,16.98
Elliott,MID,Liverpool,5.5,0.1,1.61,1.75,1.9,1.9,1.58,1.61,1.69,1.76,1.47,1.7,16.98
Emegha,FWD,Chelsea,5.0,0.5,1.64,1.66,1.33,2.32,1.62,1.71,1.55,1.95,1.75,1.45,16.97
Cook,MID,Bournemouth,5.0,0.1,1.55,1.75,1.65,1.75,1.76,1.62,1.66,1.59,1.79,1.8,16.91
D.Essugo,MID,Chelsea,4.5,0.2,1.59,1.67,1.46,2.17,1.63,1.7,1.63,1.77,1.67,1.61,16.89
McCarthy,DEF,Hull,4.0,0.2,1.49,1.88,1.72,1.41,1.57,1.94,1.61,1.78,2.18,1.26,16.85
McConnell,MID,Liverpool,4.5,0.2,1.61,1.79,1.78,1.71,1.65,1.51,1.64,1.82,1.58,1.74,16.83
Quenda,MID,Chelsea,5.5,0.1,1.57,1.67,1.34,2.27,1.59,1.81,1.57,1.76,1.65,1.6,16.83
Steur,MID,Newcastle,5.0,0.1,1.61,1.61,1.73,1.62,2.11,1.74,1.62,1.6,1.7,1.49,16.83
Isidor,FWD,Sunderland,5.5,1.5,1.82,1.71,1.64,1.46,1.42,1.8,1.63,1.81,1.77,1.74,16.79
Tanaka,MID,Leeds,5.0,0.3,1.67,1.72,1.52,1.79,1.8,1.42,1.72,1.68,1.67,1.78,16.77
Monga,MID,Man City,5.0,0.0,1.71,1.53,1.99,1.45,1.75,1.55,1.99,1.57,1.67,1.51,16.72
Echeverri,MID,Man City,5.0,0.0,1.75,1.52,1.97,1.56,1.73,1.5,1.98,1.51,1.63,1.57,16.72
J.Araujo,DEF,Bournemouth,4.5,0.1,1.22,1.95,1.45,1.73,1.71,1.4,2.05,1.35,1.9,1.93,16.69
G.Jesus,FWD,Arsenal,6.0,0.2,1.97,1.48,1.72,1.45,1.49,1.77,1.41,1.66,1.5,2.21,16.66
McNair,DEF,Hull,4.0,0.2,1.6,1.79,1.72,1.43,1.58,1.9,1.67,1.71,2.02,1.25,16.66
King,MID,Fulham,5.5,0.1,1.63,1.47,1.67,1.53,1.73,1.69,2.02,1.72,1.44,1.67,16.57
Barkley,MID,Aston Villa,5.0,0.1,1.58,1.41,1.99,1.66,1.66,1.73,1.62,1.6,1.79,1.51,16.55
Mingueza,DEF,Crystal Palace,4.5,0.1,1.53,1.41,1.65,2.07,1.56,1.77,1.49,1.78,1.6,1.68,16.54
Rodríguez,FWD,Bournemouth,6.0,0.2,1.39,1.71,1.64,1.67,1.7,1.56,1.68,1.5,1.85,1.84,16.53
Adingra,MID,Sunderland,5.0,0.4,1.79,1.7,1.59,1.46,1.45,1.65,1.61,1.78,1.78,1.72,16.53
Hirst,FWD,Ipswich,5.0,0.6,1.6,1.55,1.68,1.57,1.58,1.76,1.53,1.68,1.84,1.71,16.51
George Hemmings,MID,Aston Villa,4.5,0.2,1.54,1.45,1.91,1.78,1.58,1.79,1.6,1.57,1.73,1.56,16.51
Oriola,MID,Brighton,4.5,0.2,1.76,1.54,1.78,1.82,1.55,1.57,1.69,1.55,1.46,1.79,16.5
Heaven,DEF,Man United,4.5,0.4,1.96,1.95,1.53,1.41,1.61,1.67,1.58,1.56,1.47,1.74,16.48
Kovačić,MID,Man City,5.5,0.0,1.71,1.49,1.88,1.54,1.7,1.48,1.99,1.54,1.65,1.48,16.48
Livramento,DEF,Newcastle,5.0,0.1,1.51,1.49,1.62,1.39,2.31,1.69,1.65,1.57,1.77,1.48,16.47
Brau,DEF,Coventry,4.0,0.1,1.2,2.24,1.14,1.76,1.5,1.69,1.53,1.91,1.92,1.56,16.46
Svoboda,DEF,Brighton,5.0,0.0,1.75,1.49,1.86,1.86,1.54,1.69,1.91,1.4,1.2,1.76,16.46
Davies,DEF,Tottenham,4.0,0.7,1.47,1.77,1.54,1.81,1.7,1.28,2.05,1.4,1.89,1.52,16.43
Lerma,MID,Crystal Palace,5.0,0.1,1.61,1.56,1.54,1.81,1.53,1.71,1.61,1.76,1.59,1.68,16.41
Grimes,MID,Coventry,5.0,0.3,1.36,2.02,1.52,1.72,1.54,1.74,1.65,1.66,1.62,1.58,16.41
Byfield,DEF,Tottenham,4.0,0.1,1.48,1.78,1.46,1.83,1.6,1.29,2.0,1.44,1.9,1.49,16.28
Chiesa,MID,Liverpool,5.5,0.1,1.59,1.73,1.82,1.68,1.63,1.54,1.66,1.67,1.4,1.55,16.27
Shepherd,MID,Coventry,4.5,0.3,1.37,1.91,1.39,1.64,1.65,1.68,1.58,1.68,1.69,1.59,16.16
Coppola,DEF,Brighton,4.5,0.0,1.7,1.45,1.95,1.73,1.5,1.66,1.85,1.46,1.18,1.68,16.16
Talbi,MID,Sunderland,5.5,0.3,1.83,1.63,1.53,1.5,1.43,1.63,1.48,1.68,1.75,1.66,16.13
Gannon-Doak,MID,Bournemouth,5.0,0.1,1.3,1.64,1.56,1.85,1.61,1.46,1.68,1.46,1.8,1.78,16.13
Ji-soo,DEF,Brentford,4.5,0.0,1.91,1.5,1.86,1.39,1.57,1.33,1.58,1.94,1.67,1.37,16.11
Rowswell,DEF,Tottenham,4.0,0.1,1.41,1.7,1.59,1.71,1.6,1.24,2.08,1.35,1.83,1.55,16.06
Thomas-Asante,FWD,Coventry,5.0,1.0,1.24,2.25,1.36,1.64,1.54,1.68,1.55,1.67,1.63,1.48,16.03
Collyer,MID,Man United,5.0,0.0,1.76,2.07,1.54,1.38,1.47,1.78,1.44,1.54,1.37,1.64,15.99
Meslier,GK,Arsenal,5.0,0.1,1.77,1.41,1.51,1.63,1.52,1.63,1.51,1.67,1.3,2.03,15.99
Taylor,MID,Ipswich,4.5,0.5,1.59,1.51,1.64,1.51,1.52,1.67,1.49,1.62,1.74,1.7,15.98
Slater,MID,Hull,4.5,0.4,1.61,1.7,1.61,1.59,1.54,1.59,1.46,1.65,1.83,1.33,15.9
Torp,MID,Coventry,5.5,0.2,1.29,2.0,1.44,1.64,1.5,1.63,1.62,1.66,1.6,1.51,15.89
Lacey,MID,Man United,5.0,0.0,1.82,1.9,1.47,1.28,1.47,1.71,1.45,1.61,1.51,1.63,15.87
Hudson-Odoi,MID,Nott'm Forest,6.0,0.0,1.72,1.49,1.73,1.45,1.99,1.47,1.33,1.62,1.51,1.55,15.86
Philogene,MID,Ipswich,5.5,0.3,1.66,1.46,1.59,1.48,1.5,1.63,1.37,1.64,1.86,1.61,15.79
Nørgaard,MID,Arsenal,5.0,0.1,1.82,1.42,1.58,1.45,1.39,1.65,1.44,1.6,1.46,1.96,15.76
J.Fletcher,MID,Man United,5.0,0.0,1.67,1.92,1.43,1.44,1.51,1.72,1.51,1.6,1.45,1.48,15.74
Mheuka,FWD,Chelsea,4.5,0.3,1.5,1.5,1.21,2.04,1.47,1.67,1.43,1.84,1.69,1.35,15.71
Sakamoto,MID,Coventry,5.0,0.2,1.28,2.01,1.29,1.63,1.57,1.68,1.52,1.58,1.69,1.45,15.71
Yohanna,MID,Brighton,5.0,0.1,1.6,1.52,1.74,1.71,1.37,1.52,1.71,1.41,1.35,1.66,15.6
Onyeka,MID,Coventry,5.0,0.2,1.31,1.92,1.28,1.59,1.48,1.67,1.55,1.65,1.67,1.46,15.58
Bailey,MID,Aston Villa,5.5,0.1,1.44,1.37,1.89,1.67,1.49,1.59,1.53,1.47,1.66,1.47,15.57
Greaves,DEF,Ipswich,4.0,0.7,1.85,1.07,1.51,1.5,1.52,1.76,0.88,1.83,2.05,1.59,15.56
Costinha,DEF,Brighton,4.5,0.0,1.7,1.39,1.77,1.78,1.42,1.56,1.78,1.33,1.15,1.66,15.53
Harrison,MID,Leeds,5.0,0.1,1.48,1.64,1.41,1.67,1.67,1.31,1.63,1.47,1.53,1.73,15.53
Kevin,MID,Fulham,5.5,0.1,1.55,1.44,1.61,1.41,1.5,1.58,1.83,1.58,1.45,1.57,15.51
Nwaneri,MID,Arsenal,5.5,0.0,1.81,1.38,1.57,1.38,1.35,1.59,1.47,1.61,1.38,1.95,15.49
Cardines,DEF,Crystal Palace,4.5,0.0,1.47,1.39,1.57,1.97,1.42,1.66,1.37,1.66,1.45,1.51,15.46
Morato,DEF,Nott'm Forest,5.0,0.0,1.72,1.3,1.71,1.4,1.78,1.64,1.4,1.68,1.45,1.38,15.46
Alcaraz,MID,Everton,5.0,0.1,1.53,1.42,1.54,1.5,1.8,1.65,1.48,1.26,1.46,1.82,15.46
Gray,MID,Tottenham,5.0,0.2,1.53,1.6,1.49,1.55,1.58,1.43,1.68,1.48,1.57,1.51,15.43
Koumas,MID,Liverpool,5.0,0.0,1.48,1.63,1.49,1.62,1.55,1.45,1.56,1.64,1.45,1.51,15.38
Seelt,DEF,Sunderland,4.5,0.0,1.67,1.71,1.39,1.4,1.16,1.69,1.35,1.81,1.67,1.52,15.37
Núñez,MID,Ipswich,5.0,0.2,1.62,1.41,1.53,1.41,1.53,1.65,1.32,1.52,1.72,1.6,15.31
Piroe,FWD,Leeds,5.0,0.5,1.45,1.61,1.42,1.69,1.66,1.24,1.65,1.38,1.53,1.66,15.29
Netz,DEF,Nott'm Forest,4.5,0.0,1.63,1.28,1.88,1.33,1.92,1.59,1.4,1.55,1.34,1.35,15.27
Gelhardt,MID,Leeds,5.0,0.1,1.46,1.63,1.39,1.66,1.6,1.23,1.51,1.49,1.52,1.75,15.25
Jacob,DEF,Hull,4.0,0.1,1.39,1.7,1.6,1.29,1.43,1.66,1.42,1.63,1.95,1.16,15.24
Willock,MID,Newcastle,5.0,0.1,1.53,1.43,1.57,1.44,1.85,1.5,1.55,1.39,1.51,1.4,15.18
Mateo Joseph,FWD,Leeds,4.5,0.6,1.51,1.53,1.41,1.6,1.51,1.29,1.43,1.52,1.6,1.74,15.17
Sosa,DEF,Crystal Palace,4.5,0.0,1.48,1.32,1.4,1.8,1.43,1.66,1.39,1.73,1.43,1.54,15.17
Gittens,MID,Chelsea,6.0,0.0,1.49,1.53,1.26,1.89,1.47,1.57,1.34,1.66,1.51,1.43,15.15
Drameh,DEF,Hull,4.0,0.1,1.37,1.62,1.59,1.35,1.41,1.64,1.45,1.62,1.95,1.14,15.15
Dasilva,MID,Brentford,5.0,0.0,1.68,1.3,1.58,1.41,1.6,1.36,1.49,1.8,1.53,1.41,15.14
George,MID,Everton,5.5,0.1,1.48,1.42,1.45,1.44,1.72,1.66,1.54,1.29,1.39,1.74,15.12
Moore,MID,Tottenham,5.0,0.1,1.38,1.58,1.41,1.66,1.48,1.34,1.72,1.45,1.63,1.48,15.12
Borges Rodrigues,MID,Coventry,4.5,0.2,1.27,1.8,1.38,1.43,1.57,1.59,1.44,1.57,1.61,1.42,15.08
Doucouré,MID,Crystal Palace,5.0,0.1,1.44,1.38,1.49,1.81,1.45,1.52,1.38,1.63,1.46,1.5,15.07
M.França,MID,Crystal Palace,5.0,0.1,1.36,1.4,1.42,1.7,1.43,1.61,1.43,1.62,1.47,1.62,15.06
Henry,DEF,Brentford,4.5,0.2,1.62,1.47,1.69,1.32,1.49,1.34,1.44,1.73,1.62,1.32,15.04
Simms,FWD,Coventry,5.0,0.8,1.24,2.07,1.29,1.59,1.42,1.6,1.48,1.45,1.53,1.35,15.03
Tsimikas,DEF,Liverpool,5.0,0.1,1.47,1.68,1.73,1.67,1.31,1.34,1.45,1.62,1.25,1.52,15.03
Gomez,DEF,Liverpool,5.0,0.2,1.4,1.7,1.63,1.75,1.38,1.34,1.32,1.59,1.34,1.48,14.93
Dominguez,MID,Nott'm Forest,5.0,0.1,1.62,1.45,1.64,1.4,1.68,1.37,1.34,1.58,1.43,1.43,14.93
Gyabi,MID,Hull,4.5,0.3,1.5,1.56,1.54,1.41,1.45,1.52,1.5,1.46,1.69,1.29,14.92
Burstow,FWD,Hull,4.5,1.3,1.5,1.57,1.53,1.46,1.37,1.5,1.43,1.51,1.79,1.23,14.9
Tosin,DEF,Chelsea,4.5,0.2,1.45,1.55,1.16,1.96,1.32,1.51,1.39,1.67,1.45,1.44,14.89
Mundle,MID,Sunderland,5.0,0.0,1.55,1.49,1.43,1.34,1.33,1.49,1.45,1.52,1.58,1.59,14.77
Drakes-Thomas,MID,Crystal Palace,4.5,0.1,1.47,1.49,1.4,1.61,1.48,1.51,1.4,1.46,1.43,1.49,14.75
Iroegbunam,MID,Everton,5.0,0.1,1.5,1.4,1.41,1.42,1.57,1.58,1.5,1.36,1.36,1.64,14.74
Iling Jr,MID,Aston Villa,5.0,0.0,1.43,1.3,1.7,1.57,1.42,1.59,1.51,1.36,1.51,1.34,14.72
Angulo,MID,Sunderland,5.0,0.1,1.54,1.57,1.34,1.3,1.28,1.5,1.5,1.55,1.53,1.6,14.7
Fatawu,MID,Ipswich,5.5,0.4,1.49,1.38,1.45,1.46,1.44,1.5,1.25,1.52,1.66,1.54,14.69
Nyoni,MID,Liverpool,5.0,0.0,1.45,1.58,1.63,1.58,1.39,1.41,1.48,1.42,1.31,1.4,14.64
Tóth.A,MID,Bournemouth,5.0,0.0,1.28,1.56,1.4,1.49,1.59,1.37,1.53,1.25,1.6,1.57,14.64
Buonanotte,MID,Brighton,5.0,0.1,1.53,1.4,1.55,1.6,1.33,1.43,1.51,1.39,1.27,1.6,14.6
Alysson,MID,Aston Villa,5.0,0.0,1.34,1.33,1.64,1.51,1.46,1.57,1.43,1.32,1.61,1.36,14.58
Watson,MID,Brighton,5.0,0.0,1.56,1.34,1.67,1.55,1.35,1.44,1.52,1.33,1.3,1.5,14.57
Guessand,MID,Aston Villa,5.5,0.0,1.44,1.3,1.63,1.54,1.5,1.45,1.43,1.36,1.57,1.31,14.52
Kostoulas,FWD,Brighton,5.5,0.3,1.57,1.34,1.55,1.58,1.31,1.39,1.55,1.4,1.23,1.59,14.51
Diakité,DEF,Bournemouth,5.0,0.2,1.11,1.65,1.4,1.68,1.4,1.27,1.63,1.21,1.55,1.59,14.48
Clarke,MID,Ipswich,5.5,0.3,1.48,1.4,1.47,1.41,1.4,1.48,1.29,1.5,1.57,1.45,14.45
Bergvall,MID,Tottenham,5.5,0.2,1.32,1.46,1.39,1.52,1.52,1.29,1.65,1.35,1.53,1.42,14.45
Emersonn,FWD,Ipswich,5.5,0.4,1.44,1.3,1.46,1.32,1.29,1.58,1.31,1.45,1.67,1.59,14.43
J.Cuenca,DEF,Fulham,4.5,0.0,1.47,1.37,1.53,1.17,1.38,1.49,1.78,1.52,1.17,1.47,14.33
J.Rak-Sakyi,MID,Crystal Palace,5.0,0.0,1.34,1.32,1.37,1.69,1.39,1.45,1.38,1.41,1.39,1.49,14.23
Matusiwa,MID,Ipswich,5.0,0.1,1.43,1.28,1.55,1.34,1.35,1.49,1.27,1.47,1.58,1.44,14.19
Longstaff,MID,Leeds,5.0,0.1,1.38,1.55,1.35,1.52,1.49,1.21,1.47,1.35,1.39,1.44,14.15
Akpom,FWD,Ipswich,5.0,0.5,1.33,1.29,1.48,1.34,1.29,1.59,1.24,1.45,1.54,1.54,14.08
Eccles,MID,Coventry,5.0,0.1,1.2,1.85,1.23,1.43,1.33,1.37,1.34,1.47,1.45,1.37,14.04
Szmodics,MID,Ipswich,5.0,0.1,1.42,1.23,1.46,1.35,1.3,1.44,1.23,1.44,1.68,1.47,14.02
Henderson,MID,Brentford,5.0,0.0,1.38,1.37,1.43,1.36,1.42,1.3,1.44,1.54,1.42,1.35,14.01
Acheampong,DEF,Chelsea,4.5,0.2,1.34,1.45,1.11,1.85,1.23,1.47,1.29,1.45,1.37,1.4,13.96
Kamara,MID,Aston Villa,5.0,0.1,1.32,1.27,1.63,1.43,1.39,1.41,1.37,1.31,1.5,1.32,13.95
Carvalho,MID,Brentford,5.0,0.0,1.44,1.32,1.37,1.3,1.41,1.31,1.35,1.68,1.43,1.31,13.91
Nelson,MID,Arsenal,5.5,0.0,1.56,1.28,1.52,1.27,1.19,1.45,1.23,1.33,1.27,1.76,13.86
Jocelin.T,MID,Sunderland,5.0,0.0,1.49,1.44,1.38,1.27,1.16,1.38,1.3,1.53,1.45,1.42,13.82
Kalimuendo,FWD,Nott'm Forest,5.5,0.1,1.4,1.29,1.58,1.22,1.7,1.18,1.28,1.53,1.3,1.26,13.75
Marc Guiu,FWD,Chelsea,5.0,0.5,1.29,1.39,1.03,1.89,1.24,1.42,1.36,1.47,1.43,1.21,13.74
Mehmeti,MID,Ipswich,5.0,0.1,1.42,1.16,1.45,1.37,1.3,1.39,1.21,1.38,1.67,1.36,13.7
Gruev,MID,Leeds,5.0,0.0,1.33,1.44,1.3,1.39,1.35,1.25,1.42,1.35,1.36,1.43,13.62
Darlow,GK,Man United,4.5,0.1,1.63,1.67,1.27,1.12,1.3,1.53,1.27,1.36,1.1,1.37,13.61
Esse,MID,Crystal Palace,5.0,0.0,1.36,1.25,1.38,1.57,1.31,1.33,1.19,1.43,1.32,1.46,13.59
Lecomte,GK,Fulham,4.0,1.9,1.26,1.36,1.5,0.99,1.2,1.4,1.81,1.39,1.18,1.39,13.5
Smith,DEF,Bournemouth,4.5,0.1,0.98,1.55,1.28,1.42,1.38,1.18,1.57,1.08,1.54,1.51,13.48
Millar,MID,Hull,5.0,0.1,1.34,1.4,1.42,1.33,1.25,1.39,1.19,1.34,1.63,1.12,13.43
Ogbene,MID,Ipswich,5.0,0.0,1.37,1.22,1.34,1.28,1.36,1.29,1.15,1.36,1.48,1.46,13.32
Rudoni,MID,Coventry,5.0,0.4,1.12,1.57,1.18,1.38,1.31,1.37,1.32,1.32,1.42,1.29,13.28
Akintola,MID,Hull,5.0,0.1,1.37,1.45,1.38,1.2,1.31,1.39,1.24,1.3,1.46,1.09,13.19
Hickey,DEF,Brentford,4.5,0.1,1.41,1.21,1.42,1.16,1.36,1.19,1.27,1.56,1.41,1.19,13.18
Gnonto,MID,Leeds,5.0,0.1,1.3,1.34,1.3,1.28,1.34,1.23,1.36,1.32,1.27,1.4,13.16
Cairney,MID,Fulham,5.0,0.0,1.32,1.23,1.23,1.27,1.35,1.3,1.58,1.34,1.15,1.32,13.09
Markelo,FWD,Coventry,5.0,0.1,1.02,1.73,1.16,1.29,1.24,1.36,1.3,1.29,1.41,1.3,13.07
Tchaouna,MID,Coventry,5.5,0.1,1.17,1.54,1.15,1.31,1.19,1.37,1.35,1.33,1.34,1.24,13.0
James,MID,Leeds,5.0,0.1,1.25,1.31,1.24,1.42,1.3,1.16,1.35,1.27,1.24,1.4,12.94
Phillips,MID,Man City,5.0,0.0,1.32,1.25,1.56,1.13,1.3,1.21,1.44,1.2,1.19,1.23,12.84
Al-Hamadi,FWD,Ipswich,5.0,0.2,1.23,1.17,1.37,1.18,1.2,1.39,1.06,1.39,1.49,1.33,12.8
McAtee,MID,Nott'm Forest,5.5,0.0,1.37,1.19,1.27,1.19,1.54,1.23,1.12,1.34,1.24,1.17,12.67
O'Riley,MID,Brighton,5.5,0.1,1.31,1.2,1.32,1.4,1.12,1.16,1.44,1.24,1.1,1.37,12.67
Dovin,GK,Coventry,4.0,4.3,0.78,1.85,0.72,1.38,1.2,1.35,1.12,1.46,1.64,1.14,12.64
Lavia,MID,Chelsea,5.0,0.0,1.19,1.27,1.13,1.49,1.19,1.29,1.21,1.32,1.26,1.23,12.59
Matthews,GK,Crystal Palace,4.0,1.5,1.19,1.08,1.24,1.58,1.13,1.4,1.1,1.26,1.2,1.23,12.42
Ömür,MID,Hull,5.0,0.0,1.21,1.33,1.28,1.14,1.19,1.25,1.26,1.2,1.51,1.02,12.38
Bettinelli,GK,Man City,4.5,0.0,1.17,1.24,1.47,0.93,1.43,1.0,1.51,1.09,1.3,1.19,12.32
Rushworth,GK,Brighton,4.5,0.4,1.26,1.11,1.43,1.36,1.12,1.3,1.5,1.0,0.85,1.32,12.25
Armstrong,MID,Everton,5.0,0.1,1.23,1.13,1.22,1.17,1.37,1.32,1.23,1.03,1.14,1.38,12.22
Abraham,FWD,Aston Villa,5.5,0.0,1.13,1.07,1.46,1.28,1.17,1.26,1.21,1.11,1.26,1.19,12.15
Burns,MID,Ipswich,5.0,0.1,1.23,1.12,1.22,1.21,1.21,1.24,1.03,1.28,1.38,1.22,12.13
Johnson,DEF,Ipswich,4.0,0.2,1.44,0.92,1.21,1.21,1.14,1.28,0.8,1.36,1.53,1.21,12.1
Boscagli,DEF,Brighton,4.5,0.1,1.25,1.09,1.35,1.32,1.16,1.26,1.38,1.13,0.94,1.2,12.09
Lewis-Skelly,MID,Arsenal,5.5,0.3,1.29,1.16,1.19,1.18,1.13,1.2,1.15,1.2,1.16,1.37,12.03
Wilson,GK,Coventry,4.5,1.0,0.74,1.79,0.66,1.27,1.1,1.26,1.11,1.33,1.44,1.11,11.81
Travers,GK,Everton,5.0,0.1,1.36,0.96,1.02,1.1,1.49,1.44,1.15,0.8,1.03,1.44,11.8
Lindelöf,DEF,Aston Villa,4.5,0.1,1.06,1.11,1.42,1.29,1.2,1.22,1.12,1.11,1.29,0.96,11.79
Rigg,MID,Sunderland,5.0,0.1,1.24,1.27,1.2,1.09,1.03,1.15,1.19,1.17,1.19,1.25,11.77
Disasi,DEF,Chelsea,4.5,0.1,1.1,1.25,0.91,1.64,1.02,1.14,1.13,1.26,1.06,1.18,11.7
Patterson,GK,Sunderland,4.0,1.1,1.36,1.37,1.0,1.06,0.77,1.25,0.95,1.33,1.33,1.24,11.66
Devenny,MID,Crystal Palace,5.0,0.0,1.09,1.14,1.13,1.44,1.06,1.14,1.15,1.16,1.17,1.18,11.66
Perri,GK,Leeds,4.5,1.1,1.21,1.16,1.07,1.24,1.49,0.8,1.1,1.26,0.98,1.34,11.63
Bakwa,MID,Nott'm Forest,5.5,0.0,1.22,1.09,1.27,1.14,1.28,1.12,1.05,1.27,1.11,1.07,11.63
Pinnock,DEF,Brentford,4.5,0.1,1.3,1.04,1.39,0.93,1.11,0.95,1.14,1.47,1.17,1.04,11.54
Röhl,MID,Everton,5.0,0.1,1.1,1.09,1.12,1.11,1.2,1.32,1.17,0.97,1.16,1.2,11.43
Endo,MID,Liverpool,5.0,0.0,1.09,1.17,1.21,1.21,1.11,1.09,1.1,1.13,1.09,1.1,11.3
Woolfenden,DEF,Coventry,4.0,0.3,0.73,1.7,0.67,1.21,1.06,1.14,1.04,1.23,1.38,1.02,11.2
Woodman,GK,Liverpool,4.0,1.1,0.97,1.26,1.31,1.23,0.96,0.95,0.92,1.26,1.08,1.17,11.11
Milambo,MID,Brentford,5.0,0.0,1.18,1.05,1.07,1.11,1.09,1.01,1.09,1.24,1.14,1.04,11.01
B.Badiashile,DEF,Chelsea,4.5,0.0,1.07,1.14,0.92,1.48,0.92,1.12,1.06,1.18,1.01,1.13,11.01
Forster,GK,Bournemouth,4.0,3.6,0.69,1.31,1.0,1.18,1.09,0.88,1.37,0.85,1.25,1.31,10.94
Dibling,MID,Everton,5.5,0.0,1.1,1.09,1.07,1.06,1.19,1.15,1.11,0.95,0.95,1.23,10.9
Tzimas,FWD,Brighton,5.5,0.2,1.12,1.05,1.14,1.2,0.97,1.05,1.04,0.97,0.98,1.18,10.71
Danns,FWD,Liverpool,4.5,0.1,1.09,1.17,1.2,1.13,1.03,0.97,1.04,1.12,0.95,1.01,10.71
Chadi Riad,DEF,Crystal Palace,4.5,0.1,0.97,0.93,0.99,1.31,1.0,1.11,1.01,1.13,1.06,1.12,10.62
Heaton,GK,Man United,4.0,0.2,1.26,1.38,1.0,0.87,0.93,1.14,0.99,1.07,0.85,1.1,10.58
King,GK,Everton,4.5,0.0,1.17,0.84,0.97,0.99,1.32,1.3,1.03,0.72,0.91,1.25,10.5
Bogarde,MID,Aston Villa,5.0,0.1,1.04,1.04,1.06,1.06,1.08,1.08,1.02,1.01,1.07,1.0,10.46
McNally,GK,Fulham,4.0,0.1,0.96,1.03,1.21,0.78,0.89,1.11,1.41,1.09,0.84,1.13,10.45
Ellborg,GK,Sunderland,4.5,0.1,1.24,1.24,0.9,0.88,0.68,1.14,0.9,1.23,1.18,1.03,10.41
Jaouen,GK,Newcastle,4.5,0.1,0.91,0.94,1.02,0.93,1.42,1.08,1.0,0.99,1.09,0.93,10.3
Gillespie,GK,Newcastle,4.5,0.0,0.95,0.91,1.05,0.88,1.36,1.07,1.02,0.99,1.11,0.9,10.25
Igor,DEF,Brighton,4.5,0.1,1.1,0.93,1.15,1.06,0.98,0.99,1.16,0.84,0.8,1.06,10.07
Benitez,GK,Crystal Palace,4.5,0.1,0.97,0.91,0.99,1.24,0.97,1.09,0.91,1.07,0.93,0.99,10.07
Mamardashvili,GK,Liverpool,5.0,0.2,0.89,1.18,1.22,1.15,0.86,0.86,0.84,1.06,0.92,1.07,10.03
Butland,GK,Hull,4.5,1.4,0.89,1.21,1.07,0.72,0.82,1.19,0.95,1.09,1.51,0.55,10.0
John,GK,Nott'm Forest,4.5,0.1,1.05,0.78,1.2,0.81,1.27,1.03,0.96,1.11,0.88,0.87,9.97
Milosavljević,DEF,Bournemouth,5.0,0.1,0.78,1.13,0.95,1.04,0.99,0.87,1.18,0.9,1.04,1.07,9.96
Kamara,MID,Hull,5.0,0.1,1.02,1.02,1.05,0.97,0.93,1.05,0.92,1.0,1.17,0.83,9.95
Valdimarsson,GK,Brentford,4.5,0.1,1.12,0.89,1.18,0.78,0.99,0.82,0.92,1.24,1.11,0.86,9.91
Davies,GK,Liverpool,4.0,0.1,0.87,1.09,1.12,1.18,0.83,0.84,0.83,1.16,0.91,1.02,9.86
Austin,GK,Tottenham,4.0,0.5,0.83,1.02,0.9,1.18,1.02,0.72,1.3,0.79,1.24,0.86,9.85
Pecsi,GK,Liverpool,4.0,0.1,0.87,1.15,1.06,1.17,0.81,0.78,0.81,1.06,0.97,1.03,9.73
Jaros,GK,Liverpool,4.0,0.1,0.85,1.06,1.03,1.17,0.85,0.84,0.88,1.08,0.9,0.95,9.61
Dennis,GK,Bournemouth,4.0,0.2,0.6,1.09,0.82,1.01,0.91,0.78,1.22,0.68,1.1,1.09,9.3
Phillips,GK,Hull,4.0,3.1,0.74,1.04,0.99,0.65,0.72,1.18,0.87,1.0,1.35,0.52,9.04
Bornauw,DEF,Leeds,4.5,0.0,0.85,0.92,0.84,0.96,0.99,0.73,0.9,1.01,0.79,0.93,8.93
Jörgensen,GK,Chelsea,5.0,0.1,0.85,0.9,0.63,1.2,0.73,0.84,0.85,1.01,0.79,0.99,8.79
Button,GK,Ipswich,4.0,0.7,1.1,0.52,0.86,0.86,0.77,0.95,0.44,0.96,1.1,0.86,8.41
Odobert,MID,Tottenham,5.5,0.0,0.78,0.87,0.79,0.85,0.85,0.77,0.9,0.83,0.82,0.83,8.29
Walton,GK,Ipswich,4.5,0.9,1.02,0.5,0.8,0.86,0.75,0.93,0.43,0.92,1.12,0.81,8.14
Patterson,DEF,Everton,4.5,0.0,0.84,0.71,0.72,0.74,0.95,0.93,0.79,0.66,0.67,0.96,7.96
van Oevelen,GK,Ipswich,4.5,0.1,0.99,0.49,0.76,0.83,0.76,0.93,0.41,0.87,1.06,0.81,7.92
Cartwright,GK,Hull,4.0,0.3,0.57,0.73,0.7,0.47,0.52,0.81,0.65,0.69,0.93,0.34,6.42
L.Miley,MID,Newcastle,5.5,0.0,0.65,0.63,0.65,0.66,0.73,0.63,0.6,0.64,0.62,0.6,6.41
Lo-Tutala,GK,Hull,4.0,0.3,0.55,0.72,0.73,0.45,0.54,0.8,0.63,0.71,0.95,0.32,6.4
Bradley,DEF,Liverpool,5.0,0.0,0.64,0.64,0.64,0.64,0.64,0.61,0.62,0.62,0.57,0.63,6.26
Bayindir,GK,Man United,4.5,0.1,0.65,0.73,0.55,0.43,0.53,0.62,0.49,0.59,0.47,0.61,5.66
Ekitiké,FWD,Liverpool,7.5,0.2,0.56,0.59,0.58,0.55,0.56,0.49,0.53,0.57,0.47,0.56,5.46
Ugarte,MID,Man United,5.0,0.0,0.58,0.58,0.53,0.53,0.53,0.55,0.54,0.52,0.52,0.56,5.45
Xavi,MID,Tottenham,6.0,0.0,0.48,0.54,0.51,0.54,0.54,0.49,0.61,0.49,0.51,0.47,5.17
M.Bizot,GK,Aston Villa,4.5,0.1,0.5,0.49,0.61,0.59,0.46,0.57,0.46,0.45,0.57,0.4,5.09
Rodrigo,MID,Man City,6.5,0.1,0.41,0.39,0.5,0.39,0.42,0.34,0.45,0.4,0.39,0.39,4.07
White,DEF,Arsenal,5.5,0.0,0.41,0.38,0.39,0.37,0.36,0.37,0.37,0.38,0.34,0.49,3.87
Savona,DEF,Nott'm Forest,4.5,0.0,0.37,0.37,0.41,0.36,0.44,0.36,0.34,0.39,0.35,0.34,3.73
Onana,MID,Aston Villa,5.0,0.0,0.31,0.31,0.35,0.34,0.34,0.33,0.3,0.35,0.34,0.31,3.29
Fofana,DEF,Chelsea,5.0,0.0,0.27,0.27,0.28,0.32,0.28,0.29,0.31,0.29,0.29,0.26,2.86
Kulusevski,MID,Tottenham,6.5,0.0,0.29,0.28,0.27,0.28,0.3,0.27,0.32,0.24,0.29,0.29,2.82
J.Timber,DEF,Arsenal,6.5,1.0,0.23,0.19,0.22,0.2,0.23,0.23,0.19,0.22,0.2,0.23,2.14
De Ligt,DEF,Man United,5.0,0.0,0.2,0.24,0.2,0.18,0.18,0.2,0.19,0.2,0.19,0.17,1.97
Saliba,DEF,Arsenal,6.0,0.5,0.15,0.14,0.14,0.14,0.14,0.15,0.14,0.15,0.15,0.16,1.46
Andersen,DEF,Fulham,5.0,0.1,0.08,0.07,0.1,0.08,0.06,0.09,0.11,0.07,0.06,0.08,0.82
Ferguson,FWD,Brighton,5.0,0.0,0.04,0.04,0.04,0.05,0.02,0.04,0.05,0.06,0.03,0.04,0.41
Leoni,DEF,Liverpool,4.0,0.1,0.03,0.05,0.04,0.05,0.04,0.02,0.04,0.07,0.04,0.03,0.4
Uche,FWD,Crystal Palace,5.0,0.0,0.05,0.03,0.04,0.04,0.01,0.05,0.05,0.03,0.03,0.02,0.36
Bajcetic,MID,Liverpool,5.0,0.0,0.03,0.03,0.03,0.04,0.03,0.04,0.03,0.05,0.03,0.02,0.34
Matazo,MID,Hull,4.5,0.0,0.03,0.03,0.05,0.04,0.03,0.02,0.03,0.04,0.03,0.04,0.33
