rank,player,pos,team,status,cost_m,own,nfix,exp_starts,mean,sd,p5,p25,median,p75,p95,pts_per_fix,pts_per_m,p_ceiling,p_floor,cold_start,adj_delta,adj_total,gw_from,gw_to,id
1.0,Haaland,FWD,Man City,projected,15.5,74.8,6,5.06,44.15,18.325,17.24,31.413,42.12,54.826,76.145,7.358,2.848,0.64,0.017,False,0.0,44.15,1,6,411
2.0,B.Fernandes,MID,Man United,projected,12.0,48.7,6,5.2,35.493,15.213,15.254,24.344,33.187,43.971,64.145,5.915,2.958,0.429,0.029,False,0.0,35.493,1,6,426
3.0,Dasilva,MID,Brentford,projected,5.0,0.0,6,2.63,32.164,26.557,0.0,11.358,26.396,46.151,83.607,5.361,6.433,0.37,0.259,True,0.0,32.164,1,6,-1
4.0,Nyoni,MID,Liverpool,projected,5.0,0.1,6,2.63,31.057,27.808,1.0,9.907,23.799,45.375,85.961,5.176,6.211,0.342,0.301,True,0.0,31.057,1,6,-1
5.0,Thiago,FWD,Brentford,projected,8.0,16.0,6,5.47,30.909,12.336,13.613,22.707,28.06,38.766,54.826,5.151,3.864,0.305,0.037,False,0.0,30.909,1,6,106
6.0,Semenyo,MID,Man City,projected,8.5,22.5,6,5.47,30.707,12.817,13.627,21.358,28.612,38.702,54.778,5.118,3.613,0.288,0.036,False,0.0,30.707,1,6,397
7.0,Maddison,MID,Tottenham,projected,6.5,2.0,6,3.53,30.212,23.83,3.0,12.0,24.799,40.692,80.603,5.035,4.648,0.31,0.253,True,0.0,30.212,1,6,-1
8.0,Mbeumo,MID,Man United,projected,8.0,18.1,6,4.65,30.18,14.794,10.0,18.358,28.344,38.983,56.518,5.03,3.772,0.308,0.082,False,0.0,30.18,1,6,427
9.0,Enzo,MID,Chelsea,projected,7.0,5.5,6,5.2,28.557,12.592,12.0,19.254,26.612,35.598,52.151,4.76,4.08,0.238,0.058,False,0.0,28.557,1,6,155
10.0,Anderson,MID,Man City,projected,6.5,11.9,6,5.47,28.123,9.494,16.0,21.627,26.627,32.717,45.442,4.687,4.327,0.167,0.016,False,0.0,28.123,1,6,481
11.0,Guéhi,DEF,Man City,projected,6.0,23.8,6,5.2,28.116,11.499,12.358,20.254,26.613,34.061,48.333,4.686,4.686,0.208,0.046,False,0.0,28.116,1,6,388
12.0,Saka,MID,Arsenal,projected,9.5,10.6,6,3.82,27.479,14.708,8.614,16.627,24.717,36.065,54.234,4.58,2.892,0.251,0.12,False,0.0,27.479,1,6,12
13.0,O'Reilly,DEF,Man City,projected,6.5,22.7,6,4.37,26.851,13.635,8.358,16.717,24.926,34.136,53.663,4.475,4.131,0.216,0.125,False,0.0,26.851,1,6,387
14.0,Gabriel,DEF,Arsenal,projected,8.0,26.2,6,4.51,26.755,11.032,10.358,18.717,26.075,33.971,45.792,4.459,3.344,0.188,0.069,False,0.0,26.755,1,6,4
15.0,Tarkowski,DEF,Everton,projected,6.0,9.9,6,5.47,25.383,8.966,12.358,19.358,24.717,30.613,40.617,4.23,4.23,0.106,0.047,False,0.0,25.383,1,6,229
16.0,Watkins,FWD,Aston Villa,projected,8.0,12.5,6,4.92,25.359,11.311,9.353,17.353,24.06,31.687,45.487,4.227,3.17,0.173,0.106,False,0.0,25.359,1,6,55
17.0,Rice,MID,Arsenal,projected,7.5,22.4,6,5.2,25.113,9.341,12.0,18.627,23.358,30.254,41.711,4.185,3.348,0.124,0.051,False,0.0,25.113,1,6,13
18.0,Virgil,DEF,Liverpool,projected,6.5,16.2,6,5.61,24.54,9.33,11.0,17.896,23.889,29.814,40.867,4.09,3.775,0.125,0.076,False,0.0,24.54,1,6,356
19.0,Schade,MID,Brentford,projected,6.0,2.2,6,4.78,24.535,11.602,9.0,16.358,22.717,31.075,45.806,4.089,4.089,0.157,0.126,False,0.0,24.535,1,6,94
20.0,João Pedro,FWD,Chelsea,projected,7.5,54.3,6,4.65,24.461,11.453,8.0,16.353,22.707,31.413,43.12,4.077,3.261,0.161,0.129,False,0.0,24.461,1,6,165
21.0,Gakpo,MID,Liverpool,projected,7.0,3.5,6,4.78,24.382,12.098,9.0,15.627,22.12,31.075,45.824,4.064,3.483,0.16,0.131,False,0.0,24.382,1,6,367
22.0,Thiaw,DEF,Newcastle,projected,5.0,2.0,6,4.92,24.136,10.812,9.0,16.358,22.717,30.613,42.867,4.023,4.827,0.13,0.115,False,0.0,24.136,1,6,445
23.0,Gibbs-White,MID,Nott'm Forest,projected,8.0,11.6,6,5.2,24.1,11.065,10.0,16.358,22.358,29.706,44.792,4.017,3.013,0.134,0.115,False,0.0,24.1,1,6,480
24.0,Senesi,DEF,Tottenham,projected,6.0,10.8,6,5.47,23.857,7.903,12.0,18.358,22.985,28.706,38.15,3.976,3.976,0.079,0.052,False,0.0,23.857,1,6,498
25.0,Lacroix,DEF,Chelsea,projected,6.0,11.9,6,5.2,23.849,8.88,11.0,17.358,23.075,29.075,38.635,3.975,3.975,0.083,0.076,False,0.0,23.849,1,6,200
26.0,Ndiaye,MID,Everton,projected,6.0,16.4,6,4.78,23.748,10.459,10.0,16.627,22.306,29.344,43.434,3.958,3.958,0.114,0.103,False,0.0,23.748,1,6,237
27.0,Calvert-Lewin,FWD,Leeds,projected,6.0,23.0,6,4.51,23.443,10.475,8.0,15.353,22.707,29.413,42.133,3.907,3.907,0.127,0.144,False,0.0,23.443,1,6,346
28.0,Szoboszlai,MID,Liverpool,projected,7.0,47.1,6,5.33,22.919,8.59,11.0,17.0,21.627,27.254,39.088,3.82,3.274,0.077,0.079,False,0.0,22.919,1,6,368
29.0,Gyökeres,FWD,Arsenal,projected,7.5,13.0,6,3.96,22.847,12.707,6.0,13.353,20.707,30.707,45.747,3.808,3.046,0.154,0.22,False,0.0,22.847,1,6,25
30.0,Tavernier,MID,Bournemouth,projected,6.0,1.9,6,4.65,22.771,10.465,8.95,14.627,21.0,29.239,42.136,3.795,3.795,0.12,0.163,False,0.0,22.771,1,6,68
31.0,Rogers,MID,Chelsea,projected,7.5,29.9,6,5.47,22.413,9.005,11.0,15.254,21.254,27.612,39.434,3.736,2.988,0.079,0.108,False,0.0,22.413,1,6,40
32.0,Nelson,MID,Arsenal,projected,5.5,0.0,6,2.93,22.405,21.313,2.0,8.0,15.358,30.717,66.226,3.734,4.074,0.196,0.395,True,0.0,22.405,1,6,-1
33.0,Foden,MID,Man City,projected,7.0,7.6,6,3.55,22.269,12.998,5.596,12.627,20.299,29.075,47.06,3.712,3.181,0.139,0.233,False,0.0,22.269,1,6,398
34.0,Cunha,MID,Man United,projected,8.0,14.1,6,4.37,21.83,11.138,7.0,13.56,19.986,27.971,42.366,3.638,2.729,0.116,0.203,False,0.0,21.83,1,6,428
35.0,Struijk,DEF,Brighton,projected,5.0,0.5,6,4.92,21.653,8.839,9.0,15.358,20.717,26.736,37.675,3.609,4.331,0.071,0.131,False,0.0,21.653,1,6,328
36.0,Raya,GK,Arsenal,projected,6.0,30.9,6,5.47,21.612,6.43,11.51,17.019,21.528,25.528,32.548,3.602,3.602,0.01,0.073,False,0.0,21.612,1,6,1
37.0,Scott,MID,Bournemouth,projected,6.0,1.6,6,5.06,21.576,8.045,11.0,16.0,20.358,25.358,36.344,3.596,3.596,0.053,0.096,False,0.0,21.576,1,6,69
38.0,Van Hecke,DEF,Tottenham,projected,5.0,8.3,6,5.33,21.54,8.649,9.0,15.358,20.717,26.613,36.805,3.59,4.308,0.058,0.134,False,0.0,21.54,1,6,112
39.0,Alleyne,DEF,Man City,projected,5.0,0.0,6,3.53,21.194,17.741,2.0,10.0,17.717,26.075,56.093,3.532,4.239,0.134,0.316,True,0.0,21.194,1,6,-1
40.0,Keane,DEF,Everton,projected,5.0,1.5,6,4.37,21.188,9.162,8.358,14.56,20.254,26.818,37.514,3.531,4.238,0.071,0.165,False,0.0,21.188,1,6,231
41.0,Wirtz,MID,Liverpool,projected,7.5,12.4,6,4.1,21.169,11.45,6.596,13.0,18.881,26.639,43.061,3.528,2.823,0.115,0.223,False,0.0,21.169,1,6,366
42.0,Rashford,MID,Man United,projected,7.0,1.4,6,3.83,21.081,20.473,3.0,9.0,14.627,25.717,64.042,3.514,3.012,0.153,0.406,True,0.0,21.081,1,6,-1
43.0,N.Williams,DEF,Nott'm Forest,projected,5.0,13.0,6,5.33,20.899,8.127,9.358,15.358,19.985,25.075,34.984,3.483,4.18,0.041,0.118,False,0.0,20.899,1,6,469
44.0,Evanilson,FWD,Bournemouth,projected,6.0,2.0,6,4.78,20.792,9.678,8.0,13.353,19.707,26.06,38.766,3.465,3.465,0.075,0.196,False,0.0,20.792,1,6,79
45.0,Palmer,MID,Chelsea,projected,9.5,12.2,6,3.69,20.667,12.447,5.0,11.358,18.358,27.612,45.42,3.444,2.175,0.113,0.27,False,0.0,20.667,1,6,154
46.0,Mateta,FWD,Crystal Palace,projected,6.5,6.9,6,3.82,20.663,10.772,6.0,12.353,19.334,27.413,41.12,3.444,3.179,0.098,0.23,False,0.0,20.663,1,6,223
47.0,Amad,MID,Man United,projected,6.0,1.6,6,4.1,20.647,11.375,6.0,12.627,18.358,26.385,43.42,3.441,3.441,0.102,0.235,False,0.0,20.647,1,6,431
48.0,Collins,DEF,Brentford,projected,5.5,2.0,6,4.78,20.58,9.033,8.0,14.358,19.889,24.985,36.509,3.43,3.742,0.057,0.163,False,0.0,20.58,1,6,84
49.0,Wilson,MID,Brentford,projected,5.5,0.4,6,4.78,20.513,9.405,8.0,13.627,19.254,25.758,39.225,3.419,3.73,0.071,0.191,False,0.0,20.513,1,6,260
50.0,Bruno G.,MID,Newcastle,projected,7.0,9.2,6,4.1,20.445,10.243,7.0,13.358,18.672,25.717,38.72,3.407,2.921,0.078,0.208,False,0.0,20.445,1,6,452
51.0,O.Dango,MID,Brentford,projected,6.5,1.4,6,3.82,20.28,10.682,6.0,12.627,18.627,26.276,40.707,3.38,3.12,0.086,0.232,False,0.0,20.28,1,6,95
52.0,Matheus N.,DEF,Man City,projected,6.0,4.9,6,4.78,20.261,8.422,8.0,14.358,19.717,25.366,34.796,3.377,3.377,0.038,0.164,False,0.0,20.261,1,6,389
53.0,Milenković,DEF,Nott'm Forest,projected,5.5,2.3,6,5.47,20.189,7.07,9.0,15.358,19.717,24.717,32.434,3.365,3.671,0.021,0.117,False,0.0,20.189,1,6,471
54.0,Van den Berg,DEF,Brentford,projected,5.0,0.7,6,4.51,20.149,8.929,7.0,13.358,19.358,25.717,35.979,3.358,4.03,0.05,0.198,False,0.0,20.149,1,6,85
55.0,Truffert,DEF,Bournemouth,projected,5.5,4.7,6,5.61,20.084,7.813,9.0,14.358,19.299,24.612,33.961,3.347,3.652,0.036,0.15,False,0.0,20.084,1,6,61
56.0,Richards,DEF,Crystal Palace,projected,5.0,0.8,6,4.65,19.884,8.203,8.0,14.0,18.717,24.717,34.689,3.314,3.977,0.039,0.177,False,0.0,19.884,1,6,202
57.0,Ampadu,MID,Leeds,projected,5.5,1.5,6,5.2,19.811,5.998,11.0,16.0,19.0,22.784,30.376,3.302,3.602,0.017,0.077,False,0.0,19.811,1,6,338
58.0,Zubimendi,MID,Arsenal,projected,5.5,1.5,6,5.06,19.672,7.592,10.0,15.0,18.127,23.358,32.99,3.279,3.577,0.032,0.125,False,0.0,19.672,1,6,19
59.0,Shaw,DEF,Man United,projected,4.5,24.7,6,5.61,19.656,7.856,8.981,14.19,18.717,24.075,35.061,3.276,4.368,0.039,0.17,False,0.0,19.656,1,6,423
60.0,Cherki,MID,Man City,projected,7.5,9.3,6,3.0,19.457,12.124,5.0,11.0,16.881,25.276,42.959,3.243,2.594,0.103,0.308,False,0.0,19.457,1,6,399
61.0,Fernandes,MID,Tottenham,projected,6.0,3.5,6,5.2,19.392,6.579,11.0,15.0,19.0,22.986,31.371,3.232,3.232,0.017,0.123,False,0.0,19.392,1,6,525
62.0,Welbeck,FWD,Chelsea,projected,6.0,2.7,6,3.96,19.295,10.929,6.0,11.353,16.98,25.06,40.672,3.216,3.216,0.085,0.292,False,0.0,19.295,1,6,136
63.0,Davies,GK,Liverpool,projected,4.0,0.1,6,3.42,19.245,24.771,1.0,5.877,12.019,22.528,61.145,3.207,4.811,0.133,0.494,True,0.0,19.245,1,6,-1
64.0,Calafiori,DEF,Arsenal,projected,5.5,16.1,6,3.41,19.209,11.321,3.0,11.243,18.165,25.15,38.871,3.201,3.492,0.08,0.27,False,0.0,19.209,1,6,8
65.0,Neto,MID,Chelsea,projected,6.5,1.3,6,4.51,19.194,9.422,7.0,12.627,17.627,23.717,36.603,3.199,2.953,0.053,0.224,False,0.0,19.194,1,6,156
66.0,Mitchell,DEF,Crystal Palace,projected,4.5,6.9,6,5.33,19.117,7.672,8.627,13.717,18.254,24.075,32.33,3.186,4.248,0.03,0.185,False,0.0,19.117,1,6,204
67.0,Alderete,DEF,Sunderland,projected,5.0,1.2,6,4.78,19.084,7.647,8.0,13.358,18.358,23.717,32.613,3.181,3.817,0.027,0.183,False,0.0,19.084,1,6,535
68.0,Kayode,DEF,Brentford,projected,4.5,4.0,6,5.47,19.065,7.944,8.0,13.358,18.344,24.075,33.003,3.178,4.237,0.037,0.197,False,0.0,19.065,1,6,88
69.0,F.Kadıoğlu,DEF,Brighton,projected,4.5,2.9,6,5.06,19.055,7.919,8.0,13.358,18.254,23.997,33.083,3.176,4.234,0.027,0.199,False,0.0,19.055,1,6,113
70.0,Mukiele,DEF,Sunderland,projected,5.5,7.6,6,4.78,19.025,8.097,7.0,13.358,18.358,23.717,32.89,3.171,3.459,0.03,0.193,False,0.0,19.025,1,6,533
71.0,Dewsbury-Hall,MID,Everton,projected,6.5,3.9,6,4.51,19.008,8.682,8.0,12.627,17.493,23.986,34.872,3.168,2.924,0.045,0.236,False,0.0,19.008,1,6,236
72.0,Sarr,MID,Crystal Palace,projected,6.5,9.3,6,3.69,18.827,11.146,5.0,10.627,16.358,24.639,40.098,3.138,2.896,0.076,0.316,False,0.0,18.827,1,6,208
73.0,Dalot,DEF,Man United,projected,5.0,3.0,6,4.37,18.753,9.556,6.0,12.0,17.433,24.15,36.064,3.126,3.751,0.051,0.251,False,0.0,18.753,1,6,417
74.0,O'Brien,DEF,Everton,projected,5.0,0.5,6,5.2,18.727,7.824,7.0,13.358,17.717,23.075,32.339,3.121,3.745,0.023,0.193,False,0.0,18.727,1,6,232
75.0,Caicedo,MID,Chelsea,projected,5.5,3.7,6,4.78,18.709,6.612,10.0,14.0,18.0,22.0,29.986,3.118,3.402,0.022,0.148,False,0.0,18.709,1,6,159
76.0,Gomez,MID,Brighton,projected,5.0,1.8,6,3.96,18.443,9.856,6.0,11.56,16.851,23.358,37.702,3.074,3.689,0.055,0.298,False,0.0,18.443,1,6,127
77.0,Woltemade,FWD,Newcastle,projected,6.0,1.7,6,3.69,18.41,11.049,4.0,10.735,16.707,24.06,38.766,3.068,3.068,0.066,0.341,False,0.0,18.41,1,6,463
78.0,Dowman,MID,Arsenal,projected,5.5,0.2,6,2.93,18.406,18.655,1.0,7.0,13.0,22.717,53.251,3.068,3.347,0.12,0.465,True,0.0,18.406,1,6,-1
79.0,E.Le Fée,MID,Sunderland,projected,6.0,12.6,6,4.92,18.376,6.576,10.0,13.627,17.627,22.254,30.886,3.063,3.063,0.015,0.179,False,0.0,18.376,1,6,542
80.0,Wieffer,DEF,Brighton,projected,5.0,0.3,6,3.55,18.316,9.243,4.95,11.358,17.717,23.985,35.613,3.053,3.663,0.048,0.275,False,0.0,18.316,1,6,130
81.0,Ballard,DEF,Sunderland,projected,5.0,3.6,6,3.69,18.229,8.859,5.0,12.0,17.358,23.717,34.168,3.038,3.646,0.039,0.26,False,0.0,18.229,1,6,532
82.0,Mac Allister,MID,Liverpool,projected,5.5,1.9,6,4.65,18.159,8.56,7.95,12.0,16.358,22.717,33.599,3.027,3.302,0.037,0.268,False,0.0,18.159,1,6,372
83.0,Cash,DEF,Aston Villa,projected,4.5,7.8,6,5.06,18.151,7.91,7.0,12.358,16.985,23.116,32.061,3.025,4.034,0.028,0.235,False,0.0,18.151,1,6,32
84.0,Chalobah,DEF,Chelsea,projected,5.5,2.0,6,4.65,18.144,8.061,6.0,12.358,16.941,22.736,32.631,3.024,3.299,0.03,0.222,False,0.0,18.144,1,6,143
85.0,Pedro Porro,DEF,Tottenham,projected,5.5,23.8,6,4.78,18.058,8.049,7.0,12.358,16.985,22.612,33.052,3.01,3.283,0.029,0.23,False,0.0,18.058,1,6,499
86.0,Aaronson,MID,Leeds,projected,5.5,0.8,6,4.51,18.034,8.628,7.0,12.0,16.627,22.717,34.866,3.006,3.279,0.038,0.271,False,0.0,18.034,1,6,337
87.0,Hume,DEF,Sunderland,projected,4.5,2.4,6,5.06,18.018,7.962,7.0,12.358,16.985,22.78,32.07,3.003,4.004,0.024,0.241,False,0.0,18.018,1,6,534
88.0,Muñoz,DEF,Crystal Palace,projected,5.5,11.7,6,4.37,18.006,8.629,5.0,11.627,16.985,23.344,33.634,3.001,3.274,0.026,0.272,False,0.0,18.006,1,6,201
89.0,Arrizabalaga,GK,Arsenal,projected,5.0,0.1,6,4.6,17.999,7.802,5.0,12.51,18.019,23.528,30.038,3.0,3.6,0.007,0.221,True,0.0,17.999,1,6,-1
90.0,Enes Ünal,FWD,Bournemouth,projected,5.5,0.2,6,2.59,17.984,17.049,1.0,5.0,13.353,25.413,52.826,2.997,3.27,0.142,0.479,True,0.0,17.984,1,6,-1
91.0,Mykolenko,DEF,Everton,projected,4.5,1.3,6,4.92,17.959,7.581,7.0,12.358,17.358,22.717,30.707,2.993,3.991,0.016,0.228,False,0.0,17.959,1,6,233
92.0,Meslier,GK,Arsenal,projected,5.0,0.1,6,4.6,17.777,7.614,5.0,12.51,17.274,23.528,30.038,2.963,3.555,0.004,0.23,True,0.0,17.777,1,6,-1
93.0,Doku,MID,Man City,projected,7.5,6.4,6,3.0,17.774,11.41,4.0,9.627,15.672,22.881,39.23,2.962,2.37,0.07,0.345,False,0.0,17.774,1,6,400
94.0,Rodon,DEF,Leeds,projected,4.5,1.8,6,4.92,17.726,7.596,7.0,12.358,16.717,22.277,31.15,2.954,3.939,0.018,0.249,False,0.0,17.726,1,6,329
95.0,Gravenberch,MID,Liverpool,projected,6.0,1.9,6,5.06,17.725,6.673,9.0,13.0,17.0,21.0,30.725,2.954,2.954,0.019,0.199,False,0.0,17.725,1,6,371
96.0,Chiesa,MID,Liverpool,projected,5.5,0.2,6,2.93,17.714,18.127,1.0,6.0,12.0,22.717,54.41,2.952,3.221,0.122,0.51,True,0.0,17.714,1,6,-1
97.0,Tzolis,MID,Arsenal,projected,6.5,2.1,6,3.53,17.614,15.191,2.0,9.0,14.0,21.254,43.806,2.936,2.71,0.097,0.428,True,0.0,17.614,1,6,-1
98.0,Gomes,MID,Aston Villa,projected,5.5,0.3,6,3.82,17.611,7.132,7.0,13.0,17.0,22.0,30.717,2.935,3.202,0.012,0.241,False,0.0,17.611,1,6,54
99.0,Dunk,DEF,Brighton,projected,4.5,0.7,6,4.65,17.555,7.564,7.0,12.358,16.717,22.254,30.976,2.926,3.901,0.021,0.244,False,0.0,17.555,1,6,116
100.0,Van de Ven,DEF,Tottenham,projected,5.0,6.5,6,5.2,17.49,7.891,6.0,11.358,16.717,21.84,30.985,2.915,3.498,0.024,0.265,False,0.0,17.49,1,6,503
101.0,Yarmoliuk,MID,Brentford,projected,5.0,1.5,6,4.51,17.418,6.672,8.0,13.0,16.627,21.063,29.084,2.903,3.484,0.015,0.212,False,0.0,17.418,1,6,102
102.0,Konsa,DEF,Aston Villa,projected,4.5,17.0,6,5.06,17.251,7.659,7.0,11.84,16.358,21.717,31.24,2.875,3.833,0.023,0.257,False,0.0,17.251,1,6,31
103.0,Stach,MID,Leeds,projected,6.0,1.3,6,4.24,17.143,8.01,6.0,12.0,16.358,21.254,31.513,2.857,2.857,0.028,0.281,False,0.0,17.143,1,6,335
104.0,Donnarumma,GK,Man City,projected,5.5,11.1,6,5.06,17.101,6.334,7.0,12.51,17.019,21.528,28.038,2.85,3.109,0.005,0.209,False,0.0,17.101,1,6,384
105.0,Xhaka,MID,Sunderland,projected,5.5,5.8,6,4.78,17.035,5.732,9.0,13.0,16.627,20.0,27.358,2.839,3.097,0.006,0.199,False,0.0,17.035,1,6,544
106.0,Eze,MID,Arsenal,projected,6.5,3.3,6,3.41,17.024,10.509,4.0,9.627,15.358,21.986,37.434,2.837,2.619,0.062,0.36,False,0.0,17.024,1,6,14
107.0,Buendía,MID,Aston Villa,projected,6.0,0.9,6,3.27,16.979,10.026,3.0,9.627,15.358,22.717,35.447,2.83,2.83,0.047,0.366,False,0.0,16.979,1,6,41
108.0,Barnes,MID,Newcastle,projected,6.0,1.2,6,3.0,16.896,9.735,4.0,9.627,15.254,22.717,34.447,2.816,2.816,0.04,0.351,False,0.0,16.896,1,6,453
109.0,Damsgaard,MID,Brentford,projected,5.5,0.7,6,3.69,16.849,8.666,5.0,11.0,15.627,21.358,31.881,2.808,3.063,0.032,0.321,False,0.0,16.849,1,6,96
110.0,Hincapie,DEF,Arsenal,projected,5.5,4.3,6,3.14,16.778,8.905,4.0,10.358,15.985,21.717,32.706,2.796,3.051,0.033,0.323,False,0.0,16.778,1,6,9
111.0,Verbruggen,GK,Brighton,projected,4.5,16.8,6,5.61,16.774,5.977,7.95,12.51,16.51,20.528,27.038,2.796,3.728,0.001,0.225,False,0.0,16.774,1,6,109
112.0,Mukasa,MID,Man City,projected,4.5,0.1,6,2.32,16.75,19.571,1.0,5.0,11.0,21.358,53.509,2.792,3.722,0.114,0.558,True,0.0,16.75,1,6,-1
113.0,Richarlison,FWD,Tottenham,projected,6.0,1.9,6,3.14,16.715,9.535,5.0,9.353,14.707,21.707,34.78,2.786,2.786,0.043,0.359,False,0.0,16.715,1,6,527
114.0,Yeremy,MID,Crystal Palace,projected,5.5,0.2,6,3.96,16.651,8.912,5.0,10.0,15.254,21.28,33.351,2.775,3.027,0.031,0.356,False,0.0,16.651,1,6,211
115.0,Reijnders,MID,Man City,projected,6.0,0.4,6,3.0,16.429,11.621,3.0,8.0,14.254,22.534,37.492,2.738,2.738,0.063,0.421,False,0.0,16.429,1,6,404
116.0,Minteh,MID,Brighton,projected,6.0,0.7,6,3.96,16.403,7.827,6.0,11.0,15.254,20.907,31.971,2.734,2.734,0.018,0.35,False,0.0,16.403,1,6,122
117.0,Pickford,GK,Everton,projected,5.5,9.0,6,5.61,16.384,6.13,7.0,12.51,16.019,20.019,27.088,2.731,2.979,0.002,0.239,False,0.0,16.384,1,6,226
118.0,Rúben,DEF,Man City,projected,5.5,1.4,6,3.69,16.104,8.043,5.0,10.358,15.358,20.717,30.514,2.684,2.928,0.014,0.339,False,0.0,16.104,1,6,390
119.0,Lewis,DEF,Man City,projected,4.5,0.2,6,3.09,16.039,14.204,1.0,7.0,13.717,20.717,39.871,2.673,3.564,0.062,0.432,True,0.0,16.039,1,6,-1
120.0,Palestra,DEF,Chelsea,projected,5.5,1.5,6,3.97,16.023,11.366,3.0,9.0,14.358,20.717,34.165,2.67,2.913,0.044,0.393,True,0.0,16.023,1,6,-1
121.0,Bogle,DEF,Leeds,projected,4.5,0.4,6,4.78,15.98,7.698,5.0,10.358,14.993,20.254,29.514,2.663,3.551,0.013,0.338,False,0.0,15.98,1,6,330
122.0,Sessegnon,DEF,Fulham,projected,4.5,0.4,6,3.14,15.772,8.775,4.0,9.358,14.358,20.985,31.514,2.629,3.505,0.024,0.383,False,0.0,15.772,1,6,269
123.0,Trafford,GK,Man City,projected,5.0,1.4,6,4.6,15.77,7.749,4.0,10.51,16.019,20.528,28.038,2.628,3.154,0.002,0.307,True,0.0,15.77,1,6,-1
124.0,Hall,DEF,Newcastle,projected,5.0,4.1,6,3.69,15.741,8.475,4.0,9.358,14.717,20.344,32.509,2.624,3.148,0.02,0.379,False,0.0,15.741,1,6,449
125.0,Burn,DEF,Newcastle,projected,5.0,2.7,6,3.82,15.673,7.823,5.0,10.0,14.358,20.545,30.079,2.612,3.135,0.011,0.366,False,0.0,15.673,1,6,448
126.0,Berge,MID,Fulham,projected,5.0,0.4,6,5.06,15.652,5.497,8.0,12.0,15.0,18.627,25.717,2.609,3.13,0.004,0.295,False,0.0,15.652,1,6,265
127.0,Gudmundsson,DEF,Leeds,projected,4.5,0.5,6,4.65,15.609,7.477,5.0,10.358,14.985,19.717,29.079,2.601,3.469,0.01,0.344,False,0.0,15.609,1,6,331
128.0,Bassey,DEF,Fulham,projected,4.5,0.6,6,4.24,15.569,7.53,5.0,10.358,14.717,19.985,29.514,2.595,3.46,0.008,0.344,False,0.0,15.569,1,6,257
129.0,Tonali,MID,Tottenham,projected,5.5,4.0,6,4.65,15.564,6.282,7.596,11.0,14.627,19.0,26.717,2.594,2.83,0.007,0.339,False,0.0,15.564,1,6,455
130.0,McGinn,MID,Aston Villa,projected,5.5,2.7,6,4.24,15.554,8.056,5.0,10.0,14.0,19.426,30.735,2.592,2.828,0.023,0.397,False,0.0,15.554,1,6,45
131.0,Jensen,MID,Brentford,projected,5.5,0.1,6,3.96,15.531,7.558,6.0,10.627,14.358,19.358,29.73,2.589,2.824,0.016,0.373,False,0.0,15.531,1,6,97
132.0,Hill,DEF,Bournemouth,projected,5.5,1.3,6,3.41,15.511,7.825,5.0,10.358,14.358,19.358,28.886,2.585,2.82,0.024,0.37,False,0.0,15.511,1,6,60
133.0,Leno,GK,Fulham,projected,4.5,3.2,6,5.61,15.488,5.717,7.0,11.51,14.51,19.019,25.528,2.581,3.442,0.001,0.28,False,0.0,15.488,1,6,250
134.0,Munoz,MID,Liverpool,projected,6.5,0.8,6,3.53,15.415,14.8,2.0,7.47,12.0,17.358,40.825,2.569,2.372,0.066,0.529,True,0.0,15.415,1,6,-1
135.0,Šeško,FWD,Man United,projected,7.0,2.7,6,2.04,15.376,12.113,2.0,6.0,12.353,21.06,40.12,2.563,2.197,0.07,0.485,False,0.0,15.376,1,6,439
136.0,Kovačić,MID,Man City,projected,5.5,0.0,6,2.93,15.366,16.225,1.0,6.0,11.0,18.063,44.165,2.561,2.794,0.082,0.542,True,0.0,15.366,1,6,-1
137.0,Gusto,DEF,Chelsea,projected,5.0,1.1,6,3.96,15.354,8.208,4.0,9.358,14.358,20.254,30.513,2.559,3.071,0.02,0.393,False,0.0,15.354,1,6,144
138.0,Touré,MID,Newcastle,projected,6.0,0.2,6,3.23,15.35,13.322,2.0,7.0,11.993,19.063,42.98,2.558,2.558,0.082,0.536,True,0.0,15.35,1,6,-1
139.0,Vitor Reis,DEF,Man City,projected,4.5,0.0,6,3.09,15.25,13.053,1.0,6.907,13.358,20.717,36.195,2.542,3.389,0.053,0.463,True,0.0,15.25,1,6,-1
140.0,Barry,FWD,Everton,projected,5.5,0.9,6,3.27,15.25,9.042,4.0,9.0,13.353,19.707,32.431,2.542,2.773,0.029,0.424,False,0.0,15.25,1,6,249
141.0,Nwaneri,MID,Arsenal,projected,5.5,0.0,6,2.93,15.241,16.428,1.0,6.0,11.0,18.0,43.825,2.54,2.771,0.074,0.56,True,0.0,15.241,1,6,-1
142.0,G.Jesus,FWD,Arsenal,projected,6.0,0.4,6,2.75,15.196,16.743,1.0,6.0,10.0,18.707,46.473,2.533,2.533,0.087,0.586,True,0.0,15.196,1,6,-1
143.0,Botman,DEF,Newcastle,projected,5.0,0.4,6,3.27,15.186,8.514,4.0,9.0,14.358,20.12,30.514,2.531,3.037,0.02,0.393,False,0.0,15.186,1,6,447
144.0,Kelleher,GK,Brentford,projected,5.0,5.6,6,5.47,15.155,6.014,6.0,10.51,14.51,19.019,25.174,2.526,3.031,0.002,0.322,False,0.0,15.155,1,6,82
145.0,Igor Jesus,FWD,Nott'm Forest,projected,6.0,5.0,6,4.24,15.117,7.648,6.0,10.0,13.353,19.254,28.128,2.519,2.519,0.021,0.42,False,0.0,15.117,1,6,491
146.0,Kerkez,DEF,Liverpool,projected,5.5,5.7,6,4.1,15.11,8.753,4.0,8.627,13.717,19.254,31.791,2.518,2.747,0.028,0.411,False,0.0,15.11,1,6,358
147.0,Marc Guiu,FWD,Chelsea,projected,5.0,0.4,6,2.43,15.062,15.478,1.0,4.0,10.353,20.707,45.473,2.51,3.012,0.098,0.558,True,0.0,15.062,1,6,-1
148.0,Beto,FWD,Everton,projected,5.5,3.2,6,2.73,15.027,10.05,2.0,8.0,13.353,20.06,34.78,2.504,2.732,0.039,0.452,False,0.0,15.027,1,6,248
149.0,N.Jackson,FWD,Chelsea,projected,6.5,0.4,6,2.91,14.948,14.743,2.0,5.0,10.0,18.707,44.523,2.491,2.3,0.083,0.593,True,0.0,14.948,1,6,-1
150.0,Svoboda,DEF,Brighton,projected,5.0,0.1,6,3.53,14.927,11.16,2.0,7.358,13.358,19.717,32.093,2.488,2.985,0.036,0.449,True,0.0,14.927,1,6,-1
151.0,Iwobi,MID,Fulham,projected,5.5,0.9,6,4.37,14.753,6.873,6.0,10.0,13.627,18.254,27.612,2.459,2.682,0.012,0.408,False,0.0,14.753,1,6,261
152.0,Brooks,MID,Bournemouth,projected,5.0,0.2,6,2.18,14.701,11.011,2.0,6.627,12.358,20.411,34.608,2.45,2.94,0.045,0.483,False,0.0,14.701,1,6,74
153.0,Vuskovic,DEF,Brighton,projected,5.0,2.9,6,3.53,14.645,11.528,2.0,7.0,12.717,19.717,31.801,2.441,2.929,0.037,0.459,True,0.0,14.645,1,6,-1
154.0,Sánchez,GK,Chelsea,projected,5.0,1.9,6,5.2,14.614,6.17,6.0,10.0,13.51,18.019,25.038,2.436,2.923,0.005,0.357,False,0.0,14.614,1,6,140
155.0,Jacquet,DEF,Liverpool,projected,5.0,1.9,6,3.53,14.6,12.1,1.95,7.0,12.358,19.616,34.437,2.433,2.92,0.045,0.486,True,0.0,14.6,1,6,-1
156.0,Tsimikas,DEF,Liverpool,projected,5.0,0.1,6,3.53,14.568,11.796,2.0,7.358,12.358,19.0,31.617,2.428,2.914,0.038,0.47,True,0.0,14.568,1,6,-1
157.0,Sadiki,MID,Sunderland,projected,5.0,0.4,6,4.92,14.472,5.189,8.0,11.0,14.0,16.627,22.744,2.412,2.894,0.006,0.363,False,0.0,14.472,1,6,545
158.0,C.Jones,MID,Liverpool,projected,5.5,0.1,6,2.86,14.434,7.944,4.95,9.0,13.0,18.65,29.24,2.406,2.624,0.016,0.468,False,0.0,14.434,1,6,373
159.0,Kostoulas,FWD,Brighton,projected,5.5,0.3,6,2.59,14.411,14.507,1.0,5.0,10.0,18.607,44.137,2.402,2.62,0.08,0.585,True,0.0,14.411,1,6,-1
160.0,Roefs,GK,Sunderland,projected,5.0,5.2,6,5.2,14.357,6.026,6.0,10.0,13.51,18.019,24.554,2.393,2.871,0.001,0.379,False,0.0,14.357,1,6,529
161.0,Merino,MID,Arsenal,projected,6.0,1.2,6,1.76,14.263,10.866,2.0,6.0,11.627,19.534,35.434,2.377,2.377,0.048,0.508,False,0.0,14.263,1,6,17
162.0,Sangaré,MID,Brentford,projected,5.5,1.0,6,3.82,14.249,6.846,5.0,10.0,13.0,18.0,26.013,2.375,2.591,0.011,0.437,False,0.0,14.249,1,6,488
163.0,Lammens,GK,Man United,projected,5.0,20.4,6,4.78,14.178,5.757,5.0,10.51,13.51,18.019,23.528,2.363,2.836,0.0,0.37,False,0.0,14.178,1,6,412
164.0,Gvardiol,DEF,Man City,projected,5.5,11.8,6,2.59,14.126,9.972,1.95,7.0,11.896,19.717,33.424,2.354,2.568,0.038,0.508,False,0.0,14.126,1,6,391
165.0,Manzambi,MID,Aston Villa,projected,6.0,2.3,6,3.23,14.064,13.55,2.0,6.0,11.0,17.358,36.479,2.344,2.344,0.052,0.579,True,0.0,14.064,1,6,-1
166.0,Martinelli,MID,Arsenal,projected,6.5,0.3,6,1.9,14.055,10.665,1.0,5.627,12.306,19.717,35.434,2.342,2.162,0.046,0.498,False,0.0,14.055,1,6,18
167.0,Anthony,MID,Brentford,projected,6.0,0.2,6,3.23,14.021,13.117,2.0,6.0,11.0,17.0,38.434,2.337,2.337,0.059,0.573,True,0.0,14.021,1,6,-1
168.0,Elliott,MID,Liverpool,projected,5.5,0.1,6,2.93,13.974,14.412,1.0,5.0,10.0,17.0,40.993,2.329,2.541,0.071,0.609,True,0.0,13.974,1,6,-1
169.0,Romero,DEF,Tottenham,projected,5.0,1.1,6,3.41,13.969,7.849,3.0,8.358,13.358,18.358,29.079,2.328,2.794,0.016,0.454,False,0.0,13.969,1,6,500
170.0,Smith Rowe,MID,Fulham,projected,5.5,0.4,6,3.41,13.936,7.983,4.0,8.0,12.627,18.358,29.703,2.323,2.534,0.01,0.472,False,0.0,13.936,1,6,262
171.0,Martinez,GK,Aston Villa,projected,5.0,4.7,6,4.78,13.917,5.849,6.0,9.51,13.51,18.019,24.528,2.32,2.783,0.001,0.404,False,0.0,13.917,1,6,28
172.0,Gannon-Doak,MID,Bournemouth,projected,5.0,0.1,6,2.63,13.909,13.794,1.0,5.0,10.0,17.358,42.707,2.318,2.782,0.081,0.6,True,0.0,13.909,1,6,-1
173.0,James,DEF,Chelsea,projected,5.5,8.0,6,3.14,13.854,8.136,3.0,8.0,12.358,18.176,29.154,2.309,2.519,0.012,0.484,False,0.0,13.854,1,6,142
174.0,Muharemović,DEF,Leeds,projected,5.0,1.3,6,3.53,13.821,10.515,2.0,7.0,12.0,18.448,32.437,2.304,2.764,0.035,0.508,True,0.0,13.821,1,6,-1
175.0,Bettinelli,GK,Man City,projected,4.5,0.0,6,4.01,13.782,7.45,2.0,8.51,13.51,19.019,27.038,2.297,3.063,0.003,0.43,True,0.0,13.782,1,6,-1
176.0,Fábio Vieira,MID,Arsenal,projected,5.5,0.0,6,2.93,13.753,12.894,1.0,6.0,11.0,16.986,38.434,2.292,2.501,0.065,0.57,True,0.0,13.753,1,6,-1
177.0,Ayari,MID,Brighton,projected,5.5,0.5,6,3.14,13.748,6.821,5.0,9.0,12.358,17.426,26.366,2.291,2.5,0.007,0.493,False,0.0,13.748,1,6,129
178.0,Bentancur,MID,Tottenham,projected,5.5,0.1,6,3.55,13.742,6.233,4.0,10.0,13.627,17.627,24.358,2.29,2.499,0.004,0.433,False,0.0,13.742,1,6,516
179.0,Justin,DEF,Leeds,projected,4.5,0.5,6,3.27,13.729,7.822,3.0,8.0,12.358,18.4,28.617,2.288,3.051,0.011,0.486,False,0.0,13.729,1,6,332
180.0,Petrović,GK,Bournemouth,projected,4.5,3.7,6,5.61,13.677,5.437,5.0,10.0,13.51,17.019,22.578,2.279,3.039,0.0,0.399,False,0.0,13.677,1,6,57
181.0,Lacey,MID,Man United,projected,5.0,0.1,6,2.63,13.485,14.089,1.0,5.0,9.358,16.717,39.792,2.247,2.697,0.074,0.619,True,0.0,13.485,1,6,-1
182.0,Groß,MID,Brighton,projected,5.5,8.5,6,2.86,13.479,8.059,3.0,7.0,12.358,17.986,28.99,2.246,2.451,0.011,0.488,False,0.0,13.479,1,6,124
183.0,Sels,GK,Nott'm Forest,projected,5.0,1.4,6,4.51,13.437,5.709,5.0,9.51,12.51,17.019,23.528,2.24,2.687,0.0,0.444,False,0.0,13.437,1,6,467
184.0,Travers,GK,Everton,projected,5.0,0.1,6,4.6,13.421,7.231,4.0,8.51,12.51,18.019,24.528,2.237,2.684,0.005,0.455,True,0.0,13.421,1,6,-1
185.0,Bijol,DEF,Leeds,projected,5.0,0.3,6,3.27,13.41,7.176,3.95,8.0,12.358,17.717,26.613,2.235,2.682,0.005,0.484,False,0.0,13.41,1,6,327
186.0,Hinshelwood,MID,Brighton,projected,6.0,0.3,6,3.14,13.372,8.296,3.0,7.0,11.627,18.358,29.075,2.229,2.229,0.016,0.514,False,0.0,13.372,1,6,123
187.0,Silva,DEF,Bournemouth,projected,5.0,0.1,6,3.53,13.357,11.023,2.0,6.0,11.358,16.814,31.618,2.226,2.671,0.034,0.528,True,0.0,13.357,1,6,-1
188.0,Ajer,DEF,Brentford,projected,4.5,1.5,6,3.14,13.346,7.666,3.0,8.0,12.358,17.571,27.348,2.224,2.966,0.011,0.487,False,0.0,13.346,1,6,87
189.0,Cardines,DEF,Crystal Palace,projected,4.5,0.0,6,3.09,13.316,11.962,1.0,6.0,11.358,17.717,32.527,2.219,2.959,0.039,0.541,True,0.0,13.316,1,6,-1
190.0,Colwill,DEF,Chelsea,projected,5.0,1.8,6,3.53,13.234,10.367,2.0,7.0,11.717,17.358,28.093,2.206,2.647,0.025,0.513,True,0.0,13.234,1,6,-1
191.0,Wharton,MID,Crystal Palace,projected,5.5,0.2,6,3.28,13.19,6.205,4.0,9.0,12.306,16.627,24.254,2.198,2.398,0.002,0.498,False,0.0,13.19,1,6,210
192.0,Strand Larsen,FWD,Crystal Palace,projected,6.0,0.6,6,3.96,13.189,6.481,5.0,8.0,12.0,16.775,26.06,2.198,2.198,0.005,0.529,False,0.0,13.189,1,6,222
193.0,Schuster,DEF,Brentford,projected,4.5,0.1,6,3.09,13.127,11.433,1.0,6.0,10.358,17.717,31.617,2.188,2.917,0.036,0.555,True,0.0,13.127,1,6,-1
194.0,Castagne,DEF,Fulham,projected,4.5,0.2,6,3.14,13.112,7.931,3.0,7.269,11.358,17.717,27.716,2.185,2.914,0.016,0.527,False,0.0,13.112,1,6,258
195.0,Tete,DEF,Fulham,projected,4.5,0.2,6,3.27,13.1,7.457,2.0,7.358,12.358,17.985,26.241,2.183,2.911,0.004,0.479,False,0.0,13.1,1,6,256
196.0,Lewis-Potter,MID,Brentford,projected,5.5,0.5,6,3.41,13.087,7.731,4.0,8.0,11.627,16.627,27.636,2.181,2.379,0.018,0.543,False,0.0,13.087,1,6,86
197.0,Horníček,GK,Newcastle,projected,5.0,0.2,6,4.6,13.07,6.235,3.0,9.0,12.51,17.019,23.528,2.178,2.614,0.001,0.446,True,0.0,13.07,1,6,-1
198.0,Dubravka,GK,Tottenham,projected,4.0,24.0,6,5.2,13.061,5.536,5.0,9.0,12.51,17.019,23.528,2.177,3.265,0.0,0.457,False,0.0,13.061,1,6,497
199.0,Bendito Mantato,MID,Man United,projected,4.5,0.2,6,2.32,12.971,16.126,0.0,4.0,8.814,16.358,40.361,2.162,2.883,0.06,0.64,True,0.0,12.971,1,6,-1
200.0,Yoro,DEF,Man United,projected,5.0,0.7,6,2.86,12.929,7.686,3.0,7.358,11.358,17.358,26.725,2.155,2.586,0.012,0.518,False,0.0,12.929,1,6,420
201.0,J.Murphy,MID,Newcastle,projected,6.0,0.2,6,3.0,12.892,9.084,2.0,6.0,11.358,17.28,28.37,2.149,2.149,0.021,0.543,False,0.0,12.892,1,6,457
202.0,Okafor,MID,Leeds,projected,6.0,0.7,6,3.0,12.887,8.934,2.0,6.0,11.0,17.358,30.456,2.148,2.148,0.021,0.541,False,0.0,12.887,1,6,336
203.0,George,MID,Everton,projected,5.5,0.1,6,2.93,12.877,12.394,1.0,5.0,10.0,16.0,36.434,2.146,2.341,0.051,0.618,True,0.0,12.877,1,6,-1
204.0,Robinson,DEF,Fulham,projected,4.5,2.7,6,2.73,12.856,8.848,1.0,6.358,11.358,17.254,29.509,2.143,2.857,0.016,0.523,False,0.0,12.856,1,6,254
205.0,Digne,DEF,Aston Villa,projected,4.5,1.4,6,3.27,12.845,7.432,3.0,7.358,11.985,16.896,25.625,2.141,2.854,0.01,0.505,False,0.0,12.845,1,6,30
206.0,Maguire,DEF,Man United,projected,5.0,8.3,6,3.0,12.755,8.008,2.0,7.0,11.358,17.277,27.617,2.126,2.551,0.01,0.519,False,0.0,12.755,1,6,418
207.0,Netz,DEF,Nott'm Forest,projected,4.5,0.0,6,3.09,12.751,11.696,1.0,6.0,10.358,16.717,31.437,2.125,2.834,0.031,0.576,True,0.0,12.751,1,6,-1
208.0,Kamada,MID,Crystal Palace,projected,5.0,0.3,6,3.41,12.738,6.645,4.0,8.0,12.0,16.358,25.254,2.123,2.548,0.004,0.533,False,0.0,12.738,1,6,214
209.0,Sosa,DEF,Crystal Palace,projected,4.5,0.0,6,3.09,12.693,10.412,1.0,5.0,11.0,17.358,29.733,2.116,2.821,0.031,0.541,True,0.0,12.693,1,6,-1
210.0,M.Sarr,DEF,Chelsea,projected,4.5,0.1,6,3.09,12.662,11.475,1.0,5.0,10.358,16.844,29.733,2.11,2.814,0.027,0.546,True,0.0,12.662,1,6,-1
211.0,Lerma,MID,Crystal Palace,projected,5.0,0.1,6,2.86,12.576,6.681,4.0,8.0,11.627,16.358,24.717,2.096,2.515,0.009,0.547,False,0.0,12.576,1,6,213
212.0,Lukić,MID,Fulham,projected,5.0,0.1,6,3.14,12.574,7.379,3.0,7.627,11.358,16.358,26.99,2.096,2.515,0.008,0.558,False,0.0,12.574,1,6,267
213.0,Costinha,DEF,Brighton,projected,4.5,0.0,6,3.09,12.532,9.812,1.0,6.0,11.358,16.792,27.447,2.089,2.785,0.02,0.545,True,0.0,12.532,1,6,-1
214.0,Maatsen,DEF,Aston Villa,projected,4.5,0.6,6,2.73,12.529,7.725,2.0,7.0,11.358,16.814,27.15,2.088,2.784,0.011,0.549,False,0.0,12.529,1,6,36
215.0,Hackney,MID,Everton,projected,5.5,0.3,6,2.93,12.523,12.512,1.0,5.0,10.0,15.0,33.767,2.087,2.277,0.044,0.639,True,0.0,12.523,1,6,-1
216.0,Dorgu,MID,Man United,projected,6.0,1.8,6,2.45,12.494,8.535,3.0,6.0,10.627,16.65,28.344,2.082,2.082,0.017,0.568,False,0.0,12.494,1,6,415
217.0,Anselmino,DEF,Chelsea,projected,4.5,0.0,6,3.09,12.456,10.654,1.0,5.0,10.358,17.28,27.689,2.076,2.768,0.026,0.563,True,0.0,12.456,1,6,-1
218.0,Igor,DEF,Brighton,projected,4.5,0.1,6,3.09,12.425,9.732,1.0,6.0,11.179,16.717,28.634,2.071,2.761,0.026,0.561,True,0.0,12.425,1,6,-1
219.0,Jörgensen,GK,Chelsea,projected,5.0,0.1,6,4.6,12.373,6.15,3.0,8.0,11.51,16.51,23.528,2.062,2.475,0.0,0.504,True,0.0,12.373,1,6,-1
220.0,Patterson,DEF,Everton,projected,4.5,0.0,6,3.09,12.354,9.794,1.0,6.0,10.717,16.717,27.735,2.059,2.745,0.021,0.565,True,0.0,12.354,1,6,-1
221.0,Quenda,MID,Chelsea,projected,5.5,0.0,6,2.93,12.353,12.131,1.0,5.0,10.0,15.358,33.078,2.059,2.246,0.045,0.653,True,0.0,12.353,1,6,-1
222.0,Tzimas,FWD,Brighton,projected,5.5,0.0,6,1.94,12.276,12.052,1.0,4.0,8.353,16.427,36.12,2.046,2.232,0.051,0.622,True,0.0,12.276,1,6,-1
223.0,O'Riley,MID,Brighton,projected,5.5,0.1,6,2.93,12.272,10.853,1.0,5.0,10.0,15.0,34.434,2.045,2.231,0.048,0.628,True,0.0,12.272,1,6,-1
224.0,Brobbey,FWD,Sunderland,projected,6.0,19.8,6,3.41,12.256,7.168,4.0,7.0,11.0,15.707,26.074,2.043,2.043,0.005,0.571,False,0.0,12.256,1,6,552
225.0,Reinildo,DEF,Sunderland,projected,4.5,0.5,6,3.55,12.246,6.692,3.0,7.269,11.358,16.717,24.075,2.041,2.721,0.003,0.534,False,0.0,12.246,1,6,536
226.0,Palacios,MID,Fulham,projected,5.5,0.0,6,2.93,12.235,11.805,1.0,5.0,9.0,15.0,33.076,2.039,2.225,0.041,0.633,True,0.0,12.235,1,6,-1
227.0,King,MID,Fulham,projected,5.5,0.1,6,2.93,12.201,11.08,1.0,5.0,9.627,16.0,33.076,2.033,2.218,0.037,0.625,True,0.0,12.201,1,6,-1
228.0,John,GK,Nott'm Forest,projected,4.5,0.1,6,4.01,12.2,7.734,2.0,7.0,11.51,17.019,24.038,2.033,2.711,0.003,0.528,True,0.0,12.2,1,6,-1
229.0,Ji-soo,DEF,Brentford,projected,4.5,0.0,6,3.09,12.197,9.867,1.0,6.0,10.358,16.358,27.448,2.033,2.71,0.028,0.571,True,0.0,12.197,1,6,-1
230.0,Mingueza,DEF,Crystal Palace,projected,4.5,0.1,6,3.09,12.163,9.638,1.0,5.0,10.358,17.019,29.052,2.027,2.703,0.018,0.564,True,0.0,12.163,1,6,-1
231.0,Disasi,DEF,Chelsea,projected,4.5,0.1,6,3.09,12.151,9.951,1.0,5.358,10.358,16.358,28.079,2.025,2.7,0.021,0.583,True,0.0,12.151,1,6,-1
232.0,De Cuyper,DEF,Brighton,projected,4.5,1.4,6,2.73,12.126,9.141,0.0,5.627,10.358,16.411,28.98,2.021,2.695,0.021,0.579,False,0.0,12.126,1,6,115
233.0,Georginio,FWD,Brighton,projected,5.5,0.7,6,3.14,12.103,7.262,3.0,7.0,10.627,15.98,25.966,2.017,2.201,0.009,0.591,False,0.0,12.103,1,6,125
234.0,Pope,GK,Newcastle,projected,5.0,1.1,6,4.1,12.076,5.813,4.0,7.877,11.51,16.019,22.528,2.013,2.415,0.001,0.544,False,0.0,12.076,1,6,442
235.0,Monga,MID,Man City,projected,5.0,0.0,6,2.63,12.07,13.51,1.0,5.0,9.0,14.989,33.753,2.012,2.414,0.042,0.671,True,0.0,12.07,1,6,-1
236.0,N.Gonzalez,MID,Man City,projected,5.5,0.1,6,2.73,12.06,6.833,3.0,7.0,11.0,15.358,25.744,2.01,2.193,0.004,0.597,False,0.0,12.06,1,6,405
237.0,Phillips,DEF,Tottenham,projected,4.5,0.1,6,3.09,12.003,10.214,1.0,5.0,10.0,15.717,29.079,2.0,2.667,0.03,0.594,True,0.0,12.003,1,6,-1
238.0,Khusanov,DEF,Man City,projected,5.5,2.0,6,2.45,11.973,7.344,2.0,6.358,10.985,16.254,25.15,1.996,2.177,0.007,0.553,False,0.0,11.973,1,6,393
239.0,Mainoo,MID,Man United,projected,5.5,1.3,6,2.59,11.965,6.301,4.0,7.0,11.0,15.0,24.376,1.994,2.175,0.003,0.593,False,0.0,11.965,1,6,432
240.0,McAtee,MID,Nott'm Forest,projected,5.5,0.1,6,2.93,11.951,10.326,2.0,5.0,10.0,15.0,31.125,1.992,2.173,0.043,0.646,True,0.0,11.951,1,6,-1
241.0,Spence,DEF,Tottenham,projected,4.5,9.3,6,3.55,11.951,6.995,3.0,7.0,10.358,15.985,24.15,1.992,2.656,0.006,0.565,False,0.0,11.951,1,6,505
242.0,Vicario,GK,Tottenham,projected,4.5,1.5,6,4.65,11.95,5.396,4.0,8.0,11.51,15.142,21.578,1.992,2.656,0.0,0.549,False,0.0,11.95,1,6,494
243.0,Garnacho,MID,Aston Villa,projected,6.0,1.0,6,2.31,11.95,9.066,2.0,6.0,10.0,16.254,30.075,1.992,1.992,0.024,0.614,False,0.0,11.95,1,6,160
244.0,Echeverri,MID,Man City,projected,5.0,0.0,6,2.63,11.94,11.821,1.0,5.0,9.0,15.0,32.735,1.99,2.388,0.042,0.652,True,0.0,11.94,1,6,-1
245.0,Hutchinson,MID,Nott'm Forest,projected,5.5,0.2,6,2.73,11.932,7.023,3.95,7.0,10.627,14.985,24.612,1.989,2.169,0.009,0.609,False,0.0,11.932,1,6,484
246.0,Ødegaard,MID,Arsenal,projected,6.5,3.0,6,2.59,11.919,8.73,2.0,5.627,10.0,16.063,29.249,1.987,1.834,0.021,0.607,False,0.0,11.919,1,6,15
247.0,Murillo,DEF,Nott'm Forest,projected,5.5,0.2,6,2.87,11.917,6.95,2.0,7.0,11.0,16.448,24.613,1.986,2.167,0.003,0.55,False,0.0,11.917,1,6,472
248.0,Coppola,DEF,Brighton,projected,4.5,0.0,6,3.09,11.891,8.494,1.0,6.0,10.358,16.717,26.976,1.982,2.643,0.012,0.572,True,0.0,11.891,1,6,-1
249.0,Obi,FWD,Man United,projected,4.5,1.2,6,2.28,11.881,13.945,0.0,4.0,8.0,14.353,35.784,1.98,2.64,0.05,0.69,True,0.0,11.881,1,6,-1
250.0,Meunier,DEF,Sunderland,projected,4.5,0.5,6,3.09,11.839,8.935,1.0,6.0,10.358,16.358,26.991,1.973,2.631,0.014,0.572,True,0.0,11.839,1,6,-1
251.0,Barco,MID,Chelsea,projected,5.5,0.0,6,2.93,11.826,10.409,1.0,5.0,10.0,15.0,31.536,1.971,2.15,0.037,0.642,True,0.0,11.826,1,6,-1
252.0,Pinnock,DEF,Brentford,projected,4.5,0.1,6,3.09,11.819,8.699,1.0,5.0,10.358,16.717,27.075,1.97,2.627,0.017,0.577,True,0.0,11.819,1,6,-1
253.0,Kalimuendo,FWD,Nott'm Forest,projected,5.5,0.1,6,2.59,11.788,12.334,1.0,4.0,8.0,15.353,36.766,1.965,2.143,0.052,0.675,True,0.0,11.788,1,6,-1
254.0,Adams,MID,Bournemouth,projected,5.0,0.7,6,3.27,11.775,5.994,3.0,8.0,11.0,15.0,22.372,1.963,2.355,0.002,0.585,False,0.0,11.775,1,6,73
255.0,Fatawu,MID,Ipswich,projected,5.5,0.3,6,2.93,11.732,11.438,1.0,5.0,9.0,14.788,31.075,1.955,2.133,0.033,0.663,True,0.0,11.732,1,6,-1
256.0,Wright,FWD,Coventry,projected,5.5,1.8,6,2.59,11.729,10.995,0.95,4.0,9.353,15.353,33.413,1.955,2.133,0.039,0.648,True,0.0,11.729,1,6,-1
257.0,Neave,FWD,Newcastle,projected,4.5,0.7,6,2.28,11.723,13.464,1.0,3.0,8.0,15.353,36.766,1.954,2.605,0.053,0.681,True,0.0,11.723,1,6,-1
258.0,Philogene,MID,Ipswich,projected,5.5,0.2,6,2.93,11.702,11.311,1.0,5.0,9.0,15.0,29.518,1.95,2.128,0.033,0.661,True,0.0,11.702,1,6,-1
259.0,Buonanotte,MID,Brighton,projected,5.0,0.1,6,2.63,11.659,11.793,0.0,4.0,9.0,14.358,34.703,1.943,2.332,0.045,0.687,True,0.0,11.659,1,6,-1
260.0,Canvot,DEF,Crystal Palace,projected,5.0,0.6,6,2.31,11.642,7.461,2.0,6.0,10.358,16.358,25.357,1.94,2.328,0.004,0.578,False,0.0,11.642,1,6,203
261.0,Danso,DEF,Tottenham,projected,5.0,0.2,6,2.73,11.641,7.188,2.0,6.0,10.358,15.717,24.905,1.94,2.328,0.005,0.587,False,0.0,11.641,1,6,501
262.0,Clarke,MID,Ipswich,projected,5.5,0.3,6,2.93,11.619,11.25,1.0,5.0,9.0,14.0,30.735,1.937,2.113,0.039,0.669,True,0.0,11.619,1,6,-1
263.0,J.Fletcher,MID,Man United,projected,5.0,0.0,6,2.63,11.574,12.531,1.0,4.0,8.358,14.0,33.193,1.929,2.315,0.047,0.69,True,0.0,11.574,1,6,-1
264.0,Pau,DEF,Aston Villa,projected,4.5,0.2,6,2.86,11.51,7.224,3.0,6.358,10.358,15.254,25.165,1.918,2.558,0.007,0.61,False,0.0,11.51,1,6,34
265.0,Steur,MID,Newcastle,projected,5.0,0.1,6,2.63,11.497,11.329,1.0,5.0,9.0,14.0,32.466,1.916,2.299,0.044,0.685,True,0.0,11.497,1,6,-1
266.0,Hirst,FWD,Ipswich,projected,5.0,0.5,6,2.43,11.479,11.525,0.0,3.0,8.0,15.612,33.463,1.913,2.296,0.041,0.652,True,0.0,11.479,1,6,-1
267.0,Dibling,MID,Everton,projected,5.5,0.1,6,2.93,11.471,10.497,1.0,5.0,9.814,14.0,29.075,1.912,2.086,0.032,0.659,True,0.0,11.471,1,6,-1
268.0,Janelt,MID,Brentford,projected,5.0,0.1,6,2.45,11.461,6.95,2.0,6.0,10.0,15.0,24.886,1.91,2.292,0.006,0.608,False,0.0,11.461,1,6,98
269.0,Nketiah,FWD,Crystal Palace,projected,5.5,0.5,6,2.59,11.446,11.788,1.0,4.0,8.353,14.353,36.766,1.908,2.081,0.051,0.696,True,0.0,11.446,1,6,-1
270.0,Collyer,MID,Man United,projected,5.0,0.0,6,2.63,11.431,11.962,1.0,4.627,8.0,14.064,32.622,1.905,2.286,0.042,0.686,True,0.0,11.431,1,6,-1
271.0,P.M.Sarr,MID,Tottenham,projected,5.0,0.4,6,2.18,11.411,6.723,3.0,7.0,10.0,14.627,24.618,1.902,2.282,0.005,0.644,False,0.0,11.411,1,6,518
272.0,McBurnie,FWD,Hull,projected,5.5,1.8,6,2.59,11.408,12.214,1.0,4.0,8.0,13.627,33.766,1.901,2.074,0.045,0.696,True,0.0,11.408,1,6,-1
273.0,Torp,MID,Coventry,projected,5.5,0.2,6,2.93,11.387,10.077,1.0,5.0,9.0,14.358,29.075,1.898,2.07,0.028,0.66,True,0.0,11.387,1,6,-1
274.0,Morato,DEF,Nott'm Forest,projected,5.0,0.1,6,2.31,11.371,7.644,2.0,6.0,10.0,15.448,25.254,1.895,2.274,0.007,0.599,False,0.0,11.371,1,6,470
275.0,Penders,GK,Chelsea,projected,4.5,0.1,6,4.01,11.365,7.226,2.0,6.51,10.51,15.019,22.528,1.894,2.525,0.004,0.571,True,0.0,11.365,1,6,-1
276.0,Madueke,MID,Arsenal,projected,6.5,0.4,6,2.59,11.355,8.825,0.0,5.0,9.627,15.358,28.263,1.892,1.747,0.015,0.615,False,0.0,11.355,1,6,16
277.0,Aznou,DEF,Everton,projected,4.0,0.2,6,2.65,11.333,10.512,0.0,4.0,9.948,16.064,28.514,1.889,2.833,0.02,0.626,True,0.0,11.333,1,6,-1
278.0,Reed,MID,Fulham,projected,4.5,1.1,6,2.32,11.33,12.333,0.0,4.0,8.0,14.358,32.466,1.888,2.518,0.038,0.677,True,0.0,11.33,1,6,-1
279.0,Joelinton,MID,Newcastle,projected,5.5,0.0,6,2.66,11.311,7.856,2.0,6.0,10.0,15.627,26.102,1.885,2.057,0.01,0.621,False,0.0,11.311,1,6,458
280.0,Andrey Santos,MID,Man United,projected,5.0,1.4,6,2.18,11.307,8.188,2.0,5.627,9.358,15.0,28.362,1.885,2.261,0.015,0.645,False,0.0,11.307,1,6,162
281.0,Maeda,MID,Ipswich,projected,5.5,0.4,6,2.93,11.301,10.441,1.0,5.0,9.0,13.426,29.735,1.883,2.055,0.034,0.69,True,0.0,11.301,1,6,-1
282.0,J.Araujo,DEF,Bournemouth,projected,4.5,0.1,6,3.09,11.293,10.239,1.0,5.0,9.358,14.717,26.089,1.882,2.51,0.024,0.643,True,0.0,11.293,1,6,-1
283.0,Adli,MID,Bournemouth,projected,5.0,0.2,6,1.76,11.28,8.536,2.0,5.0,9.358,15.358,28.381,1.88,2.256,0.019,0.633,False,0.0,11.28,1,6,77
284.0,Johnson,MID,Crystal Palace,projected,6.0,0.2,6,3.0,11.239,6.834,3.0,7.0,10.0,14.358,23.717,1.873,1.873,0.01,0.649,False,0.0,11.239,1,6,209
285.0,Gillespie,GK,Newcastle,projected,4.5,0.0,6,4.01,11.2,6.283,2.0,6.51,11.0,15.019,21.528,1.867,2.489,0.0,0.564,True,0.0,11.2,1,6,-1
286.0,Mason-Clark,MID,Coventry,projected,5.5,0.3,6,2.93,11.188,9.47,1.0,5.0,9.0,14.0,29.075,1.865,2.034,0.03,0.687,True,0.0,11.188,1,6,-1
287.0,Valdimarsson,GK,Brentford,projected,4.5,0.1,6,4.01,11.162,6.256,2.0,6.51,10.51,15.142,22.528,1.86,2.481,0.0,0.573,True,0.0,11.162,1,6,-1
288.0,Iling Jr,MID,Aston Villa,projected,5.0,0.0,6,2.63,11.153,10.308,1.0,4.75,9.0,14.0,32.434,1.859,2.231,0.034,0.685,True,0.0,11.153,1,6,-1
289.0,Ellborg,GK,Sunderland,projected,4.5,0.1,6,4.01,11.122,6.171,2.0,6.51,10.51,15.51,22.528,1.854,2.472,0.0,0.571,True,0.0,11.122,1,6,-1
290.0,Grealish,MID,Man City,projected,6.5,0.2,6,2.15,11.109,8.364,1.0,5.0,9.358,14.985,27.362,1.851,1.709,0.02,0.632,False,0.0,11.109,1,6,238
291.0,Seelt,DEF,Sunderland,projected,4.5,0.0,6,3.09,11.072,8.621,1.0,5.0,9.358,15.717,25.125,1.845,2.46,0.012,0.616,True,0.0,11.072,1,6,-1
292.0,Jaouen,GK,Newcastle,projected,4.5,0.1,6,4.01,11.069,6.349,2.0,6.51,10.51,15.019,22.528,1.845,2.46,0.001,0.598,True,0.0,11.069,1,6,-1
293.0,Aina,DEF,Nott'm Forest,projected,4.5,4.6,6,2.86,11.053,6.74,2.0,6.0,10.358,14.717,23.075,1.842,2.456,0.005,0.598,False,0.0,11.053,1,6,473
294.0,Benitez,GK,Crystal Palace,projected,4.5,0.1,6,4.01,10.997,6.18,2.0,6.51,10.51,15.019,22.528,1.833,2.444,0.0,0.584,True,0.0,10.997,1,6,-1
295.0,Alysson,MID,Aston Villa,projected,5.0,0.0,6,2.63,10.975,11.178,1.0,5.0,9.0,14.0,28.891,1.829,2.195,0.035,0.693,True,0.0,10.975,1,6,-1
296.0,Emersonn,FWD,Ipswich,projected,5.5,0.3,6,2.59,10.925,10.625,1.0,4.0,8.0,13.627,32.766,1.821,1.986,0.039,0.698,True,0.0,10.925,1,6,-1
297.0,Bamba,MID,Newcastle,projected,5.0,0.1,6,2.63,10.919,11.958,1.0,5.0,8.0,13.0,29.448,1.82,2.184,0.037,0.724,True,0.0,10.919,1,6,-1
298.0,Nedeljkovic,DEF,Aston Villa,projected,4.0,0.5,6,2.65,10.913,9.627,1.0,4.0,9.0,15.358,27.613,1.819,2.728,0.021,0.644,True,0.0,10.913,1,6,-1
299.0,A.Becker,GK,Liverpool,projected,5.5,4.1,6,3.96,10.908,5.352,3.0,7.0,10.51,14.51,20.528,1.818,1.983,0.0,0.621,False,0.0,10.908,1,6,350
300.0,Bornauw,DEF,Leeds,projected,4.5,0.0,6,3.09,10.904,8.997,1.0,5.0,9.358,15.358,25.717,1.817,2.423,0.017,0.636,True,0.0,10.904,1,6,-1
301.0,Diarra,MID,Sunderland,projected,5.5,0.1,6,2.45,10.891,7.214,2.0,5.0,9.358,14.358,24.108,1.815,1.98,0.007,0.623,False,0.0,10.891,1,6,543
302.0,Tielemans,MID,Man United,projected,6.0,0.8,6,2.46,10.883,6.971,2.0,6.0,9.627,14.627,24.344,1.814,1.814,0.003,0.637,False,0.0,10.883,1,6,43
303.0,Koumas,MID,Liverpool,projected,5.0,0.0,6,2.63,10.849,11.622,1.0,4.0,8.0,13.0,32.447,1.808,2.17,0.037,0.727,True,0.0,10.849,1,6,-1
304.0,Amass,DEF,Man United,projected,4.0,0.2,6,2.65,10.802,8.946,0.0,4.0,9.358,15.064,25.618,1.8,2.7,0.019,0.623,True,0.0,10.802,1,6,-1
305.0,Dominguez,MID,Nott'm Forest,projected,5.0,0.1,6,2.73,10.793,7.182,2.0,6.0,10.0,14.0,24.018,1.799,2.159,0.007,0.653,False,0.0,10.793,1,6,487
306.0,Souza,DEF,Tottenham,projected,4.0,0.3,6,2.65,10.776,10.159,1.0,4.0,8.358,14.358,28.689,1.796,2.694,0.023,0.669,True,0.0,10.776,1,6,-1
307.0,Yohanna,MID,Brighton,projected,5.0,0.1,6,2.63,10.753,10.091,1.0,5.0,9.0,13.0,30.075,1.792,2.151,0.031,0.714,True,0.0,10.753,1,6,-1
308.0,Piroe,FWD,Leeds,projected,5.0,0.5,6,2.43,10.753,10.932,1.0,3.0,8.0,14.353,31.816,1.792,2.151,0.042,0.7,True,0.0,10.753,1,6,-1
309.0,Tchaouna,MID,Coventry,projected,5.5,0.1,6,2.93,10.75,8.988,1.0,5.0,9.0,14.0,25.103,1.792,1.955,0.023,0.687,True,0.0,10.75,1,6,-1
310.0,Estêvão,MID,Chelsea,projected,6.5,1.8,6,2.04,10.732,9.524,0.0,4.0,8.627,15.28,28.362,1.789,1.651,0.026,0.63,False,0.0,10.732,1,6,157
311.0,Fredricson,DEF,Man United,projected,4.0,0.1,6,2.65,10.716,8.581,1.0,4.0,9.358,15.717,25.689,1.786,2.679,0.008,0.618,True,0.0,10.716,1,6,-1
312.0,A.Murphy,DEF,Newcastle,projected,4.0,0.8,6,2.65,10.71,10.568,1.0,4.0,8.896,14.358,26.86,1.785,2.678,0.022,0.66,True,0.0,10.71,1,6,-1
313.0,Akpom,FWD,Ipswich,projected,5.0,0.5,6,2.43,10.675,10.524,0.0,4.0,8.0,13.78,30.413,1.779,2.135,0.031,0.698,True,0.0,10.675,1,6,-1
314.0,O.Richards,DEF,Nott'm Forest,projected,4.0,0.2,6,2.65,10.666,9.311,0.0,4.0,8.358,15.358,26.429,1.778,2.667,0.014,0.637,True,0.0,10.666,1,6,-1
315.0,Doucouré,MID,Crystal Palace,projected,5.0,0.1,6,2.63,10.646,9.764,1.0,5.0,8.0,13.358,28.075,1.774,2.129,0.025,0.709,True,0.0,10.646,1,6,-1
316.0,Tel,MID,Tottenham,projected,6.0,0.4,6,2.18,10.636,7.067,2.0,5.0,9.0,14.358,23.363,1.773,1.773,0.008,0.649,False,0.0,10.636,1,6,514
317.0,Nørgaard,MID,Arsenal,projected,5.0,0.3,6,2.63,10.636,10.523,1.0,4.0,9.0,13.358,26.735,1.773,2.127,0.026,0.708,True,0.0,10.636,1,6,-1
318.0,Masuaku,DEF,Sunderland,projected,4.0,1.4,6,2.65,10.616,9.561,0.0,4.0,8.896,14.717,26.735,1.769,2.654,0.018,0.655,True,0.0,10.616,1,6,-1
319.0,J.Ramsey,MID,Newcastle,projected,5.0,0.5,6,2.45,10.61,6.76,2.0,6.0,9.0,14.254,23.717,1.768,2.122,0.005,0.667,False,0.0,10.61,1,6,456
320.0,Crooks,MID,Hull,projected,4.5,0.7,6,2.32,10.594,9.987,1.0,4.0,8.358,14.358,27.717,1.766,2.354,0.021,0.656,True,0.0,10.594,1,6,-1
321.0,Schlager,MID,Nott'm Forest,projected,5.0,0.1,6,2.63,10.559,10.072,1.0,5.0,8.0,13.0,28.108,1.76,2.112,0.031,0.724,True,0.0,10.559,1,6,-1
322.0,Mings,DEF,Aston Villa,projected,4.5,0.2,6,2.45,10.545,7.684,1.0,5.0,9.358,14.717,24.613,1.757,2.343,0.01,0.653,False,0.0,10.545,1,6,33
323.0,Hudson-Odoi,MID,Nott'm Forest,projected,6.0,0.0,6,2.46,10.544,7.339,2.0,5.0,9.0,14.064,25.357,1.757,1.757,0.004,0.655,False,0.0,10.544,1,6,482
324.0,Ramsay,DEF,Liverpool,projected,4.0,0.2,6,2.65,10.466,9.217,0.0,4.0,9.0,14.717,25.972,1.744,2.617,0.021,0.653,True,0.0,10.466,1,6,-1
325.0,Belloumi,MID,Hull,projected,5.0,0.6,6,2.63,10.448,10.167,1.0,4.0,8.0,13.0,31.075,1.741,2.09,0.034,0.727,True,0.0,10.448,1,6,-1
326.0,Thomas-Asante,FWD,Coventry,projected,5.0,0.9,6,2.43,10.41,10.164,1.0,4.0,8.0,13.353,31.054,1.735,2.082,0.03,0.72,True,0.0,10.41,1,6,-1
327.0,Tóth.A,MID,Bournemouth,projected,5.0,0.0,6,2.63,10.403,11.155,0.0,4.0,8.0,13.0,28.084,1.734,2.081,0.029,0.724,True,0.0,10.403,1,6,-1
328.0,Abbott,DEF,Nott'm Forest,projected,4.0,0.2,6,2.65,10.387,8.087,1.0,4.0,9.358,14.717,24.165,1.731,2.597,0.01,0.63,True,0.0,10.387,1,6,-1
329.0,Nmecha,FWD,Leeds,projected,5.5,0.6,6,1.76,10.336,7.473,2.0,4.0,8.627,14.353,25.413,1.723,1.879,0.006,0.66,False,0.0,10.336,1,6,347
330.0,Heaton,GK,Man United,projected,4.0,0.3,6,3.42,10.333,6.829,1.0,5.0,9.51,14.51,22.528,1.722,2.583,0.001,0.631,True,0.0,10.333,1,6,-1
331.0,Bindon,DEF,Nott'm Forest,projected,4.0,0.2,6,2.65,10.32,8.68,1.0,4.0,8.358,14.717,26.717,1.72,2.58,0.019,0.659,True,0.0,10.32,1,6,-1
332.0,Steele,GK,Brighton,projected,4.0,4.6,6,3.42,10.299,6.498,1.0,5.0,9.51,14.51,21.528,1.716,2.575,0.001,0.624,True,0.0,10.299,1,6,-1
333.0,Angulo,MID,Sunderland,projected,5.0,0.1,6,2.63,10.238,8.875,1.0,4.0,8.0,13.0,25.99,1.706,2.048,0.022,0.708,True,0.0,10.238,1,6,-1
334.0,Tanaka,MID,Leeds,projected,5.0,0.3,6,2.31,10.23,6.554,2.0,5.0,9.358,14.0,21.717,1.705,2.046,0.003,0.666,False,0.0,10.23,1,6,345
335.0,A.García,DEF,Aston Villa,projected,4.0,1.6,6,2.65,10.195,8.094,1.0,4.0,8.358,14.358,25.075,1.699,2.549,0.008,0.679,True,0.0,10.195,1,6,-1
336.0,Hughes,MID,Crystal Palace,projected,4.5,11.1,6,3.0,10.193,6.298,2.0,6.0,9.0,13.358,21.717,1.699,2.265,0.004,0.693,False,0.0,10.193,1,6,212
337.0,Moore,MID,Tottenham,projected,5.0,0.1,6,2.63,10.191,10.684,0.95,4.0,8.0,13.0,28.089,1.698,2.038,0.026,0.736,True,0.0,10.191,1,6,-1
338.0,Havertz,FWD,Arsenal,projected,7.5,4.0,6,1.35,10.184,11.116,0.0,2.0,7.353,14.707,31.481,1.697,1.358,0.041,0.649,False,0.0,10.184,1,6,26
339.0,Mosquera,DEF,Arsenal,projected,5.5,16.5,6,1.63,10.136,7.177,1.0,4.0,9.358,14.358,23.357,1.689,1.843,0.007,0.673,False,0.0,10.136,1,6,11
340.0,Jocelin.T,MID,Sunderland,projected,5.0,0.0,6,2.63,10.129,9.054,1.0,4.0,8.0,13.0,24.735,1.688,2.026,0.022,0.721,True,0.0,10.129,1,6,-1
341.0,Grimes,MID,Coventry,projected,5.0,0.2,6,2.63,10.129,9.702,0.95,4.0,8.0,12.0,28.075,1.688,2.026,0.032,0.752,True,0.0,10.129,1,6,-1
342.0,Hjelde,DEF,Sunderland,projected,4.0,0.3,6,2.65,10.123,8.417,0.0,4.0,8.358,14.358,26.075,1.687,2.531,0.015,0.65,True,0.0,10.123,1,6,-1
343.0,Iroegbunam,MID,Everton,projected,5.0,0.1,6,2.73,10.12,5.898,2.0,6.0,9.179,13.0,20.627,1.687,2.024,0.002,0.704,False,0.0,10.12,1,6,240
344.0,Morita,MID,Hull,projected,5.0,0.1,6,2.63,10.097,9.609,1.0,4.0,8.0,13.0,26.108,1.683,2.019,0.026,0.727,True,0.0,10.097,1,6,-1
345.0,Millar,MID,Hull,projected,5.0,0.1,6,2.63,10.075,9.43,1.0,4.0,8.0,13.0,28.376,1.679,2.015,0.023,0.735,True,0.0,10.075,1,6,-1
346.0,Lucky,DEF,Liverpool,projected,4.0,0.1,6,2.65,10.03,8.981,1.0,4.0,8.358,14.0,24.259,1.672,2.507,0.017,0.674,True,0.0,10.03,1,6,-1
347.0,Lecomte,GK,Fulham,projected,4.0,1.4,6,3.42,10.017,6.257,1.0,5.0,9.51,14.019,21.528,1.67,2.504,0.0,0.663,True,0.0,10.017,1,6,-1
348.0,Gelhardt,MID,Leeds,projected,5.0,0.0,6,2.63,10.017,8.984,1.0,4.0,8.0,13.0,26.075,1.669,2.003,0.026,0.726,True,0.0,10.017,1,6,-1
349.0,Eccles,MID,Coventry,projected,5.0,0.0,6,2.63,10.003,9.089,1.0,4.0,8.0,13.0,24.717,1.667,2.001,0.021,0.728,True,0.0,10.003,1,6,-1
350.0,Markelo,FWD,Coventry,projected,5.0,0.1,6,2.43,9.982,9.589,1.0,4.0,7.353,12.707,28.413,1.664,1.996,0.028,0.737,True,0.0,9.982,1,6,-1
351.0,Rodríguez,FWD,Bournemouth,projected,6.0,0.3,6,2.75,9.975,9.561,1.0,4.0,8.0,12.0,28.413,1.663,1.663,0.026,0.758,True,0.0,9.975,1,6,-1
352.0,Florentino,MID,Ipswich,projected,5.0,0.0,6,2.63,9.972,9.295,1.0,4.0,8.0,13.0,25.376,1.662,1.994,0.029,0.733,True,0.0,9.972,1,6,-1
353.0,McNally,GK,Fulham,projected,4.0,0.2,6,3.42,9.961,6.27,1.0,5.0,9.51,13.51,22.063,1.66,2.49,0.0,0.66,True,0.0,9.961,1,6,-1
354.0,Marmoush,FWD,Man City,projected,7.0,0.7,6,1.49,9.953,10.379,0.0,2.0,7.353,14.707,30.766,1.659,1.422,0.026,0.684,False,0.0,9.953,1,6,401
355.0,Mehmeti,MID,Ipswich,projected,5.0,0.1,6,2.63,9.943,8.735,1.0,4.0,8.0,13.0,26.717,1.657,1.989,0.019,0.721,True,0.0,9.943,1,6,-1
356.0,Delap,FWD,Chelsea,projected,5.5,0.5,6,2.04,9.932,8.272,1.0,4.0,8.353,13.353,27.078,1.655,1.806,0.012,0.71,False,0.0,9.932,1,6,167
357.0,Fletcher,MID,Man United,projected,4.5,0.3,6,2.32,9.931,10.658,0.0,4.0,7.0,12.358,27.075,1.655,2.207,0.029,0.749,True,0.0,9.931,1,6,-1
358.0,M.França,MID,Crystal Palace,projected,5.0,0.0,6,2.63,9.925,9.702,1.0,4.0,8.0,13.0,26.108,1.654,1.985,0.027,0.734,True,0.0,9.925,1,6,-1
359.0,J.Rak-Sakyi,MID,Crystal Palace,projected,5.0,0.0,6,2.63,9.925,8.751,1.0,4.0,8.0,13.0,25.518,1.654,1.985,0.02,0.722,True,0.0,9.925,1,6,-1
360.0,Ogbene,MID,Ipswich,projected,5.0,0.0,6,2.63,9.918,9.363,1.0,4.0,8.0,13.0,27.075,1.653,1.984,0.023,0.737,True,0.0,9.918,1,6,-1
361.0,Kamara,MID,Hull,projected,5.0,0.1,6,2.63,9.905,8.551,1.0,4.0,8.0,13.0,25.73,1.651,1.981,0.016,0.735,True,0.0,9.905,1,6,-1
362.0,Matthews,GK,Crystal Palace,projected,4.0,1.7,6,3.42,9.894,6.562,1.0,5.0,9.51,14.019,20.019,1.649,2.473,0.001,0.651,True,0.0,9.894,1,6,-1
363.0,Ömür,MID,Hull,projected,5.0,0.0,6,2.63,9.893,11.418,1.0,4.0,8.0,12.0,23.717,1.649,1.979,0.019,0.759,True,0.0,9.893,1,6,-1
364.0,Simms,FWD,Coventry,projected,5.0,0.6,6,2.43,9.88,10.281,0.0,3.0,7.0,12.353,28.128,1.647,1.976,0.032,0.74,True,0.0,9.88,1,6,-1
365.0,Szmodics,MID,Ipswich,projected,5.0,0.1,6,2.63,9.821,9.176,1.0,4.0,8.0,12.064,25.075,1.637,1.964,0.02,0.75,True,0.0,9.821,1,6,-1
366.0,Lavia,MID,Chelsea,projected,5.0,0.0,6,2.63,9.808,9.269,1.0,4.0,8.0,12.627,23.075,1.635,1.962,0.017,0.743,True,0.0,9.808,1,6,-1
367.0,Aït-Nouri,DEF,Man City,projected,5.5,1.0,6,2.04,9.735,8.59,0.0,3.0,8.358,13.985,26.083,1.622,1.77,0.018,0.684,False,0.0,9.735,1,6,392
368.0,Mundle,MID,Sunderland,projected,5.0,0.0,6,2.63,9.721,8.49,1.0,4.0,8.0,13.0,23.394,1.62,1.944,0.016,0.723,True,0.0,9.721,1,6,-1
369.0,Akintola,MID,Hull,projected,5.0,0.0,6,2.63,9.699,9.017,1.0,4.0,8.0,12.0,24.717,1.616,1.94,0.018,0.751,True,0.0,9.699,1,6,-1
370.0,Walle Egeli,FWD,Ipswich,projected,4.5,2.1,6,2.28,9.66,10.343,1.0,3.0,7.0,12.0,29.413,1.61,2.147,0.034,0.758,True,0.0,9.66,1,6,-1
371.0,Savinho,MID,Man City,projected,6.5,0.1,6,1.35,9.631,8.295,1.0,4.0,7.627,13.358,25.375,1.605,1.482,0.015,0.7,False,0.0,9.631,1,6,403
372.0,Núñez,MID,Ipswich,projected,5.0,0.2,6,2.63,9.622,8.472,1.0,4.0,8.0,13.0,22.717,1.604,1.924,0.016,0.735,True,0.0,9.622,1,6,-1
373.0,McConnell,MID,Liverpool,projected,4.5,0.2,6,2.32,9.608,10.526,0.0,4.0,7.0,12.0,26.075,1.601,2.135,0.032,0.767,True,0.0,9.608,1,6,-1
374.0,Gray,MID,Tottenham,projected,5.0,0.2,6,2.86,9.589,5.984,2.0,5.0,8.814,12.627,20.73,1.598,1.918,0.002,0.724,False,0.0,9.589,1,6,522
375.0,Scherpen,GK,Ipswich,projected,4.5,0.3,6,4.01,9.587,6.127,1.0,5.0,8.51,13.51,21.019,1.598,2.131,0.0,0.67,True,0.0,9.587,1,6,-1
376.0,Al-Hamadi,FWD,Ipswich,projected,5.0,0.2,6,2.43,9.582,9.777,1.0,3.0,7.0,12.353,26.078,1.597,1.916,0.024,0.749,True,0.0,9.582,1,6,-1
377.0,Pecsi,GK,Liverpool,projected,4.0,0.1,6,3.42,9.571,6.26,1.0,5.0,8.51,13.51,21.528,1.595,2.393,0.0,0.695,True,0.0,9.571,1,6,-1
378.0,Destan,FWD,Hull,projected,4.5,2.6,6,2.28,9.549,9.994,0.0,3.75,7.0,12.0,27.413,1.592,2.122,0.021,0.755,True,0.0,9.549,1,6,-1
379.0,Woodman,GK,Liverpool,projected,4.0,1.2,6,3.42,9.541,6.123,1.0,5.0,8.51,13.51,20.528,1.59,2.385,0.0,0.685,True,0.0,9.541,1,6,-1
380.0,Mount,MID,Man United,projected,5.5,0.1,6,2.04,9.528,8.133,0.0,4.0,8.0,13.358,24.618,1.588,1.732,0.014,0.702,False,0.0,9.528,1,6,430
381.0,Burns,MID,Ipswich,projected,5.0,0.1,6,2.63,9.518,9.094,0.0,4.0,8.0,12.0,23.0,1.586,1.904,0.023,0.758,True,0.0,9.518,1,6,-1
382.0,Coyle,DEF,Hull,projected,4.0,0.4,6,2.65,9.446,9.411,0.95,3.0,7.358,13.0,24.089,1.574,2.361,0.016,0.727,True,0.0,9.446,1,6,-1
383.0,Zirkzee,FWD,Man United,projected,5.5,0.7,6,1.08,9.418,8.87,1.0,3.0,7.353,13.707,26.723,1.57,1.712,0.019,0.716,False,0.0,9.418,1,6,440
384.0,Elanga,MID,Newcastle,projected,6.0,0.7,6,2.31,9.414,6.727,2.0,5.0,8.0,12.627,22.735,1.569,1.569,0.004,0.729,False,0.0,9.414,1,6,454
385.0,Soler,DEF,Bournemouth,projected,4.0,0.6,6,2.65,9.405,8.537,0.0,3.0,8.0,13.0,23.717,1.567,2.351,0.011,0.715,True,0.0,9.405,1,6,-1
386.0,Onyeka,MID,Coventry,projected,5.0,0.2,6,2.63,9.39,8.171,1.0,4.0,8.0,12.0,22.376,1.565,1.878,0.014,0.759,True,0.0,9.39,1,6,-1
387.0,Egan,DEF,Hull,projected,4.0,0.9,6,2.65,9.385,9.514,0.0,3.0,7.0,12.989,24.618,1.564,2.346,0.023,0.715,True,0.0,9.385,1,6,-1
388.0,Davis,DEF,Ipswich,projected,4.0,3.4,6,2.65,9.352,8.863,0.0,3.0,7.358,13.358,24.717,1.559,2.338,0.013,0.703,True,0.0,9.352,1,6,-1
389.0,Solanke,FWD,Tottenham,projected,6.0,2.7,6,1.9,9.345,7.725,1.0,4.0,7.813,13.353,23.06,1.558,1.558,0.009,0.716,False,0.0,9.345,1,6,526
390.0,Sakamoto,MID,Coventry,projected,5.0,0.1,6,2.63,9.341,8.923,1.0,4.0,7.813,12.0,22.731,1.557,1.868,0.018,0.762,True,0.0,9.341,1,6,-1
391.0,Osula,FWD,Newcastle,projected,6.0,1.6,6,1.49,9.34,8.748,1.0,3.0,7.353,13.353,25.687,1.557,1.557,0.018,0.719,False,0.0,9.34,1,6,465
392.0,Schär,DEF,Newcastle,projected,5.0,0.2,6,1.9,9.336,7.063,1.0,4.0,8.0,12.896,23.357,1.556,1.867,0.004,0.715,False,0.0,9.336,1,6,446
393.0,Kipré,DEF,Ipswich,projected,4.0,0.4,6,2.65,9.312,8.077,0.0,3.0,7.358,13.358,24.075,1.552,2.328,0.015,0.704,True,0.0,9.312,1,6,-1
394.0,Emegha,FWD,Chelsea,projected,5.0,0.2,6,1.83,9.283,10.279,1.0,3.0,6.0,11.353,28.413,1.547,1.857,0.028,0.774,True,0.0,9.283,1,6,-1
395.0,Drameh,DEF,Hull,projected,4.0,0.1,6,2.65,9.264,8.645,0.0,3.0,7.358,13.0,24.075,1.544,2.316,0.016,0.715,True,0.0,9.264,1,6,-1
396.0,García,FWD,Fulham,projected,6.0,0.9,6,2.75,9.24,9.064,1.0,4.0,7.0,11.0,26.06,1.54,1.54,0.025,0.816,True,0.0,9.24,1,6,-1
397.0,Wood,FWD,Nott'm Forest,projected,6.0,1.8,6,1.9,9.23,8.311,0.0,2.0,7.353,14.707,25.413,1.538,1.538,0.009,0.708,False,0.0,9.23,1,6,490
398.0,McCarthy,DEF,Hull,projected,4.0,0.1,6,2.65,9.218,8.468,0.0,3.0,7.127,12.896,24.075,1.536,2.305,0.015,0.728,True,0.0,9.218,1,6,-1
399.0,Byfield,DEF,Tottenham,projected,4.0,0.1,6,2.65,9.212,7.777,0.0,4.0,8.0,13.358,22.26,1.535,2.303,0.009,0.707,True,0.0,9.212,1,6,-1
400.0,Rowswell,DEF,Tottenham,projected,4.0,0.1,6,2.65,9.203,7.355,0.0,3.0,8.0,13.358,23.735,1.534,2.301,0.002,0.701,True,0.0,9.203,1,6,-1
401.0,Tzolakis,GK,Hull,projected,4.5,0.0,6,4.01,9.16,5.877,1.0,5.0,8.51,13.019,20.019,1.527,2.036,0.0,0.708,True,0.0,9.16,1,6,-1
402.0,Van Oevelen,GK,Ipswich,projected,4.5,0.1,6,4.01,9.158,6.035,1.0,5.0,8.51,12.51,19.044,1.526,2.035,0.002,0.703,True,0.0,9.158,1,6,-1
403.0,Walton,GK,Ipswich,projected,4.5,0.6,6,4.01,9.157,6.158,1.0,4.0,8.51,12.51,20.528,1.526,2.035,0.001,0.711,True,0.0,9.157,1,6,-1
404.0,Butland,GK,Hull,projected,4.5,1.0,6,4.01,9.14,5.869,1.0,4.382,8.51,12.51,20.019,1.523,2.031,0.0,0.71,True,0.0,9.14,1,6,-1
405.0,Furlong,DEF,Ipswich,projected,4.0,0.3,6,2.65,9.133,8.436,0.0,3.0,7.358,12.358,24.254,1.522,2.283,0.01,0.729,True,0.0,9.133,1,6,-1
406.0,Amenda,DEF,Coventry,projected,4.0,0.5,6,2.65,9.118,8.015,1.0,3.0,7.358,12.358,23.721,1.52,2.279,0.017,0.734,True,0.0,9.118,1,6,-1
407.0,Ajayi,DEF,Hull,projected,4.0,0.6,6,2.65,9.103,8.408,0.0,3.0,7.0,12.358,25.156,1.517,2.276,0.011,0.733,True,0.0,9.103,1,6,-1
408.0,O'Shea,DEF,Ipswich,projected,4.0,1.6,6,2.65,9.05,8.561,0.0,3.0,7.0,12.922,23.272,1.508,2.263,0.015,0.721,True,0.0,9.05,1,6,-1
409.0,Talbi,MID,Sunderland,projected,5.5,0.2,6,2.59,9.049,5.214,2.0,5.0,8.0,11.426,18.73,1.508,1.645,0.0,0.78,False,0.0,9.049,1,6,549
410.0,Rayan,MID,Bournemouth,projected,6.5,3.5,6,2.18,9.047,7.333,0.0,4.0,7.493,12.627,22.73,1.508,1.392,0.005,0.726,False,0.0,9.047,1,6,67
411.0,Giles,DEF,Hull,projected,4.0,0.6,6,2.65,9.033,8.77,0.0,3.0,7.0,12.358,23.717,1.506,2.258,0.016,0.746,True,0.0,9.033,1,6,-1
412.0,Esse,MID,Crystal Palace,projected,5.0,0.1,6,2.63,8.986,7.65,1.0,4.0,8.0,12.0,20.291,1.498,1.797,0.011,0.77,True,0.0,8.986,1,6,-1
413.0,McNair,DEF,Hull,projected,4.0,0.1,6,2.65,8.94,8.434,0.0,3.0,7.0,12.896,22.717,1.49,2.235,0.008,0.726,True,0.0,8.94,1,6,-1
414.0,Kluivert,MID,Bournemouth,projected,6.0,1.1,6,1.76,8.927,7.672,1.0,4.0,7.0,12.358,24.735,1.488,1.488,0.008,0.745,False,0.0,8.927,1,6,70
415.0,Kesler-Hayden,DEF,Coventry,projected,4.0,0.1,6,2.65,8.902,8.715,0.0,3.0,7.0,12.358,23.738,1.484,2.225,0.01,0.74,True,0.0,8.902,1,6,-1
416.0,Dowell,MID,Hull,projected,4.5,0.5,6,2.32,8.872,10.648,1.0,3.0,7.0,11.358,23.376,1.479,1.972,0.015,0.793,True,0.0,8.872,1,6,-1
417.0,Isidor,FWD,Sunderland,projected,5.5,1.2,6,1.9,8.864,6.446,2.0,4.0,7.0,11.353,21.11,1.477,1.612,0.003,0.77,False,0.0,8.864,1,6,553
418.0,Gallagher,MID,Tottenham,projected,5.5,0.2,6,2.31,8.86,6.383,1.0,4.0,8.0,12.0,20.73,1.477,1.611,0.002,0.76,False,0.0,8.86,1,6,519
419.0,Targett,DEF,Hull,projected,4.0,2.6,6,2.65,8.834,8.178,0.0,3.0,7.358,12.358,22.806,1.472,2.208,0.014,0.744,True,0.0,8.834,1,6,-1
420.0,McNeil,MID,Everton,projected,5.5,0.1,6,2.31,8.8,6.815,0.95,4.0,7.0,11.627,21.366,1.467,1.6,0.006,0.771,False,0.0,8.8,1,6,241
421.0,Muniz,FWD,Fulham,projected,5.5,0.7,6,1.76,8.784,6.93,1.0,4.0,7.0,11.353,22.352,1.464,1.597,0.005,0.76,False,0.0,8.784,1,6,271
422.0,Rushworth,GK,Coventry,projected,4.5,0.8,6,4.01,8.756,6.04,1.0,4.0,8.0,12.51,19.528,1.459,1.946,0.0,0.72,True,0.0,8.756,1,6,-1
423.0,Robertson,DEF,Tottenham,projected,4.5,1.8,6,1.9,8.713,6.693,2.0,4.0,7.358,11.627,21.792,1.452,1.936,0.007,0.77,False,0.0,8.713,1,6,502
424.0,Kusi-Asare,FWD,Fulham,projected,4.5,8.0,6,2.28,8.703,9.08,0.95,3.0,6.0,11.353,26.06,1.451,1.934,0.021,0.778,True,0.0,8.703,1,6,-1
425.0,Austin,GK,Tottenham,projected,4.0,0.6,6,3.42,8.698,5.555,1.0,4.0,8.51,12.51,18.019,1.45,2.174,0.001,0.741,True,0.0,8.698,1,6,-1
426.0,Brau,DEF,Coventry,projected,4.0,0.1,6,2.65,8.683,7.401,0.0,3.0,7.358,12.358,22.976,1.447,2.171,0.006,0.732,True,0.0,8.683,1,6,-1
427.0,Woolfenden,DEF,Coventry,projected,4.0,0.3,6,2.65,8.674,8.498,0.0,3.0,7.0,12.358,21.806,1.446,2.168,0.01,0.739,True,0.0,8.674,1,6,-1
428.0,Dennis,GK,Bournemouth,projected,4.0,0.2,6,3.42,8.65,5.986,1.0,4.0,7.51,12.51,18.528,1.442,2.163,0.001,0.716,True,0.0,8.65,1,6,-1
429.0,Greaves,DEF,Ipswich,projected,4.0,0.5,6,2.65,8.613,6.994,0.0,3.0,7.358,12.358,21.717,1.436,2.153,0.004,0.728,True,0.0,8.613,1,6,-1
430.0,Kitching,DEF,Coventry,projected,4.0,0.4,6,2.65,8.586,7.653,0.0,3.0,7.0,12.358,22.689,1.431,2.147,0.01,0.742,True,0.0,8.586,1,6,-1
431.0,McAteer,MID,Ipswich,projected,4.5,1.7,6,2.32,8.551,9.01,0.0,3.0,7.0,11.0,21.717,1.425,1.9,0.017,0.802,True,0.0,8.551,1,6,-1
432.0,Kevin,MID,Fulham,projected,5.5,0.1,6,1.63,8.526,6.11,2.0,4.0,7.0,11.358,20.717,1.421,1.55,0.003,0.787,False,0.0,8.526,1,6,263
433.0,van Ewijk,DEF,Coventry,projected,4.0,16.4,6,2.65,8.52,7.116,0.0,3.0,7.179,12.358,22.089,1.42,2.13,0.004,0.742,True,0.0,8.52,1,6,-1
434.0,Willock,MID,Newcastle,projected,5.0,0.1,6,1.76,8.508,7.04,1.0,4.0,7.0,11.358,21.717,1.418,1.702,0.008,0.769,False,0.0,8.508,1,6,460
435.0,Longstaff,MID,Leeds,projected,5.0,0.2,6,1.76,8.499,6.289,1.0,4.0,7.0,11.426,20.259,1.417,1.7,0.002,0.774,False,0.0,8.499,1,6,339
436.0,White,DEF,Arsenal,projected,5.5,0.3,6,1.63,8.476,8.06,0.0,2.0,6.358,12.717,23.083,1.413,1.541,0.007,0.729,False,0.0,8.476,1,6,10
437.0,Awoniyi,FWD,Nott'm Forest,projected,5.5,0.4,6,0.8,8.456,8.156,1.0,2.0,6.353,12.049,25.413,1.409,1.537,0.009,0.75,False,0.0,8.456,1,6,492
438.0,Forster,GK,Bournemouth,projected,4.0,3.1,6,3.42,8.455,5.698,1.0,4.0,8.0,11.51,18.019,1.409,2.114,0.001,0.758,True,0.0,8.455,1,6,-1
439.0,George Hemmings,MID,Aston Villa,projected,4.5,0.3,6,2.32,8.453,8.419,1.0,3.0,7.0,11.064,22.717,1.409,1.878,0.013,0.788,True,0.0,8.453,1,6,-1
440.0,Slater,MID,Hull,projected,4.5,1.9,6,2.32,8.453,8.006,0.0,3.0,7.0,11.0,21.358,1.409,1.878,0.015,0.802,True,0.0,8.453,1,6,-1
441.0,Olusesi,MID,Tottenham,projected,4.5,0.9,6,2.32,8.452,7.747,1.0,4.0,7.0,11.0,20.0,1.409,1.878,0.015,0.799,True,0.0,8.452,1,6,-1
442.0,Hato,DEF,Chelsea,projected,4.5,1.1,6,2.04,8.431,6.572,1.0,3.0,7.0,11.358,21.272,1.405,1.873,0.002,0.769,False,0.0,8.431,1,6,148
443.0,Latibeaudiere,DEF,Coventry,projected,4.0,0.1,6,2.65,8.396,7.345,0.0,3.0,7.0,12.0,22.717,1.399,2.099,0.006,0.753,True,0.0,8.396,1,6,-1
444.0,Borges Rodrigues,MID,Coventry,projected,4.5,0.2,6,2.32,8.369,8.076,0.0,3.0,6.313,11.0,23.627,1.395,1.86,0.016,0.81,True,0.0,8.369,1,6,-1
445.0,Henry,DEF,Brentford,projected,4.5,0.2,6,2.31,8.368,5.674,1.0,4.0,7.358,11.358,18.735,1.395,1.859,0.0,0.768,False,0.0,8.368,1,6,89
446.0,Lo-Tutala,GK,Hull,projected,4.0,0.2,6,3.42,8.364,6.155,0.0,4.0,7.51,11.51,20.528,1.394,2.091,0.001,0.754,True,0.0,8.364,1,6,-1
447.0,Mheuka,FWD,Chelsea,projected,4.5,0.4,6,2.28,8.359,9.428,0.95,3.0,6.0,10.0,22.724,1.393,1.858,0.023,0.837,True,0.0,8.359,1,6,-1
448.0,Bobb,MID,Fulham,projected,5.5,0.4,6,1.9,8.31,7.008,1.0,4.0,6.0,10.72,22.245,1.385,1.511,0.007,0.782,False,0.0,8.31,1,6,264
449.0,Barkley,MID,Aston Villa,projected,5.0,0.2,6,1.35,8.303,6.672,1.0,4.0,6.0,11.358,20.73,1.384,1.661,0.005,0.781,False,0.0,8.303,1,6,46
450.0,Bidwell,DEF,Coventry,projected,4.0,0.1,6,2.65,8.296,7.264,0.0,3.0,7.0,11.717,21.717,1.383,2.074,0.005,0.763,True,0.0,8.296,1,6,-1
451.0,Button,GK,Ipswich,projected,4.0,0.5,6,3.42,8.282,5.909,1.0,4.0,7.51,12.019,19.553,1.38,2.071,0.0,0.749,True,0.0,8.282,1,6,-1
452.0,Andrews,MID,Coventry,projected,4.5,0.7,6,2.32,8.239,8.27,0.0,3.0,7.0,11.0,20.717,1.373,1.831,0.016,0.815,True,0.0,8.239,1,6,-1
453.0,Oriola,MID,Brighton,projected,4.5,0.2,6,2.32,8.195,6.834,1.0,3.0,7.0,11.0,19.0,1.366,1.821,0.01,0.803,True,0.0,8.195,1,6,-1
454.0,Kudus,MID,Tottenham,projected,6.5,0.2,6,2.25,8.191,6.403,0.0,4.0,7.0,11.358,20.717,1.365,1.26,0.004,0.788,False,0.0,8.191,1,6,512
455.0,Mazraoui,DEF,Man United,projected,4.5,0.7,6,1.9,8.139,6.493,0.0,3.0,7.0,11.717,18.721,1.356,1.809,0.004,0.763,False,0.0,8.139,1,6,422
456.0,Endo,MID,Liverpool,projected,5.0,0.0,6,1.97,8.11,8.263,1.0,3.0,6.0,10.0,21.717,1.352,1.622,0.019,0.834,True,0.0,8.11,1,6,-1
457.0,D.Essugo,MID,Chelsea,projected,4.5,0.2,6,2.32,8.093,7.317,0.0,3.0,7.0,11.0,19.717,1.349,1.798,0.012,0.807,True,0.0,8.093,1,6,-1
458.0,Ndoye,MID,Nott'm Forest,projected,5.5,0.5,6,2.31,8.084,6.588,0.0,3.75,6.0,11.254,20.99,1.347,1.47,0.003,0.785,False,0.0,8.084,1,6,483
459.0,Gruev,MID,Leeds,projected,5.0,0.0,6,2.45,8.078,5.058,2.0,4.0,7.0,10.627,17.358,1.346,1.616,0.0,0.817,False,0.0,8.078,1,6,344
460.0,Diakité,DEF,Bournemouth,projected,5.0,0.2,6,2.45,8.071,6.055,0.0,4.0,7.0,11.358,18.376,1.345,1.614,0.002,0.766,False,0.0,8.071,1,6,62
461.0,Shepherd,MID,Coventry,projected,4.5,0.3,6,2.32,8.059,7.748,0.0,3.0,6.0,10.72,19.717,1.343,1.791,0.014,0.821,True,0.0,8.059,1,6,-1
462.0,Dovin,GK,Coventry,projected,4.0,2.8,6,3.42,8.021,5.707,0.0,4.0,7.0,11.51,19.019,1.337,2.005,0.0,0.767,True,0.0,8.021,1,6,-1
463.0,J.Cuenca,DEF,Fulham,projected,4.5,0.0,6,1.9,8.001,6.125,0.0,4.0,7.0,11.358,19.376,1.333,1.778,0.003,0.775,False,0.0,8.001,1,6,255
464.0,Thomas,DEF,Coventry,projected,4.0,8.9,6,2.65,7.991,6.692,0.0,3.0,6.358,11.358,20.376,1.332,1.998,0.004,0.772,True,0.0,7.991,1,6,-1
465.0,Furo,FWD,Brentford,projected,4.5,0.9,6,2.28,7.951,8.268,1.0,3.0,6.0,10.0,22.707,1.325,1.767,0.013,0.839,True,0.0,7.951,1,6,-1
466.0,Burrowes,MID,Aston Villa,projected,4.5,0.9,6,2.32,7.879,7.374,0.0,3.0,6.0,10.09,19.358,1.313,1.751,0.011,0.832,True,0.0,7.879,1,6,-1
467.0,Howell,MID,Brighton,projected,4.5,0.3,6,2.32,7.856,7.462,0.0,3.0,6.0,11.0,19.358,1.309,1.746,0.012,0.824,True,0.0,7.856,1,6,-1
468.0,Wissa,FWD,Newcastle,projected,6.0,1.3,6,0.94,7.85,7.82,0.0,2.0,5.0,11.074,23.06,1.308,1.308,0.012,0.78,False,0.0,7.85,1,6,464
469.0,Darlow,GK,Man United,projected,4.5,0.1,6,2.56,7.836,4.909,2.0,4.0,7.51,10.51,17.019,1.306,1.741,0.0,0.823,False,0.0,7.836,1,6,325
470.0,Cook,MID,Bournemouth,projected,5.0,0.1,6,1.49,7.823,5.938,1.0,4.0,7.0,10.426,18.627,1.304,1.565,0.003,0.83,False,0.0,7.823,1,6,71
471.0,Scarlett,FWD,Tottenham,projected,4.5,1.7,6,2.28,7.793,7.555,0.0,3.0,6.0,10.0,20.707,1.299,1.732,0.011,0.844,True,0.0,7.793,1,6,-1
472.0,Isak,FWD,Liverpool,projected,9.0,11.2,6,1.49,7.75,7.989,0.0,2.0,6.0,11.353,22.06,1.292,0.861,0.011,0.764,False,0.0,7.75,1,6,379
473.0,Frimpong,DEF,Liverpool,projected,5.5,3.0,6,2.04,7.75,6.965,0.0,2.0,6.358,10.985,20.352,1.292,1.409,0.001,0.791,False,0.0,7.75,1,6,357
474.0,Udogie,DEF,Tottenham,projected,4.5,0.4,6,2.31,7.719,5.494,1.0,4.0,6.358,10.358,18.075,1.286,1.715,0.0,0.818,False,0.0,7.719,1,6,506
475.0,Rudoni,MID,Coventry,projected,5.0,0.3,6,1.97,7.686,7.249,1.0,4.0,6.0,10.0,19.749,1.281,1.537,0.01,0.849,True,0.0,7.686,1,6,-1
476.0,Heaven,DEF,Man United,projected,4.5,0.4,6,1.9,7.592,6.601,0.0,2.0,6.358,11.358,19.717,1.265,1.687,0.005,0.793,False,0.0,7.592,1,6,421
477.0,Perri,GK,Leeds,projected,4.5,0.7,6,2.59,7.55,4.638,1.0,4.0,7.51,10.51,16.019,1.258,1.678,0.0,0.84,False,0.0,7.55,1,6,326
478.0,Drakes-Thomas,MID,Crystal Palace,projected,4.5,0.1,6,2.32,7.497,5.964,0.0,3.0,6.0,10.0,18.0,1.249,1.666,0.003,0.827,True,0.0,7.497,1,6,-1
479.0,Guessand,MID,Aston Villa,projected,5.5,0.0,6,1.63,7.49,6.058,1.0,3.0,6.0,10.358,18.999,1.248,1.362,0.003,0.821,False,0.0,7.49,1,6,42
480.0,Tosin,DEF,Chelsea,projected,4.5,0.1,6,1.49,7.376,6.146,1.0,3.0,6.0,10.358,18.717,1.229,1.639,0.001,0.824,False,0.0,7.376,1,6,147
481.0,Livramento,DEF,Newcastle,projected,5.0,0.1,6,1.74,7.066,5.331,1.0,3.0,6.0,10.358,18.254,1.178,1.413,0.001,0.858,False,0.0,7.066,1,6,450
482.0,Devenny,MID,Crystal Palace,projected,5.0,0.0,6,1.35,6.994,5.806,1.0,3.0,5.0,9.72,17.73,1.166,1.399,0.003,0.836,False,0.0,6.994,1,6,215
483.0,Boscagli,DEF,Brighton,projected,4.5,0.1,6,1.63,6.957,6.011,0.0,2.0,6.0,10.358,18.717,1.159,1.546,0.002,0.82,False,0.0,6.957,1,6,114
484.0,Smith,DEF,Bournemouth,projected,4.5,0.1,6,2.31,6.946,5.492,0.0,3.0,6.358,10.358,17.254,1.158,1.543,0.0,0.839,False,0.0,6.946,1,6,64
485.0,Jacob,DEF,Hull,projected,4.0,0.1,6,1.99,6.919,6.275,0.0,2.0,5.0,9.358,18.358,1.153,1.73,0.005,0.832,True,0.0,6.919,1,6,-1
486.0,Milambo,MID,Brentford,projected,5.0,0.0,6,1.97,6.907,5.931,1.0,4.0,6.0,9.0,15.358,1.151,1.381,0.006,0.895,True,0.0,6.907,1,6,-1
487.0,Ngumoha,MID,Liverpool,projected,6.0,1.7,6,1.08,6.862,7.286,0.0,2.0,4.0,9.627,20.649,1.144,1.144,0.007,0.826,False,0.0,6.862,1,6,369
488.0,Lindelöf,DEF,Aston Villa,projected,4.5,0.2,6,1.9,6.8,5.478,0.0,2.0,6.0,9.358,17.254,1.133,1.511,0.0,0.847,False,0.0,6.8,1,6,37
489.0,Yates,MID,Nott'm Forest,projected,4.5,7.3,6,0.67,6.707,4.522,2.0,4.0,5.0,8.09,15.358,1.118,1.49,0.003,0.894,False,0.0,6.707,1,6,489
490.0,Cairney,MID,Fulham,projected,5.0,0.0,6,1.22,6.673,5.101,1.0,3.0,5.0,9.0,16.999,1.112,1.335,0.0,0.87,False,0.0,6.673,1,6,266
491.0,Bergvall,MID,Tottenham,projected,5.5,0.2,6,1.9,6.653,5.663,0.0,3.0,5.0,9.358,17.358,1.109,1.21,0.002,0.85,False,0.0,6.653,1,6,520
492.0,Alcaraz,MID,Everton,projected,5.0,0.1,6,1.22,6.584,5.574,1.0,3.0,5.0,9.0,17.717,1.097,1.317,0.001,0.87,False,0.0,6.584,1,6,243
493.0,Branthwaite,DEF,Everton,projected,5.5,1.9,6,1.35,6.207,5.592,0.0,2.0,5.0,9.0,16.717,1.034,1.129,0.002,0.867,False,0.0,6.207,1,6,230
494.0,Jair Cunha,DEF,Nott'm Forest,projected,4.5,0.4,6,1.22,6.119,6.96,0.0,1.0,4.0,9.0,19.613,1.02,1.36,0.004,0.834,False,0.0,6.119,1,6,474
495.0,Röhl,MID,Everton,projected,5.0,0.1,6,1.22,6.003,5.011,1.0,3.0,5.0,8.0,15.358,1.001,1.201,0.001,0.885,False,0.0,6.003,1,6,246
496.0,Rigg,MID,Sunderland,projected,5.0,0.1,6,1.9,5.98,5.246,0.0,2.0,5.0,8.0,15.985,0.997,1.196,0.002,0.888,False,0.0,5.98,1,6,548
497.0,Bailey,MID,Aston Villa,projected,5.5,0.1,6,0.8,5.8,5.997,1.0,2.0,4.0,7.627,16.717,0.967,1.054,0.005,0.895,False,0.0,5.8,1,6,44
498.0,Lewis-Skelly,MID,Arsenal,projected,5.5,0.3,6,1.08,5.715,4.236,1.0,3.0,5.0,7.0,13.358,0.952,1.039,0.001,0.928,False,0.0,5.715,1,6,7
499.0,Bogarde,MID,Aston Villa,projected,5.0,0.1,6,1.9,5.697,3.518,1.0,3.0,5.0,7.0,11.646,0.95,1.139,0.0,0.953,False,0.0,5.697,1,6,35
500.0,Hickey,DEF,Brentford,projected,4.5,0.1,6,1.49,5.566,5.587,0.0,1.0,4.0,8.358,16.278,0.928,1.237,0.0,0.873,False,0.0,5.566,1,6,90
501.0,Diop,DEF,Ipswich,projected,4.0,19.6,6,1.49,5.537,5.035,0.0,2.0,4.0,8.0,15.254,0.923,1.384,0.0,0.897,False,0.0,5.537,1,6,259
502.0,Acheampong,DEF,Chelsea,projected,4.5,0.2,6,1.49,5.447,6.007,0.0,1.0,4.0,8.358,16.792,0.908,1.211,0.002,0.879,False,0.0,5.447,1,6,151
503.0,Gnonto,MID,Leeds,projected,5.0,0.1,6,0.94,5.32,5.063,0.0,2.0,4.0,7.0,14.358,0.887,1.064,0.002,0.92,False,0.0,5.32,1,6,341
504.0,Gittens,MID,Chelsea,projected,6.0,0.1,6,1.08,5.18,5.395,0.0,1.0,3.0,7.627,16.259,0.863,0.863,0.002,0.896,False,0.0,5.18,1,6,158
505.0,Bakwa,MID,Nott'm Forest,projected,5.5,0.0,6,1.22,5.137,5.449,0.0,1.0,3.0,7.627,15.376,0.856,0.934,0.002,0.901,False,0.0,5.137,1,6,485
506.0,Armstrong,MID,Everton,projected,5.0,0.1,6,1.22,5.079,5.685,0.0,1.0,3.0,7.0,17.376,0.846,1.016,0.001,0.89,False,0.0,5.079,1,6,244
507.0,Mamardashvili,GK,Liverpool,projected,5.0,0.2,6,1.76,5.053,4.274,0.0,2.0,4.0,7.51,14.019,0.842,1.011,0.0,0.918,False,0.0,5.053,1,6,351
508.0,Chadi Riad,DEF,Crystal Palace,projected,4.5,0.1,6,1.22,4.856,5.105,0.0,1.0,3.0,7.358,14.717,0.809,1.079,0.001,0.916,False,0.0,4.856,1,6,206
509.0,B.Badiashile,DEF,Chelsea,projected,4.5,0.0,6,1.22,4.835,5.404,0.0,0.0,3.0,7.358,14.914,0.806,1.074,0.0,0.902,False,0.0,4.835,1,6,146
510.0,Carvalho,MID,Brentford,projected,5.0,0.0,6,0.66,4.807,6.748,0.0,1.0,2.0,6.0,16.717,0.801,0.961,0.01,0.9,True,0.0,4.807,1,6,-1
511.0,Adingra,MID,Sunderland,projected,5.0,0.3,6,1.63,4.787,4.397,0.0,2.0,4.0,7.0,12.627,0.798,0.957,0.001,0.935,False,0.0,4.787,1,6,546
512.0,O'Nien,DEF,Sunderland,projected,4.0,2.3,6,1.08,4.775,4.384,0.0,2.0,3.0,7.358,13.717,0.796,1.194,0.0,0.925,False,0.0,4.775,1,6,539
513.0,M.Bizot,GK,Aston Villa,projected,4.5,0.1,6,1.22,4.16,3.774,0.0,1.0,3.0,6.51,12.019,0.693,0.924,0.0,0.946,False,0.0,4.16,1,6,29
514.0,Bayindir,GK,Man United,projected,4.5,0.2,6,1.22,3.999,4.348,0.0,1.0,2.0,6.51,13.019,0.667,0.889,0.0,0.923,False,0.0,3.999,1,6,413
515.0,Kinsky,GK,Tottenham,projected,4.5,19.0,6,1.35,3.775,3.819,0.0,1.0,2.0,6.51,11.51,0.629,0.839,0.0,0.953,False,0.0,3.775,1,6,496
516.0,L.Miley,MID,Newcastle,projected,5.5,0.0,6,0.06,3.084,2.525,1.0,2.0,2.0,4.0,8.627,0.514,0.561,0.0,0.99,False,0.0,3.084,1,6,459
517.0,Christie,MID,Bournemouth,projected,5.0,0.0,6,0.06,2.998,3.02,0.0,1.0,2.0,3.0,9.358,0.5,0.6,0.0,0.981,False,0.0,2.998,1,6,75
518.0,Xavi,MID,Tottenham,projected,6.0,0.0,6,0.06,2.537,2.666,0.0,1.0,2.0,3.0,8.358,0.423,0.423,0.0,0.989,False,0.0,2.537,1,6,513
519.0,Ugarte,MID,Man United,projected,5.0,0.0,6,0.06,2.455,2.349,0.0,1.0,2.0,3.0,8.358,0.409,0.491,0.0,0.993,False,0.0,2.455,1,6,433
520.0,J.Timber,DEF,Arsenal,projected,6.5,0.5,6,0.06,2.213,2.851,0.0,1.0,1.0,2.0,8.896,0.369,0.34,0.0,0.982,False,0.0,2.213,1,6,5
521.0,Abraham,FWD,Aston Villa,projected,5.5,0.0,6,0.06,2.211,3.297,0.0,0.0,1.0,2.0,8.353,0.368,0.402,0.0,0.977,True,0.0,2.211,1,6,-1
522.0,Mitoma,MID,Brighton,projected,6.0,0.2,6,0.06,2.103,2.551,0.0,1.0,1.0,2.0,8.358,0.351,0.351,0.0,0.989,False,0.0,2.103,1,6,121
523.0,Danns,FWD,Liverpool,projected,4.5,0.1,6,0.06,2.067,3.032,0.0,0.0,1.0,2.0,7.663,0.344,0.459,0.0,0.975,True,0.0,2.067,1,6,-1
524.0,Odobert,MID,Tottenham,projected,5.5,0.0,6,0.06,2.038,2.62,0.0,1.0,1.0,2.0,7.358,0.34,0.371,0.0,0.985,False,0.0,2.038,1,6,517
525.0,Ferguson,FWD,Brighton,projected,5.0,0.0,6,0.06,1.905,3.26,0.0,0.0,1.0,2.0,7.353,0.318,0.381,0.001,0.98,True,0.0,1.905,1,6,-1
526.0,Bassette,FWD,Coventry,projected,4.5,0.5,6,0.06,1.804,2.634,0.0,0.0,1.0,2.0,7.353,0.301,0.401,0.0,0.984,True,0.0,1.804,1,6,-1
527.0,Rodrigo,MID,Man City,projected,6.5,0.1,6,0.06,1.785,2.606,0.0,0.0,1.0,2.0,7.358,0.297,0.275,0.0,0.991,False,0.0,1.785,1,6,402
528.0,Burstow,FWD,Hull,projected,4.5,0.7,6,0.06,1.717,2.765,0.0,0.0,1.0,2.0,6.353,0.286,0.382,0.0,0.988,True,0.0,1.717,1,6,-1
529.0,Bajcetic,MID,Liverpool,projected,5.0,0.0,6,0.06,1.702,2.571,0.0,0.0,1.0,2.0,7.358,0.284,0.34,0.0,0.989,True,0.0,1.702,1,6,-1
530.0,Uche,FWD,Crystal Palace,projected,5.0,0.0,6,0.06,1.698,2.435,0.0,0.0,1.0,2.0,7.353,0.283,0.34,0.0,0.988,True,0.0,1.698,1,6,-1
531.0,Saliba,DEF,Arsenal,projected,6.0,0.5,6,0.06,1.679,1.865,0.0,1.0,1.0,2.0,5.0,0.28,0.28,0.0,0.998,False,0.0,1.679,1,6,6
532.0,Mateo Joseph,FWD,Leeds,projected,4.5,0.3,6,0.06,1.665,2.468,0.0,0.0,1.0,2.0,7.353,0.278,0.37,0.0,0.987,True,0.0,1.665,1,6,-1
533.0,Kulusevski,MID,Tottenham,projected,6.5,0.0,6,0.06,1.642,2.541,0.0,0.0,1.0,2.0,7.358,0.274,0.253,0.0,0.988,True,0.0,1.642,1,6,-1
534.0,Ekitiké,FWD,Liverpool,projected,7.5,0.2,6,0.06,1.576,2.973,0.0,0.0,1.0,1.0,7.353,0.263,0.21,0.0,0.978,False,0.0,1.576,1,6,380
535.0,Matusiwa,MID,Ipswich,projected,5.0,0.0,6,0.06,1.537,2.16,0.0,0.0,1.0,2.0,5.0,0.256,0.307,0.0,0.99,True,0.0,1.537,1,6,-1
536.0,Taylor,MID,Ipswich,projected,4.5,0.3,6,0.06,1.506,1.903,0.0,0.0,1.0,2.0,5.0,0.251,0.335,0.0,0.995,True,0.0,1.506,1,6,-1
537.0,Savona,DEF,Nott'm Forest,projected,4.5,0.0,6,0.06,1.5,2.115,0.0,0.0,1.0,2.0,5.646,0.25,0.333,0.0,0.995,False,0.0,1.5,1,6,475
538.0,Gyabi,MID,Hull,projected,4.5,0.2,6,0.06,1.483,2.073,0.0,0.0,1.0,2.0,4.0,0.247,0.33,0.0,0.996,True,0.0,1.483,1,6,-1
539.0,Matazo,MID,Hull,projected,4.5,0.0,6,0.06,1.458,2.025,0.0,0.0,1.0,2.0,4.0,0.243,0.324,0.0,0.992,True,0.0,1.458,1,6,-1
540.0,Watson,MID,Brighton,projected,5.0,0.0,6,0.06,1.44,2.065,0.0,0.0,1.0,2.0,4.0,0.24,0.288,0.0,0.991,True,0.0,1.44,1,6,-1
541.0,Zambrano,MID,Hull,projected,4.5,0.5,6,0.06,1.422,1.936,0.0,0.0,1.0,2.0,4.0,0.237,0.316,0.0,0.995,True,0.0,1.422,1,6,-1
542.0,Harrison,MID,Leeds,projected,5.0,0.0,6,0.06,1.399,1.837,0.0,0.0,1.0,2.0,4.0,0.233,0.28,0.0,0.995,True,0.0,1.399,1,6,-1
543.0,Henderson,MID,Chelsea,projected,5.0,0.0,6,0.06,1.368,2.017,0.0,0.0,1.0,2.0,4.0,0.228,0.274,0.0,0.994,False,0.0,1.368,1,6,101
544.0,De Ligt,DEF,Man United,projected,5.0,0.0,6,0.06,1.365,2.125,0.0,0.0,1.0,2.0,5.0,0.227,0.273,0.0,0.993,False,0.0,1.365,1,6,416
545.0,Leoni,DEF,Liverpool,projected,4.0,0.1,6,0.06,1.302,1.759,0.0,0.0,1.0,2.0,4.0,0.217,0.325,0.0,0.998,True,0.0,1.302,1,6,-1
546.0,Milosavljević,DEF,Bournemouth,projected,5.0,0.1,6,0.06,1.216,1.769,0.0,0.0,1.0,2.0,3.0,0.203,0.243,0.0,0.996,True,0.0,1.216,1,6,-1
547.0,Andersen,DEF,Fulham,projected,5.0,0.1,6,0.06,1.065,1.596,0.0,0.0,1.0,1.0,3.0,0.177,0.213,0.0,1.0,False,0.0,1.065,1,6,253
548.0,Fofana,DEF,Chelsea,projected,5.0,0.0,6,0.06,1.026,1.67,0.0,0.0,1.0,1.0,3.05,0.171,0.205,0.0,0.999,False,0.0,1.026,1,6,145
549.0,Jaros,GK,Liverpool,projected,4.0,0.0,6,0.06,0.846,1.16,0.0,0.0,1.0,1.0,2.0,0.141,0.211,0.0,1.0,True,0.0,0.846,1,6,-1
550.0,Cartwright,GK,Hull,projected,4.0,0.1,6,0.06,0.744,1.11,0.0,0.0,1.0,1.0,2.0,0.124,0.186,0.0,0.999,True,0.0,0.744,1,6,-1
551.0,Onana,MID,Aston Villa,projected,5.0,0.0,6,0.06,0.541,1.431,0.0,0.0,0.0,1.0,2.0,0.09,0.108,0.0,0.998,False,0.0,0.541,1,6,48
552.0,Kroupi.Jr,MID,Bournemouth,projected,7.5,5.0,6,0.06,0.364,1.865,0.0,0.0,0.0,0.0,2.0,0.061,0.048,0.0,0.991,False,0.0,0.364,1,6,78
553.0,Garner,MID,Everton,projected,6.0,0.7,6,0.06,0.233,1.122,0.0,0.0,0.0,0.0,0.0,0.039,0.039,0.0,1.0,False,0.0,0.233,1,6,239
554.0,Baleba,MID,Brighton,projected,5.0,0.6,6,0.06,0.21,1.104,0.0,0.0,0.0,0.0,2.0,0.035,0.042,0.0,0.999,False,0.0,0.21,1,6,131
555.0,Bradley,DEF,Liverpool,projected,5.0,0.0,6,0.06,0.189,1.021,0.0,0.0,0.0,0.0,1.0,0.031,0.038,0.0,1.0,False,0.0,0.189,1,6,360
